SMILES,Dock,QED,SA
O=C(CN1CCCc2ccccc21)Nc1ccccc1C(=O)Nc1ccccc1,-10.2,0.6872,5.4758
Cc1cccc(N2CCN(C(=O)C3=NCC4=C3COc3ccccc34)CC2C)c1,-10.1,0.7940,3.8205
O=C1N=C(N2CCN(c3cccc4ccccc34)CC2)SC1=CC1=CC=CCC1O,-10.1,0.7551,4.5655
Cc1cccc(N2CCN(C(=O)c3noc4c3COc3ccccc3-4)CC2C)c1,-9.8,0.6655,4.5396
O=C1C2C3C=CC(CC3)C2C(=O)N1N=Ic1c(O)ccc2ccccc12,-9.8,0.4190,5.0421
Cc1cccc(N2CCN(C(C)c3noc4c3SOc3ccccc3-4)CC2C)c1,-9.7,0.5474,5.7135
CC1=CCCC(N2CCN(C(=O)c3noc4c3COc3ccccc3-4)CC2C)=C1,-9.7,0.7743,4.3182
Cc1cccc(N2CCN(C(=O)c3noc4c3SOc3ccccc3-4)CC2C)c1,-9.6,0.5871,5.0695
O=C(c1ccc(-c2ccccc2)cc1)C1CCCN(C(=O)CSc2ncccn2)N1,-9.6,0.3744,5.8454
Cc1ccc(NC(=O)CC2C(=O)[SH](C)C(=S)N2NC(=O)c2ccc(Cl)cc2)c(C)c1,-9.5,0.4646,5.3629
O=C(NCc1cccc(NC(=O)C2CCC2)c1)Nc1ccc(Cl)cc1F,-9.5,0.7176,4.8304
Cc1cccc(N2CCN(C(=O)c3noc4c3COc3ccccc3-4)CC2N)c1,-9.5,0.7243,4.3788
O=C1C2C3C=CC(CC3)C2C(=O)N1N=Cc1c(O)ccc2ccccc12,-9.5,0.5160,4.0345
O=C(CN1CCCc2ccccc21)NC1=CC=CC=S1C(=O)Nc1ccccc1,-9.4,0.7470,5.0386
Cc1c(C(=O)NNC(=O)c2ccc3c(c2)OCO3)oc2c1=CC(F)CC=2,-9.4,0.7715,4.5167
Cc1ccc(O)c([N-]S(=O)(=O)C2C([N+](=O)[O-])=CC=CC2C)c1,-9.4,0.6761,3.095
O=C1N=C(N2CCN(c3cccc4ccccc34)CC2)SC1=CC1=CC=CC=S1O,-9.4,0.5571,5.1035
CC1=[SH]C=CC(N2CCN(C(=O)c3noc4c3COc3ccccc3-4)CC2C)=C1,-9.4,0.6082,4.404
Cc1c(C(=O)NNC(=O)C2C=C3OCOC3=CC2)oc2ccc(F)cc12,-9.4,0.8051,3.6472
O=C1N=C(N2CCN(c3cccc4ccccc34)CC2)SC1=Cc1ccccc1O,-9.4,0.6313,5.1882
Cc1c(C(=O)NNC(=O)c2ccc3c(c2)OCO3)oc2ccc(F)cc12,-9.4,0.6893,4.0068
C=C(Nc1cc(-c2nc(C)co2)ccc1C)C(=O)NCC(C)(C)c1ccncc1,-9.3,0.5856,6.1281
Cc1c(C(=O)NNC(=O)c2ccc3c(c2)OCO3)oc2c1=CC(Br)CC=2,-9.3,0.5628,4.6085
Nc1cc(Cl)ccc1NC(=O)NCc1cccc(NC(=O)C2CCC2)c1,-9.3,0.5974,4.9897
O=C(Nc1ccccc1C(F)(F)F)c1cccc(OC2CN=CC=N2)c1,-9.3,0.8999,4.1322
O=C(Nc1ccccc1C(F)(F)F)c1cccc(Oc2cnccn2)c1,-9.3,0.7428,4.7943
Cc1ccc(N)c(NC(=O)NCC2(O)CCCc3ccccc32)c1,-9.3,0.6544,3.57
Cc1coc(-c2ccc(C)c(NC(=O)C(=O)NPC(C)(C)c3ccncc3)c2)n1,-9.3,0.4906,5.3848
Cc1ccc(NC(=O)CC2C(=O)N(Br)C(=S)N2NC(=O)c2ccc(Cl)cc2)c(C)c1,-9.2,0.4740,5.3681
Cc1ccc(NC(=O)CC2C(O)N(C)C(=S)N2NC(=O)c2ccc(Cl)cc2)c(C)c1,-9.2,0.6123,4.7287
O=C(c1ccc(-c2ccccc2)cc1)C1CCCN(C(=O)CSc2ncccn2)C1,-9.2,0.3388,5.8246
Cc1ccc(NC(=O)CC2C(=O)N(C)C(=S)N2NC(=O)C2=CC=C(Cl)CC2)c(C)c1,-9.2,0.6795,4.3707
O=C(c1ccc(-c2ccccc2)cp1)C1CCCN(C(=O)CSc2ncccn2)C1,-9.2,0.3119,6.1917
CCCNC(=O)C[NH+]1CCCC(c2c(-c3cc(C)no3)cnc3cc(C)nn23)C1,-9.2,0.6542,5.7213
CC(=NNC(=O)COc1ccccc1C#N)c1ccc2c(c1)CCCC2,-9.2,0.6656,4.1795
Cc1ccc(NC(=O)CNc2ccc(C(=O)N3CC(C)SC(C)C3)cc2)c(Br)c1,-9.2,0.6527,5.5647
N=C(c1ccc(-c2ccccc2)cc1)C1CCCN(C(=O)CSc2ncccn2)C1,-9.1,0.3638,6.1123
Cc1cccc(N2CCN(C(c3nnnn3Cc3ccccc3)C(C)C)CC2)c1C,-9.1,0.6244,5.5016
O=C(c1ccc(-c2ccccc2)cc1)C1CCCN(C(=O)CSC2=[SH]C=CC=N2)C1,-9.1,0.4214,5.5709
O=C1CCC2(CCCN(C(=O)S3=CC=CC=C3)C2)CN1CCc1c[nH]c[nH+]1,-9.1,0.8090,2.9124
CC(=O)c1ccc(OC2N=C(C[NH+]3CCCC3)N=C3SC(C)=C(C)C32)cc1,-9.1,0.7945,4.0713
CC1CN(C(=O)c2noc3c2COc2ccccc2-3)CCN1c1cccc(S)c1,-9.1,0.6537,5.0061
C=C(c1noc2c1SOc1ccccc1-2)N1CCN(c2cccc(C)c2)C(C)P1,-9.1,0.3928,6.1402
O=C1N=C(N2CCN(c3ccnc4ccccc34)CC2)SC1=Cc1ccccc1O,-9.1,0.6422,5.0816
CC1CN(C(=O)c2noc3c2COc2cc#ccc2-3)CCN1c1cccc(S)c1,-9.1,0.6619,4.7962
O=C1C2C3C=CC(CC3)C2C(=O)N1N=Cc1c(O)cnc2ccccc12,-9.1,0.5139,3.9511
NC(=O)c1cccc(OCCC(=O)NCc2cc(=O)[nH]c3ccccc23)c1,-9.1,0.5912,5.5708
Cc1ccc(NC(=O)CC2C(=O)N(C)C(=S)N2NC(=O)c2ccc(Cl)cc2)c(C)c1,-9.1,0.6925,4.718
Cc1ccc(-c2nc(Cl)co2)cc1NC(=O)C(=O)NCC(C)(C)c1ccncc1,-9.0,0.6221,5.2941
Cc1ccc(C)c(NC(=O)NCC2(O)CCCc3ccccc32)c1,-9.0,0.8069,3.4966
CC1=CCC(NC(=O)CC2C(O)N(C)C(=S)N2NC(=O)c2ccc(Cl)cc2)C(C)=C1,-9.0,0.5996,4.331
Cc1cccc(N2CCN(C(c3nnnn3Cc3ccccc3)C(C)C)PC2)c1C,-9.0,0.5510,5.8451
Cc1ccc(NC(=O)CC2C(=O)N(C)C(=S)N2NC(=O)c2ccc(Cl)pc2)c(C)c1,-9.0,0.6630,5.0835
O=C1CCC2(CCCN(C(O)c3ccccc3)C2)CN1CCc1c[nH]c[nH+]1,-9.0,0.8435,4.1949
CC(=O)c1ccc(Oc2nc(C[NH+]3CCCN3)nc3sc(C)c(C)c23)cc1,-9.0,0.6631,4.9156
CC(=O)c1ccc(Oc2nc(C[NH+]3CCCC3)nc3sc(C)c(C)c23)cc1,-9.0,0.6866,4.9748
CN(Cc1nc2c(s1)=CCCC=2)S(=O)(=O)c1ccc2c(c1)OCNCO2,-8.9,0.8192,5.2908
CCOC(=O)Nc1cccc(NC(=O)NC(C)c2ccc(C)c(F)c2)c1C,-8.9,0.6978,4.914
CN(Cc1nc2ccccc2s1)S(=O)(=O)C1=CCC2OCCCOC2=C1,-8.9,0.8000,4.1744
CCNC(=O)Nc1cccc(NC(=O)NC(C)c2ccc(C)c(F)c2)c1C,-8.9,0.6246,4.6955
Cc1c(C(=O)NNC(=O)c2ccc3c(c2)OCO3)sc2c1=CC(F)CC=2,-8.9,0.7739,4.3628
CCc1c(C(=O)N2CCN(Cc3cc(=O)n4ccsc4n3)CC2)cnn1-c1ccc(F)cc1,-8.9,0.4521,5.892
NC(O)c1cccc(OCCC(=O)NCc2cc(=O)[nH]c3ccccc23)c1,-8.8,0.4729,5.9055
CC1CC(C)CN(C(=O)C(Cc2ccccc2)NC(=O)c2ccco2)C1,-8.8,0.8972,3.7563
CC(=O)c1ccc(OC2N=C(C[NH+]3CCCN3)N=C3SC(C)=C(C)C32)cc1,-8.8,0.7595,4.6502
C=C(c1noc2c1SOc1ccccc1-2)N1CCN(c2cccc(C)c2)C(C)C1,-8.8,0.5559,5.7887
CCc1cccc(NC(=O)CN2C(=O)NC(C)(c3ccc4c(c3)CCC4)C2=O)c1,-8.8,0.7688,4.5312
CN(Cc1nc2ccccc2s1)S(=O)(=O)c1ccc2c(c1)OCCCO2,-8.8,0.6838,4.6527
CC1(c2ccc3c(c2)CCC3)NC(=O)N(CC(=O)Nc2cccc(CI)c2)C1=O,-8.8,0.3727,5.2611
CC(=O)c1ccc(OC2N=C(C[NH+]3CCCN3)N=C3SC(C)C(C)C32)cc1,-8.8,0.7532,4.6949
Cc1ccc(O)c([N-]S(=O)(=O)c2c(C)cccc2[N+](=O)[O-])c1,-8.8,0.6855,3.6981
CCc1ccc(NC(=O)COC(=O)C2CC(=O)N(C3=CC=C(C)[SH]=C3)C2)cc1,-8.8,0.4373,4.3433
CN(Cc1nc2c(s1)=CCCC=2)S(=O)(=O)c1ccc2c(c1)OCCCO2,-8.7,0.7884,4.4726
Cc1ccc(NC(=O)CNc2ccc(C(=O)N3CC(C)OC(C)C3)cc2)c(Br)c1,-8.7,0.7065,5.1261
O=C1CCC(COC(c2ccccc2)(c2ccccc2)c2ccccc2)N1,-8.7,0.6691,5.1241
O=C(CN1CCCC2CC=CC=C21)Nc1ccccc1C(=O)Nc1ccccc1,-8.7,0.7977,5.254
CCC1(CC)NC(=O)N(CC(=O)NC2CC3CCCC4CC=CC2=C43)C1=O,-8.7,0.7295,3.4699
O=C(c1ccc(S2=CC=CC=C2)cc1)C1CCCN(C(=O)CSc2ncccn2)C1,-8.7,0.2933,5.6355
Cc1cc(N)ccc1NC(=O)CC1C(=O)N(C)C(=S)N1NC(=O)c1ccc(Cl)cc1,-8.7,0.4813,4.9638
CCOC(=O)Nc1cc#cc(NC(=O)NC(C)c2ccc(C)c(F)c2)c1C,-8.7,0.7242,4.7041
CC(CNC(=O)C1CCCN1C(=O)c1ccco1)N1CCc2ccccc21,-8.7,0.8816,4.0329
C=S(=O)(C1=CCC2OCCCOC2=C1)N(C)Cc1nc2ccccc2s1,-8.6,0.7516,4.1446
Cc1ccc(-c2nc(P)co2)cc1NC(=O)C(=O)NCC(C)(C)c1ccncc1,-8.6,0.4978,4.7053
CCc1c(C(O)[SH]2CCN(CC3=CC(=O)N4C=CSC4C3)CC2)cnn1-c1ccc(F)cc1,-8.6,0.6090,6.2021
CCCNC(=O)C[NH+]1CCCC(C2=C(c3cc(C)no3)CNc3cc(C)nn32)C1,-8.6,0.6770,5.7771
CC(C)(C)c1ncc(C=CC(=O)NC2=CCC3NC(=O)CCC3=C2)s1,-8.6,0.8169,3.3476
CCC1(CC)NC(=O)N(CC(=O)NC2CC3CCCC4CCCC2=C43)C1=O,-8.6,0.5745,3.4967
CC(=O)c1ccc(O[PH]2=c3c(C)c(C)sc3=NC(C[NH+]3CCCC3)=N2)cc1,-8.6,0.6176,4.3884
CC(=O)c1ccc(OC2I=C(C[NH+]3CCCN3)N=C3SC(C)C(C)C32)cc1,-8.6,0.3704,4.7083
CC(=O)c1ccc(OC2N=C(C[NH+]3CCCO3)N=C3SC(C)=C(C)C32)cc1,-8.6,0.7889,4.2416
CN(Cc1nc2c(s1)=CCCC=2)S(=O)(=O)C1C=C2OCNCOC2=CC1,-8.6,0.7925,5.105
Cc1coc(-c2ccc(S)c(NC(=O)C(=O)NCC(C)(C)c3ccncc3)c2)n1,-8.6,0.4426,5.4999
CCCNC(=O)C[NH+]1CCCC(C2=C(c3cc(C)no3)C=NC3=IC(C)=NN32)C1,-8.6,0.5645,5.8536
CC(=NNC(=O)c1sc(-c2ccc(Cl)cc2)cc1N)c1ccco1,-8.5,0.5349,5.2304
CN(Cc1nc2c(s1)=PCCC=2)S(=O)(=O)c1ccc2c(c1)OCCCO2,-8.5,0.7248,4.0261
O=C(CSc1nc(-c2ccc(Cl)cc2)cs1)Nc1cccc2nsnc12,-8.5,0.4510,6.8678
O=C1CCC(COC(C2=CC=CCC2)(c2ccccc2)c2ccccc2)N1,-8.5,0.8245,4.9649
C=S(=O)(C1=CCC2OCCCOC2=C1)N(C)Cc1nc2c(s1)=IC=CC=2,-8.5,0.4678,4.1729
CCC(NC(=O)N1CCN(c2ccccc2)CN1)c1c(C)nn(C)c1C,-8.5,0.8833,3.6651
CC1CN(C(=O)c2ccc(NCC(=O)Nc3ccc(F)cc3Br)cc2)CC(C)O1,-8.5,0.7049,5.0396
CCc1c(C(O)N2CCN(CC3=CC(=O)N4C=CSC4C3)CC2)cnn1-c1ccc(F)cc1,-8.5,0.7021,5.7155
CC1CN(C(=O)c2ccc(NCC(=O)Nc3ccc(O)cc3Br)cc2)CC(C)O1,-8.5,0.5926,5.2605
O=C(c1ccc(S2=CC=CC=C2)cc1)C1COCN(C(=O)CSc2ncccn2)C1,-8.4,0.2973,5.4284
CC1=CC=C(O)C([N-]S(=O)(=O)c2c(C)cccc2[N+](=O)[O-])C1,-8.4,0.6755,3.2012
O=C(Nc1nc2c(s1)CN([SH](=O)(O)CCN1C(=O)CCCC1=O)CC2)C1CC1,-8.4,0.4553,5.7312
CC(=NNC(=O)COc1ccccc1C#N)C1=CCC2CCCCC2=C1,-8.4,0.6474,4.1542
Cc1ccc(S(=O)(=O)CCC(=O)Nc2nnc(C3CNCO3)o2)cc1,-8.4,0.7693,5.6825
CCc1c(C(O)N2CCN(CC3CC(=O)N4C=CSC4=N3)CC2)cnn1-c1ccc(F)cc1,-8.4,0.6986,5.7721
CCc1ccc(NC(=O)COC(O)C2CC(=O)N(c3ccc(C)cc3)C2)cc1,-8.4,0.7220,4.7498
COC1=CCC(C=C(C#N)C(=O)NCC(C)N2CCc3ccccc32)CC1,-8.4,0.6203,4.1899
CC(CNC(=O)C1CCCN1C(=O)c1ccco1)N1CCC2=CCCC=C21,-8.4,0.8667,3.8229
O=C(c1ccccc1)N1CCCC2(CCC(O)N(CCC3=CNC=[CH+]3)C2)C1,-8.4,0.8037,3.6536
O=C(NC1NC2=C(CN(S(=O)(=O)CCN3C(=O)CCCC3=O)CC2)S1)C1CC1,-8.4,0.5686,5.8509
Cc1ccc(N)c(NC(=P)NCC2(O)CCCc3ccccc32)c1,-8.4,0.4984,4.1051
COc1ccc(C(C)NC(=O)C(=O)Nc2ccc(F)c(F)c2)cc1F,-8.4,0.8317,3.3228
O=C1CCC(COC(c2ccccc2)(c2ccccc2)c2cccnc2)N1,-8.4,0.7314,5.0157
O=C(Nc1nc2c(s1)CN(S(O)(O)CCN1C(=O)CCCC1O)CC2)N1CC1,-8.4,0.5179,5.5976
CCC1(CC)NC(=O)N(CC(=O)NC2CC3CNCc4cccc2c43)C1=O,-8.4,0.6861,4.5298
CCOC(=O)NC1=CC=CC(NC(=O)NC(C)c2ccc(C)c(F)c2)C1C,-8.3,0.7342,4.0266
COC1C=CC(C=C(C#N)C(=O)NCC(C)N2CCc3ccccc32)=CC1,-8.3,0.6234,4.0108
CCc1c(C(=O)N2CCN(Cc3cc(=O)n4ccsc4n3)CC2)pnn1-c1ccc(F)cc1,-8.3,0.4351,6.254
O=C(c1ccccc1)N1CCCC2(CCC(O)N(CCc3c[nH]c[nH+]3)C2)C1,-8.3,0.8616,3.9243
Cc1cc([N+]([O-])=P)cc(S(=O)(=O)N(C)c2ccc(N(C)C)cc2)c1C,-8.3,0.5873,3.9255
O=C1CCC(COC(C2=CCCC=C2)(c2ccccc2)c2cccnc2)N1,-8.3,0.8500,4.8529
CCCNC(=O)C[NH+]1CCCC(C2=C(c3cc(C)no3)CPc3cc(C)nn32)C1,-8.3,0.6891,5.4684
O=C(Nc1nc2c(s1)CN(S(=O)(=O)CCN1C(=O)CCCC1=O)CC2)C1CC1,-8.3,0.6701,5.5586
COC1=CC=C(C(C)NC(=O)C(=O)Nc2ccc(F)c(F)c2)CC1F,-8.3,0.8171,2.8543
O=C(Nc1nc2c(s1)CN(S(O)(O)CCN1C(=O)CCCC1=O)CC2)C1CC1,-8.3,0.5927,5.442
COC1=CCC(C=C(C#N)C(=O)NCC(C)N2CCc3ccccc32)C=C1,-8.3,0.6230,4.1588
CCC1(CC)NC(=O)N(CC(=O)NC2CC3CCCc4cccc2c43)C1=O,-8.3,0.7836,3.8149
O=C(c1cnn(-c2ccc(F)cc2)c1CP)N1CCN(Cc2cc(=O)n3ccsc3n2)CC1,-8.3,0.4070,5.9564
CC(C)(C)c1ncc(C=CC(=O)NC2=IC=C3NC(=O)CCC3=C2)s1,-8.2,0.5271,4.1444
CCC(NC(=O)NNC(=O)COc1ccc(C#N)cc1)c1cccc(Cl)c1,-8.2,0.6635,4.6571
Cc1ccc(S(=O)(=O)CCC(=O)Nc2nnc(C3CCCO3)o2)cc1,-8.2,0.8334,4.6985
CC(C)(C)c1ncc(C=CC(=O)NC2=CC=C3NC(=O)CCC3C2)s1,-8.2,0.8158,3.4502
CC(=O)c1ccc(OC2N=C(C[SH+]3CCCN3)N=C3SC(C)C(C)C32)cc1,-8.2,0.4646,4.4035
CC(=O)N1CCCC(C(=O)N2CCC(OCc3ccccc3)CC2)C1,-8.2,0.8430,2.4959
Cc1noc(C2CCCN2S(=O)(=O)c2ccc3c(c2)OCCO3)n1,-8.2,0.8299,3.9694
Cc1noc(C2OCCN2S(=O)(=O)c2ccc3c(c2)OCCO3)n1,-8.2,0.8005,4.5395
CC(C)(C)c1ncc(C=CC(=O)Nc2ccc3c(c2)CCC(=O)N3)s1,-8.2,0.8183,4.1001
CCC(NC(=O)N1CCN(C2C=CC=CC2)CC1)c1c(C)nn(C)c1C,-8.2,0.9014,3.0375
COc1ccc(C(C)NC(=O)C(=O)NC2=CC=C(F)C(F)C2)cc1F,-8.2,0.8171,2.8545
CCC1(CC)SC(=O)N(CC(=O)NC2CC3CCCc4cccc2c43)C1=O,-8.1,0.8328,4.4244
COc1ccc(C=C(C#N)S(=O)NCC(C)N2CCc3ccccc32)cc1,-8.1,0.7479,4.8086
CC(C)(F)c1ncc(C=CC(=O)NC2=IC=C3NC(=O)CCC3=C2)s1,-8.1,0.5213,4.3982
N#Cc1ccccc1NC(=O)COC(=O)C1CCCN1C(=O)c1cccs1,-8.1,0.7995,4.4008
CC1CC(C)CN(C(=O)C(Cc2ccccc2)NC(=O)C2=IC=CO2)C1,-8.1,0.6769,3.9519
CC(C)(C)c1ncc(C=CC(=O)NC2=ICC3NC(=O)CCC3=C2)s1,-8.1,0.4049,3.807
Cc1cc([N+](=O)[O-])cc(S(=O)(=O)N(C)c2ccc(N(C)C)cc2)c1C,-8.1,0.6019,3.7656
O=C(Nc1ccc2c(c1)OC1(CCCC1)O2)c1cccs1,-8.1,0.9103,3.6653
Cc1ccc(O)c([N-]S(=O)(=O)c2c(C)cccc2[N+]([O-])=P)c1,-8.1,0.6765,3.858
CC1=C(S(=O)(=O)N(C)c2ccc(N(C)C)cc2)C=C([N+](=O)[O-])CC1C,-8.1,0.5915,3.4032
Cc1ccn(C)c(=O)c1NC(=O)C(=O)NCC(C)Oc1ccccc1F,-8.1,0.7871,4.446
Brc1ccccc1-c1cnn(-c2ccccn2)c1,-8.1,0.7223,3.2278
CC(C)(C)c1ncc(C#CC(=O)Nc2ccc3c(c2)CCC(=O)N3)s1,-8.1,0.7728,3.1592
N#CC1=CCCC=C1NC(=O)COC(=O)C1CCCN1C(=O)c1cccs1,-8.1,0.7830,4.2389
Cc1csc(=O)n1CC(=O)N1CCC2SC=CC2C1c1ccccc1,-8.1,0.8289,3.9101
CC(C)(C)c1ncc(C=IC(=O)Nc2ccc3c(c2)CCC(=O)N3)s1,-8.1,0.3898,5.0026
CC(C)CC1Nc2ccc(C(=O)NCC[NH+]3CCCCCC3)cc2NC1=O,-8.1,0.6126,4.4239
CCC(NC(=O)N1CCN(c2ccccc2)CC1)c1c(C)nn(C)c1C,-8.1,0.9172,3.5374
CC(NC(=O)c1ccoc1)C(=O)NC(C)c1noc(Cc2ccccc2)n1,-8.1,0.6617,5.4043
COc1ccc(C=C([PH]#N)C(=O)NCC(C)P2CCc3ccccc32)cc1,-8.1,0.5897,4.8397
Cc1ccc(CN2CCNC(O)C2CC(=O)N(C)Cc2ccsc2)o1,-8.1,0.8190,4.7055
Cc1cc([N+](=O)[O-])cc(S(=O)(=O)N(C)C2=CC=C(N(C)C)CC2)c1C,-8.0,0.5916,3.3844
Cc1ccn(C)c(=O)c1NC(=O)C(=O)NCC(C)OC1=CC=CCC1F,-8.0,0.7728,4.1548
Cc1cc(NC(=O)CC2Sc3ccc(Cl)cc3NC2=O)[nH]n1,-8.0,0.8040,3.5834
CC(C)(C)c1ncc(C=CC(=O)NC2=[SH]C=C3NC(=O)CCC3=C2)s1,-8.0,0.4228,3.3227
CCC(NC(=O)NNC(O)COc1ccc(C#N)cc1)c1cccc(Cl)c1,-8.0,0.4107,5.4052
Brc1ccccc1-c1cnn(C2=CC=CCN2)c1,-8.0,0.9225,2.9532
CCC1(CC)SC(=O)N(CC(=O)NC2CC3CCCc4cccc2c43)S1=O,-8.0,0.8021,4.491
CC(P)CC1Nc2ccc(C(=O)NCC[NH+]3CCCCCC3)cc2NS1=O,-8.0,0.5342,4.6401
Cc1cc([N+](=O)[O-])cc(S(=O)(=O)N(S)c2ccc(N(C)C)cn2)c1C,-8.0,0.4851,4.2187
Cc1noc(C2CCCC2S(=O)(=O)C2C=C3OCCOC3=CC2)n1,-8.0,0.8215,3.5167
Cc1noc(C2CCCP2S(=O)(=O)C2C=C3OCCOC3=CC2)n1,-8.0,0.7553,3.3743
COC1=CC=C(C=C(C#N)C(=O)NCC(C)N2CCc3ccccc32)CC1,-8.0,0.6223,4.2308
Cc1cc([N+](=O)[O-])cc(S(=O)(=O)N(C)C2=CC=C(N(C)C)[SH]=C2)c1C,-8.0,0.3653,3.5923
O=C(Nc1nc2c(s1)CN(S(O)(O)CCN1C(=O)CCCC1O)CC2)C1CC1,-8.0,0.5424,5.6385
CC1=NNC(NC(=O)CC2Sc3ccc(Cl)cc3NC2=O)C1,-8.0,0.7864,3.5669
COc1ccc(NC(=O)CC(O)c2ccc(Cl)cc2)cc1NC(C)=O,-8.0,0.7348,4.6153
CC1=CC=C(C(C[NH3+])S(=O)(=O)c2ccc(F)cc2)CC1,-8.0,0.8623,2.3604
OC(Nc1ccc2c(c1)OC1(CCCC1)O2)c1cccs1,-7.9,0.8446,4.1757
COCCN1C(=O)CC(CC(=O)N2CC(C)OC(O)C2)(c2ccccc2PC)C1=O,-7.9,0.4854,5.6608
CC(=O)NC(C(=O)NPC1CCCN(c2ncccn2)C1)C1CCCC1,-7.9,0.7391,4.2899
CC(=NSC(=O)c1sc(-c2ccc(Cl)cc2)cc1N)c1ccco1,-7.9,0.4790,5.8286
CC(=O)NC(C(=O)NCC1CCCN(c2ncccn2)C1)C1CCCC1,-7.9,0.8038,4.4111
O=C(c1ccco1)N1CCN(C(=O)c2cnc3spcn3c2=O)CC1,-7.9,0.6768,4.4014
CC1(C)C[NH+]C(N2CCN(Cc3ncccc3C(F)(F)F)CC2)S1,-7.9,0.8833,2.9391
Cc1pc([N+](=O)[O-])cc(S(=O)(=O)N(C)c2ccc(N(C)C)cc2)c1C,-7.9,0.5827,4.1234
COc1c#cc(C(=O)NN=Cc2ccc(OCC3COCCO3)cc2)cc1,-7.9,0.5961,5.0651
CC(C)(C)[PH]1=NC=C(C=CC(=O)NC2=IC=C3NC(=O)CCC3=C2)S1,-7.9,0.3557,4.3012
Cn1cc(CC(=O)NNC(=O)NCCc2cccs2)c2ccccc21,-7.9,0.6140,4.5323
CCC(NC(=O)NNC(=O)COc1ccc(C#N)cc1)C1=CCCC(Cl)=C1,-7.9,0.6516,4.2703
Cc1cc(S(=O)(=O)Nc2ccc(Cl)cc2F)ccc1OCC(=O)[O-],-7.9,0.8325,4.4221
CC1C=CC(C(C[NH3+])S(=O)(=O)c2ccc(F)cc2)=CC1,-7.9,0.8602,2.4325
O=C(NC1NC2=C(CN(S(O)(O)CCN3C(=O)CCCC3O)CC2)S1)C1CC1,-7.9,0.4217,5.9308
N#CC1=CC=CCC1NC(=O)COC(=O)C1CCCN1C(=O)C1CC=CS1,-7.8,0.7167,4.2437
O=C(Nc1nc2c(s1)CN([SH](=O)(O)CCN1C(=O)CCSC1=O)CC2)C1CC1,-7.8,0.5642,5.7004
CC1(C)C[NH+]=C(N2CCN(Cc3ncccc3C(F)(F)F)CC2)S1,-7.8,0.8599,2.7197
COc1ccc(C(=O)NN=Cc2ccc(OCC3COCCO3)cc2)cc1,-7.8,0.5974,4.8754
COc1ccc(C(=O)NN=CC2=CC=C(OCC3COCCO3)CC2)cc1,-7.8,0.5875,4.4887
CCCc1cc(NC(=O)NCCC2=C(F)C=CCC2F)n(P)n1,-7.8,0.7775,3.6485
S=C(CSc1nc(-c2ccc(Cl)cc2)cs1)Nc1cccc2nsnc12,-7.8,0.3068,7.3485
COc1ccc(NC(=O)CC(O)C2C=CC(Cl)=CC2)cc1NC(C)=O,-7.8,0.7236,4.1507
COC1=CC(C[NH+]2CC(C)CCCC2C)=CC(OC)C1OCC(N)=O,-7.8,0.6963,4.3049
O=C(c1ccccc1)N1CCCC2(CCC(Br)N(CCc3c[nH]c[nH+]3)C2)C1,-7.8,0.5965,3.7482
CC1C=CC(C(C[NH3+])S(=O)(=O)c2ccc(F)cc2)CC1,-7.8,0.6805,2.2692
CC(P)CC1Nc2ccc(C(=O)NCC[NH+]3CCCCCC3)cc2NC1=O,-7.8,0.5519,4.6766
Cn1ncnc1CCNC(=O)N1CCCC1Cc1ccccc1,-7.8,0.9149,3.7593
CC(C)CC1NC2=CCC(C(=O)NCC[NH+]3CCCCCC3)C=C2NC1=O,-7.8,0.5457,4.7241
Cc1cc(PC(=O)CC2Sc3ccc(Cl)cc3NC2=O)[nH]n1,-7.8,0.8287,3.6428
N#CC1=CC=CCC1NC(=O)COC(=O)C1CCCN1C(=O)c1cccs1,-7.8,0.7792,4.4135
CCC(NC(=O)N1CCN(C2=CCCC=C2)CC1)c1c(C)nn(C)c1C,-7.8,0.9010,3.2621
COC(=O)C1=CCCC(C(=O)Nc2cc(C(C)(C)C)nn2C(C)(C)C)=N1,-7.8,0.8391,3.1562
CCOc1ccc(CN2CCN(C(=O)NCCC(=O)N(C)F)CC2)cc1,-7.7,0.7455,3.9928
CC(C)(C)c1ncc(C=CC(=O)NC2C=C3CCC(=O)NC3=CC2)s1,-7.7,0.8169,3.3476
Cc1ccc(C(C)NC(=O)N(C)CPN(C)C2CC[NH+](C)CC2)cc1,-7.7,0.7557,3.2593
CCOc1nc(NC2=CC([N+](=O)[O-])=IC=C2C)nc(OCC)n1,-7.7,0.3961,5.1017
CN(C(=O)c1ccc(C#N)cc1)C1Cc2ccccc2C1,-7.7,0.8463,2.1083
COc1cc(C[NH+]2CC(C)CCCC2C)cc(OC)c1OCC(N)=O,-7.7,0.7730,4.3425
O=C(c1ccccc1)N1CCCC2(CCC(S)N(CCC3=CNC=[CH+]3)C2)C1,-7.7,0.6154,4.2027
COC(=O)c1cccc(C(=O)Nc2cc(C(C)(C)C)nn2C(C)(C)C)n1,-7.7,0.8503,3.5533
Cc1ccc(C(C[NH3+])S(=O)(=O)c2ccc(F)cc2)cc1,-7.7,0.8754,2.6763
Cc1noc(C2CCCP2S(=O)(=O)c2ccc3c(c2)OCCO3)n1,-7.7,0.7694,3.8192
O=C(NC1=CC=C2OC3(CCCC3)OC2C1)c1cccs1,-7.7,0.9113,2.9345
O=C(c1ccco1)N1CCN(C(=O)c2cnc3sccn3c2=O)CC1,-7.7,0.6805,4.6183
CN1N=CNC1CCNC(=O)N1CCCC1Cc1ccccc1,-7.7,0.8675,3.7989
Cc1ccc(C(C)NC(=O)N(C)CCN(O)C2CC[NH+](C)CC2)cc1,-7.7,0.6734,3.9752
O=C1CCC2(CCCN(C(=O)c3ccccc3)C2)CN1CCc1c[nH]c[nH+]1,-7.7,0.8968,3.553
CN(C(=O)c1ccc(C#N)cc1)C1Cc2ccncc2C1,-7.7,0.8452,2.305
Cc1ccc(C(C)NC(=O)N(Br)CCN(C)C2CC[NH+](C)CC2)cc1,-7.7,0.7021,3.4293
Cc1cc([N+](=O)[O-])cc(S(=O)(=O)N(S)c2ccc(N(C)C)cc2)c1C,-7.7,0.4879,4.3413
Brc1ccccc1-c1cnn(C2CC=CC=N2)c1,-7.6,0.8286,2.9675
COC(=O)c1cccc(C(=O)Nc2cc(C(C)(C)C)nn2S(C)(C)C)n1,-7.6,0.8265,3.8338
COC(=O)C1CC=[SH]C(C(=O)Nc2cc(C(C)(C)C)nn2C(C)(C)C)=N1,-7.6,0.4792,3.0431
COc1ccc(N[PH](=O)CC(O)c2ccc(Cl)cc2)cc1NC(C)=O,-7.6,0.6315,5.2158
Cn1cc(C(=O)OCC2CN3C=CC=CC3=N2)c(C(C)(C)C)n1,-7.6,0.8012,3.0311
CCc1ccc(C(=O)Cc2c#cc([N+](=O)[O-])cc2)o1,-7.6,0.4687,3.0099
CC(CO)NC(=O)NC1CC(C)N(c2ccccc2)C1,-7.6,0.7778,3.0699
Cc1noc([SH]2CCCN2S(=O)(=O)c2ccc3c(c2)OCCO3)n1,-7.6,0.8175,4.3763
COc1ccc(C(=O)NN=Cc2ccc(OCC3COCCO3)cc2)cp1,-7.6,0.5830,4.9874
CCC(NC(=O)N1CCN(C2=CC=CCC2)CC1)c1c(C)nn(C)c1C,-7.6,0.9010,3.2621
CCSc1cc(NC(=O)NCCC2=C(F)C=CCC2F)n(C)n1,-7.6,0.7772,3.8781
Brc1cpccc1-c1cnn(-c2ccccn2)c1,-7.6,0.7061,3.6021
Cn1cc(CC(=O)CNC(=O)NCCc2cccs2)c2ccccc21,-7.6,0.6844,5.0108
CC1=CC(S(=O)(=O)Nc2ccc(Cl)cc2F)=IC=C1OCC(=O)[O-],-7.6,0.6198,4.6816
CCCc1cc(NC(=O)NCCC2=C(F)C=CCC2F)n(C)n1,-7.6,0.8423,3.5498
O=C1CCC2(CCCN(C(=O)c3ccncc3)C2)CN1CCc1c[nH]c[nH+]1,-7.6,0.8832,4.0367
Cc1ccc(C(C)NC(=O)N(C)CCN(C)C2CC[NH+](C)CC2)cc1,-7.6,0.8145,3.4845
CCCc1cc(NC(=O)NCCc2c(F)cccc2F)n(C)n1,-7.6,0.8587,3.6693
OC(Nc1cpc2c(c1)OC1(CCCC1)O2)c1cccs1,-7.6,0.8189,4.5264
O=C(NC1=[SH]C2=C(CN([SH](=O)(O)CCN3C(=O)CCSC3=O)CC2)S1)C1CC1,-7.5,0.3572,5.2933
CCOc1ccc(CN2CCN(C(=O)NCCC(=O)N(C)C)CC2)cn1,-7.5,0.7748,4.6077
CC(CO)NC(=O)NC1CC(C)N(C2=CCCC=C2)C1,-7.5,0.7279,2.732
C=C([O-])C1(NC(=O)OCc2ccccc2)CCCC1(C)C,-7.5,0.8665,2.3891
CC(C)c1nc([SH](=O)(O)N(C)Cc2nc3c(s2)CCCC3)c[nH]1,-7.5,0.7196,3.8813
CCCc1cc(NC(=O)NCCC2=C(F)C=CCC2F)n(I)n1,-7.5,0.6612,4.398
CCOc1nc(Nc2cc([N+](=O)[O-])ccc2C)nc(ONC)n1,-7.5,0.5793,5.3951
O=C1CCC2(CCCN(C(=O)c3ccccc3)C2)CN1CCC1=CNC=[CH+]1,-7.5,0.8350,3.484
COC(=O)C1=CC=[SH]C(C(=O)Nc2cc(C(C)(C)C)nn2C(C)(C)C)=N1,-7.5,0.4809,3.2479
O=C1CCC2(CCCN(C(=O)c3ccccn3)C2)CN1CCc1c[nH]c[nH+]1,-7.5,0.8832,4.0367
CC1(C)CCCC1(NC(=O)OCC1=CC=CCC1)C(=O)[O-],-7.5,0.8549,2.5429
COc1cc(C[NH+]2CC(C)CSCC2C)cc(OC)c1OCC(N)=O,-7.5,0.7410,4.8132
Cn1cc(C(=O)OCc2cn3ccccc3n2)c(C(C)(C)C)n1,-7.5,0.6977,3.4201
CCOc1nc(Nc2cc([N+](=O)[O-])ccc2C)nc(OCC)n1,-7.5,0.6119,4.7041
CC1(C)CCCC1(NC(=O)OCc1ccccc1)C(=O)[O-],-7.5,0.9135,2.8959
COc1ccc(SCC(=O)NC(C)c2ccc(Cl)cc2)cc1OC,-7.5,0.7419,4.9539
Cc1ccc(C)c(NC(=O)C[NH2+]CCC2=CCCCC2)c1,-7.5,0.6131,2.6795
COc1cc(C(=O)NCC(C)Nc2ccccc2)cc(Cl)c1OC,-7.5,0.8025,4.7546
CN1C=S(C(=O)OCc2cn3ccccc3n2)C(C(C)(C)C)=N1,-7.5,0.6252,3.2894
CN1[SH]=CN=C1CCNC(=O)N1CCCC1Cc1ccccc1,-7.5,0.6419,3.4031
CC1(C)CCCC1(NC(=O)OCc1ccccc1)C([O-])=P,-7.5,0.8694,2.3343
O=C1CCC2(CCCN(C(=O)c3ccccc3)C2)CN1CCC1=CNC=[SH+]1,-7.5,0.4896,3.6311
CCC(NC(=[IH])N1CCN(c2ccccc2)CC1)c1c(C)nn(C)c1C,-7.5,0.6629,4.9643
CS(=O)(=O)C1CCCC(C([NH3+])C2=CCCC(Cl)=C2F)C1,-7.4,0.8666,1.2941
Cc1csc(=O)n1CC(=O)N1CCc2sccc2C1c1ccccc1,-7.4,0.7086,4.2663
Cc1ccc(C(C[CH3+])S(=O)(=O)c2ccc(F)cc2)cc1,-7.4,0.6288,2.9664
CC(P)CC1NC2CC=C(C(=O)NCC[NH+]3CCCCCC3)C=C2NC1=O,-7.4,0.4759,5.0246
CCOc1ccc(CN2CCN(C(=O)NCCC(=O)N(C)C)CC2)cc1,-7.4,0.7961,4.1354
CCc1ccccc1OC(=O)COc1ccc([N+](=O)[O-])cc1,-7.4,0.3543,3.9398
CC(C)C1=[SH]C(S(=O)(=O)N(C)Cc2nc3c(s2)CCCC3)=CN1,-7.4,0.6147,3.666
Brc1ccccc1C1=IN(C2=CC=CCN2)N=C1,-7.4,0.5931,3.2552
Brc1ccccc1-c1cnn(C2CC=CC=[SH]2)c1,-7.4,0.6528,3.1613
CS(=O)(=O)C1CCCC(C([NH3+])c2cccc(Cl)c2F)C1,-7.4,0.9290,1.6143
NC(=O)Cn1cc(NC(=O)C=Cc2ccc(Br)s2)cn1,-7.4,0.8023,4.3373
COC(=O)C1=CC=[SH]C(C(=O)NC2=CC(C(C)(C)C)NN2C(C)(C)C)=N1,-7.4,0.3945,3.4844
COc1ccc(SCC(=O)SC(C)c2ccc(Cl)cc2)cc1OC,-7.3,0.5930,5.5554
CC1=CC(S(=O)(=O)NC2=C[SH]=C(Cl)CC2F)=IC=C1OCC(=O)[O-],-7.3,0.2415,4.9825
COC(=O)c1cccc(C(=O)Nc2cc(C(C)(C)S)nn2S(C)(C)C)n1,-7.3,0.5994,4.5316
COc1cc(C(=O)NCC(C)Nc2ccccc2)cc(Cl)c1OS,-7.3,0.5150,5.3327
CS(=O)(=O)C1CCCC(C([NH3+])c2cc#cc(Cl)c2F)C1,-7.3,0.9258,1.804
CCPc1cc(NC(=O)NCCc2c(F)cccc2F)n(C)n1,-7.3,0.7935,3.5251
Cc1ccc(CN2CCNC(=O)C2CC(=O)N(C)Cc2ccsc2)o1,-7.3,0.8546,4.358
CCPC1=IN(C)C(NC(=O)NCCc2c(F)cccc2F)=C1,-7.3,0.3947,4.0364
COc1ccc(SCC(=O)NC(C)C2=C[SH]=C(Cl)C=C2)cc1OC,-7.3,0.3257,4.6622
CC(SCc1noc(C(C)(C)C)n1)C(=O)Nc1cccc(Cl)c1,-7.3,0.8683,4.2973
COC1=C(OCC(N)=O)[PH](OC)=CC(C[NH+]2CC(C)CCCC2C)=C1,-7.3,0.6528,4.2164
CCc1ccc(C(=O)Cc2ccc([N+](=O)[O-])cc2)o1,-7.3,0.4693,3.2198
CC(CO)NC(=O)NC1CC(N)N(c2ccccc2)C1,-7.2,0.6344,3.9839
Cc1ccc(C)c(NC(O)C[NH2+]CCC2=CCCCC2)c1,-7.2,0.4102,3.1867
CCOC1=NC(Nc2cc([N+](=O)[O-])ccc2C)=NC(OCC)=[SH]1,-7.2,0.3805,3.7181
N#Cc1ccccc1NC(=O)COC(=O)C1CCCP1C(=O)c1cccs1,-7.2,0.5905,5.2293
O=C(NC1=[SH]C2=C(CI([SH](=O)(O)CCN3C(=O)CCSC3=O)CC2)S1)C1CC1,-7.2,0.1307,5.3181
CC(C)c1nc(S(=O)(=O)N(C)Cc2nc3c(s2)CCCC3)c[nH]1,-7.2,0.8952,3.6337
CC(CC1CSC=N1)N(C)C(=O)NC1=CCC(Br)C=C1,-7.2,0.7850,2.5059
Cc1ccc(P)cc1NC(=O)C[NH2+]CCC1=CCCCC1,-7.2,0.4705,2.9448
COC1=CC=CC=[PH]1OC(=O)COc1ccc([N+](=O)[O-])cc1,-7.2,0.4539,3.7048
CC1=CCC(CN2CCNC(=O)C2CC(=O)N(C)Cc2ccsc2)O1,-7.2,0.8338,4.2615
COC1=CC(SCC(=O)NC(C)c2ccc(Cl)cc2)=CCC1OC,-7.2,0.7883,4.4756
COC(=O)c1cccc(C(=O)NC2CC(C(C)(C)C)=NN2C(C)(C)C)n1,-7.2,0.8381,2.9885
CC(SCc1noc(C(C)(C)C)n1)C(=O)Nc1cccc(I)c1,-7.2,0.6982,4.7302
COc1ccc(OC)c(C(O)CNC(=O)NC2CC=CCC2)c1,-7.2,0.7017,3.75
COPc1cc(NC(=O)NCCc2c(F)cccc2F)n(C)n1,-7.2,0.7885,3.9262
CN(C(=O)c1ccc(C#N)cc1)C1CC2=CC=CC=S2C1,-7.1,0.7876,2.0604
CC(C)c1nc(S(=O)(=O)N(C)CC2=NC3CCCCC3S2)c[nH]1,-7.1,0.8795,3.2043
COC(=O)C1=IC=[SH]C(C(=O)NC2=CC(C(C)(C)C)NN2C(C)(C)C)=N1,-7.1,0.1837,3.872
CC(C)c1[nH]cc(S(=O)(=O)N(C)Cc2nc3c(s2)CCCC3)p1,-7.1,0.8675,4.1111
CC(Cc1ccsc1)N(C)C(=O)Nc1ccc(Br)cc1,-7.1,0.8557,3.7858
CC(CC1CSC=N1)N(C)C(=O)Nc1ccc(Br)cc1,-7.1,0.8911,3.1776
COc1ccc(OC)c(C(O)CNC(=O)NC2CC=ICC2)c1,-7.1,0.4728,4.3105
CC(Cc1ccsc1)N(C)C(O)Nc1ccc(Br)cc1,-7.1,0.7748,4.3739
Cc1cc(PC(=O)CC2Sc3ccc(Cl)cc3NC2=O)sn1,-7.1,0.8375,4.0948
FC1CC=C(CC(=[IH])OCCCc2cccnc2)C=C1Br,-7.1,0.4311,4.7132
CN1C=S(C(=O)OCc2cn3ccccc3n2)C([IH](C)(C)C)=N1,-7.1,0.3138,3.9982
COc1ccc(SC)cc1C(O)CNC(=O)NC1CC=CCC1,-7.1,0.5518,3.7732
O=C(NC(CO)c1ccco1)C1CC1c1ccc(F)cc1,-7.1,0.8880,3.373
COC1=CCCC=C1OC(=O)COc1ccc([N+](=O)[O-])cc1,-7.0,0.4560,3.6722
Cc1ccc(C(C)NC(=O)N(C)CCN(C)C2CC[NH+](C)CS2)cc1,-7.0,0.8038,3.6062
COCCN1C(=O)CC(CC(=O)N2CC(C)OC(C)C2)(C2=[SH]C=CC=C2OC)C1=O,-7.0,0.3641,5.0787
COC(=O)C1CCCN1C(=O)C1CC(NC(=O)NC(C)C)CN1C(=O)CSC,-7.0,0.6010,4.8941
O=C(Cc1ccc(F)c(Br)c1)OCCCc1cccnc1,-7.0,0.5879,3.8869
CC(CO)NC(=O)NC1CC(C)N(C2=CC=CCC2)C1,-7.0,0.7279,2.732
COc1ccccc1OC(=O)COc1ccc([N+](=O)[O-])cc1,-7.0,0.3526,3.9269
O=C(Cc1ccc(F)c(Br)c1)OCCCC1=CCCN=C1,-7.0,0.5749,3.6486
CCc1ccc(C(=O)Cc2ccc([N+](=O)[P-])cc2)o1,-6.9,0.6112,3.4371
CC1=CC(S(=O)(=O)NC2=C[SH]=C(Cl)C=C2F)=IC=C1OCC(=O)[O-],-6.9,0.2437,5.1406
O=C(CC1=CCC(F)C(Br)=C1)OCCCc1cccnc1,-6.9,0.5747,3.6683
NC(=S)Cn1cc(NC(=O)C=Cc2ccc(Br)s2)cn1,-6.9,0.6262,4.1623
CC(C)COC1CC[NH+](Cc2nnnn2C2CC2)CO1,-6.9,0.7805,4.4233
Cc1ccc(C(C)(CC(=O)[O-])I(C)[NH3+])cc1S,-6.8,0.3600,3.2369
CC[NH2+]C(Cc1cccc(Cl)c1)C1C(C)(C)C1(C)C,-6.8,0.8499,2.1479
CC(Cc1cscn1)N(C)C(=O)Nc1ccc(Br)cc1,-6.8,0.9021,3.6645
CC(C)COC1CC[NH+](Cc2nnnn2C2CC2)CC1,-6.8,0.8102,4.0666
C[NH+](C)C(CNCc1cccc(Cl)c1)c1ccco1,-6.8,0.8460,3.2614
Cc1ccc(NCc2cc(C#N)cs2)c(F)c1,-6.8,0.8963,2.7905
CCOC1=NC(Sc2cc([N+](=O)[O-])ccc2C)=NC(OCC)=[SH]1,-6.8,0.3873,3.872
O=C(S)Cn1cc(NC(=O)C=Cc2ccc(Br)s2)cn1,-6.8,0.6268,4.169
CCC(C)NC(=O)CN1CCN(C(=O)Nc2cc(Cl)ccc2SC)CC1,-6.7,0.7224,3.8856
Cc1ccc(C(C)(CC(=O)[O-])[SH](C)[NH3+])cc1S,-6.7,0.6964,3.2204
CCC(C)NC(=O)CN1CCN(C(=O)Nc2cc(Cl)ccc2SI)CC1,-6.7,0.5709,4.7626
Cc1ccc(C(C)(CC(=O)[O-])C(C)[NH3+])cc1F,-6.7,0.8130,2.55
CCC(C)NC(=O)CN1CCN(C(=O)NC2=IC(Cl)=CC=C2SC)CC1,-6.7,0.5373,3.9843
O=P(C[NH+]1CCCCC1)(OCCCl)[SH]1CCCCC1,-6.6,0.4460,2.1098
CC[NH2+]C(CS1=CC=CC(Cl)=C1)C1C(C)(C)C1(C)C,-6.6,0.7501,1.9129
C=Cc1ccc(OCC(=O)NC)c(Br)c1,-6.6,0.9106,2.0195
Cc1ccc(C(C)(CC(=O)[O-])C(C)[NH3+])cc1S,-6.6,0.7585,2.9455
C=C([O-])CC(N)(C1=CC=C(C)C(O)C1)C(C)[NH3+],-6.6,0.5602,3.2646
Cc1ccc(NCc2cc(C#I)cs2)c(F)c1,-6.6,0.7933,3.5903
CSc1nncc(-c2ccc(Br)cc2)n1,-6.6,0.7936,2.2723
CC1=CC=C(C(C)(CC(=O)[O-])C(C)[NH3+])CC1F,-6.6,0.7727,2.0985
COC(=O)C(C)S(=O)(=O)N(C)c1snc(C)c1C([O-])=[IH],-6.6,0.4707,4.824
CNC(=O)COc1ccc(C=O)cc1Br,-6.5,0.8425,2.6173
CSc1nncc(-c2ccc(Br)nc2)n1,-6.5,0.6255,2.2234
S=P(C[NH+]1CCCCC1)(OCCCl)N1CCCCC1,-6.5,0.5950,1.963
CC1=CC=C(C(N)(CC(=O)[O-])C(C)[NH3+])CC1O,-6.5,0.5317,3.9724
CC(=O)NCCNC(=O)NC(C)c1nc(C)cs1,-6.4,0.6965,3.4824
CC1=CC=C(C(C)(CC(=O)[O-])C(C)[NH3+])CC1O,-6.4,0.6864,2.9771
CC1(C)C(CNS(=O)(=O)c2cnn(CC[NH3+])c2)C1(C)C,-6.4,0.7796,4.0144
CC(=O)NCCNC(=O)NC(C)c1nc(F)cs1,-6.4,0.6938,3.5324
CC(P)COC1CC[NH+](Cc2nnnn2C2CC2)CO1,-6.3,0.7092,4.6131
CC(CC1CCCC[NH2+]1)[NH2+]CCc1ccsc1,-6.3,0.7511,2.9908
CC(=O)NCCNC(=O)NC(O)c1nc(C)cs1,-6.3,0.4429,4.3728
PC(CC1CCCC[NH2+]1)[NH2+]CCc1ccsc1,-6.2,0.7098,3.1083
COC(=O)C(C)[SH](=O)(O)N(C)c1snc(C)c1C(=O)[O-],-6.2,0.5384,4.9582
O=P(C[NH+]1CCCCC1)(OCCCl)N1CCCCC1,-6.2,0.6013,1.9408
CNC(=O)COC1=CC=C(C=O)CC1Br,-6.2,0.6125,2.4579
CC(P)COC1CC[NH+](CC2=NN=[SH]N2C2CC2)CO1,-6.1,0.5155,4.4168
CC1=CI=C(C(C)(CC(=O)[O-])I(C)[NH3+])C=C1S,-6.1,0.2732,3.4931
COC(=O)C(C)[PH](=O)(=O)N(C)c1snc(C)c1C(=O)[O-],-6.1,0.5562,4.272
C[NH2+]CC1(CN(C)C[SH]2CCC[NH+]2C)CCCC1,-6.1,0.5577,3.3813
COC(=O)C(C)S(=O)(=O)N(C)c1snc(C)c1C(=O)[O-],-5.9,0.6478,4.7855
CS1=CC=C(NCc2cc(C#N)cs2)C(F)=C1,-5.9,0.8532,2.3912
CC(CC1[NH2+]CCCP1)[NH2+]CCc1ccsc1,-5.9,0.7114,3.0868
CC(P)COC1CC[NH+](Cc2pnnn2C2CC2)CO1,-5.8,0.7793,3.9054
CC(=O)PCCNC(=O)NC(C)c1nc(C)cs1,-5.8,0.6210,3.0319
CC[NH2+]CSOc1ccccc1CC,-5.7,0.4420,2.1669
COC(=N)C(C)S(=O)(=O)N(C)c1snc(C)c1C(=O)[O-],-5.7,0.5810,4.7553
Brc1ccccc1C[NH2+]C1CC1,-5.7,0.8085,1.3482
CC[NH2+]CCOc1ccccc1CC,-5.6,0.6768,2.2326
CC[NH2+]CCOc1ccpcc1CC,-5.3,0.7147,1.9793
