smiles,egfr,qed,sa,her2
FC(F)(F)c1ccccc1NC(=O)c1cc2cccc[n+]2c2nc([C@H]3CC[NH+](Cc4ccccc4)C3)[nH]c12,-11.6,0.38699999999999996,4.414767634260902,-11.2
[N+]=Cc1cccc(/C=C2\C(=O)N(Cc3ccccc3)N=C2Cc2ccc3c(c2)CC(=O)N3)c1,-10.3,0.5569999999999999,3.16127181462889,-12.2
FN(C(=O)c1ccccc1F)c1nc([C@H]2CCCN(C(=O)c3ccccn3)C2)nc2cccc(F)c12,-12.0,0.46099999999999997,3.3171403894939377,-10.3
Fc1ccccc1CN1CC[C@@H](c2cccc(OCc3ccccc3C)n2)c2ccccc21,-9.9,0.417,2.899234203549834,-12.1
[C@H]1c2cccc(OCC(=O)Nc3ccccc3)c2C(=O)N1[C@H]1CCN(c2ccc(Cl)cc2)N1,-10.1,0.659,3.4069960393944,-11.8
Fc1ccc(-c2ncc([C@@H]3CCCN3C(=O)c3ccccc3)o2)c(N2CCOCC2)c1,-9.4,0.709,2.9752931650543,-12.2
[N+]1=C[C@@H](c2ccc(O)cc2F)[C@H](N2C(=O)/C(=C/c3ccc(-c4ccccc4[N+](=O)[O-])cc3)CC2=O)O1,-10.3,0.33299999999999996,4.124949435002744,-11.2
FC(F)Cc1ccc(-c2cc(/C=C3\C(=O)N(Cc4cccnc4)C3=O)ccc2Cl)cc1,-9.7,0.383,2.468736570735264,-11.6
[N+]1=N/C(=C/c2ccc(-c3ccccc3)o2)C(=O)N1c1ccccc1,-8.9,0.765,2.907018502798252,-12.3
[N+]([O-])=C[C@H]1[C@@H](c2ccc(Oc3nc4ccccc4[nH]3)cc2)C(=S)N1c1ccccc1,-9.6,0.305,3.796360630182198,-11.4
[N+]1=NN(C(=O)CN2CCC(c3c[nH]c4cc(F)ccc34)CC2)C(=O)N1c1ccc(F)cc1,-9.8,0.754,3.230407060121689,-11.1
F[N+]([O-])=C(/C(=O)Nc1cccc2cc[nH]c12)c1ccc2ccccc2c1,-9.5,0.33299999999999996,2.82154025869443,-11.4
FC(F)(F)c1cc(F)ccc1Nc1ccc2cc(S(=O)(=O)N3CCOCC3)ccc2c1,-9.7,0.658,2.3075684250878084,-11.1
[NH+](CCN1CCN(c2ccccc2C(=O)Nc2ccccc2)CC1)N1CCN(c2ccccc2F)CC1,-10.4,0.575,2.821611058945738,-10.2
[P@@]1C[C@H](c2cccc3ccccc23)n2nc(Nc3ccccc3)ncn21,-10.0,0.755,3.7315946905605344,-10.6
[P@@](=C/c1ccco1)c1ccc(-c2ccccc2COc2ccc(F)cc2)cc1,-9.8,0.45299999999999996,2.6906957745051105,-10.7
[N+]1=CCCC[C@@H]1C(=O)NC[C@H](c1ccccc1)N1CCN(C(=O)c2ccc3c(c2)OCCO3)CC1,-10.2,0.77,3.73889196140789,-10.3
[N+]c1ccc(N2C(=O)[C@@H]3[C@@H]4C=C[C@@H](C4)C(=O)[C@H]3S2)cc1OCC(F)(Cl)c1ccc(Cl)cc1,-9.5,0.40599999999999997,5.778615980231283,-11.0
FC(F)c1cccc(Oc2cccc3c2O[C@@H](COc2ccccc2F)C3)c1,-8.7,0.605,2.8525807010521067,-11.8
Fc1cccc(Cn2ccnc(Nc3n[n-]c4ccccc34)c2=O)c1,-8.9,0.701,3.15603205809445,-11.6
FC(F)(F)c1ccc(Cl)c(NN=C2C=C(c3cccc(C(F)(F)F)c3)C(=O)N2CCc2ccccc2)c1,-10.1,0.345,2.8620941813635348,-10.4
Fc1ccc2c(c1)c1c(Cl)cc(C[NH+]3CCC[C@@H]3CCc3ccccc3)nc12,-9.5,0.6,4.158110520240733,-11.0
Fc1ccc(-c2cccc(NCc3ccccc3Cl)c2)c(F)c1,-9.2,0.708,1.798247465281527,-11.2
FC(F)(F)[n+]1ccc2ccccc2c1CNCc1cccc2cccnc12,-9.2,0.62,2.832295784323227,-11.2
Fc1ccc2[nH]cc(CCN[C@@H](c3ccccc3)c3ccccc3)c2c1,-9.5,0.572,2.0065389799731506,-10.9
FC(F)(F)c1cccc(Cn2cnnc2-c2ccccc2)c1,-8.4,0.8119999999999999,2.050890390153789,-12.0
Fc1ccc2c(c1)CCN(Cc1cccc3ncccc13)C2,-9.0,0.791,1.9899247773051023,-11.4
[N+]1=C[C@H](c2cc(OCc3ccccc3)ncc2[O-])CC(=O)N1c1ccc2c(c1)OCO2,-10.0,0.713,3.973687586017952,-10.3
[N+]/[C@H]1C(=O)[C@H](CC(=O)NCc2ccc(Cl)cc2)Nc2ccc(NC(=O)c3ccc(Cl)cc3)cc21,-9.0,0.5499999999999999,3.394795137419472,-11.3
Fc1cccc(-c2noc(CSc3nnnn3-c3ccccc3)n2)c1,-8.8,0.589,2.17890903243444,-11.5
Fc1ccc(-n2cnc3cc(S(=O)(=O)[N-]c4ccccc4)ccc32)cc1,-8.9,0.612,2.950625181771352,-11.4
Fc1ccc(-c2noc(-c3ccccc3OCc3ccccn3)n2)cc1F,-9.5,0.595,2.133577178975316,-10.8
Fc1ccccc1CC1CCN(C(=O)c2cc(-c3ccccc3F)[nH]c(=O)c2Cl)CC1,-11.1,0.693,2.479343039266734,-9.2
P=C(\NC1=CC(C(=O)OC2CC2)=C(c2ccccc2F)C1)c1ccccc1,-9.8,0.6739999999999999,3.2078066811187416,-10.4
[N+]c1ccc(C(=O)/C=C/C(=O)c2ccc(Cl)cc2)cc1OCc1ccccc1,-9.3,0.49,2.538164083124201,-10.9
[N+]=C(c1ccccc1)N1CCN(C(=O)c2cc([N+](=O)[O-])ccc2F)CC1,-9.3,0.443,2.511106201792428,-10.9
[C@H]1Cc2ccccc2[C@H]1CC(=O)N1CCc2ccccc2C1,-9.7,0.909,3.041547611538068,-10.5
N#C/C(=C\c1ccc(OC(F)(F)F)cc1)c1ccc(N2CCOc3ccccc32)cc1,-9.1,0.45199999999999996,2.4349213354087933,-11.1
[N+](=C/c1ccccc1)C(=O)Nc1ccc2[nH]nc(-c3ccccc3)c(=O)c2c1,-9.0,0.622,2.7974904714919315,-11.2
[N+]c1cc2c(cc1F)[C@@H](c1nc3cc(C)c(Cl)cc3[nH]1)CCC2,-9.5,0.763,3.635138228508577,-10.7
FC(F)(F)c1ccc(-c2nc(CO[C@H](C(N)=O)C3CCCCC3)no2)cc1,-8.7,0.901,3.068070935591389,-11.5
FC(F)(F)Oc1cccc(NC(=O)N2CCC(NCc3ccccc3F)C2=O)c1,-9.1,0.817,2.825855171927764,-11.1
N/C(=N/c1ccccc1)c1ccc2c(c1)O/C(=C/c1ccco1)C2=O,-9.3,0.528,2.5333193078310146,-10.8
[N+](=O)c1ccc(CN2CCO[C@]3(CCC[NH2+]C3)C2=O)c2ccccc12,-8.7,0.886,4.714473184127057,-11.4
F[N+]([O-])=C(C(=O)c1cnc(Oc2ccccc2)cc1)c1ccc(F)c(Cl)c1,-9.1,0.288,2.72326745981373,-11.0
[N+]1=C[C@H](c2cc(OCc3ccccc3)ccc2[O-])N(Cc2ccc(C(F)(F)F)cc2)C([O-])=C1Cl,-9.5,0.573,3.882527913342376,-10.5
Fc1ccc(F)cc1C[NH2+][C@H]1C[C@@H]2CCCc3cccc1c32,-9.0,0.872,3.922748940644752,-11.0
FC(F)c1ccc(OCc2noc(-c3ccccc3OC(F)(F)F)n2)cc1F,-8.7,0.603,2.54997263342006,-11.3
Fc1ccc(-c2ccc(-c3csc(S(=O)(=O)Nc4cccnc4)n3)cc2)cc1,-8.9,0.591,2.2676656643207806,-11.1
[N+]1=N/C(=C/c2ccc(OCc3ccccc3)s2)C(=O)N1c1ccccc1,-8.8,0.712,3.1739963226304937,-11.1
FC(F)(F)Oc1cccc(-c2n[n-]nc2Cc2ccccc2)c1,-8.8,0.817,2.948055157589218,-11.1
Fc1ccc(C[NH+]2CCc3nc(NC[C@@H](C#N)Cc4cc5cc(Cl)ccc5o4)[nH]c3C2)cc1,-9.2,0.46699999999999997,4.570649321163806,-10.7
CC(=O)c1cccc(Nc2cccc(C(=O)N3CCC(C(N)=O)CC3)c2)c1,-8.9,0.877,1.97681766224288,-10.9
Cc1nn(Cc2ccccc2)cc1CN1CCO[C@H](c2cccc(C(F)(F)F)c2)C1,-9.3,0.6779999999999999,2.8126327387201613,-10.5
[P@@](=N/c1cccc2[nH]ccc12)Nc1cccc2cccnc12,-8.7,0.571,3.0513338466972453,-11.1
[N+]1=CCCC[C@@H]1c1[nH]c2ccccc2c1C[NH+]1CC(C2=CCCCC2)C1,-10.1,0.875,4.765595697246156,-9.7
[N+]1=C(C2=NC=C(c3ccccc3)NC2Oc2ccccc2)N1Cc1ccc(F)cc1,-9.2,0.768,3.886226712133956,-10.6
[N+]N/Cn1c(=O)oc2cc(-c3cc4c(cc3C#N)CCCC4)ncc2s1,-9.6,0.743,3.788886104848277,-10.2
[N+]=CC1[NH+]=c2ccccc2=[NH+][C@H]1C(=O)Nc1ccc2c(c1)CCC2,-8.8,0.593,4.840314321513947,-10.9
[N+]c1cccc(C(=O)NCCN2CC(=O)c3ccccc3S2)c1,-9.0,0.956,3.137059353393415,-10.7
c1n[nH]c2c1CC[NH+](Cc1cn3cc(-c4ccccc4OC)ccc3c1Cl)O2,-9.6,0.638,4.245198045225548,-10.1
Fc1ccccc1On1cnnc1CN[C@@H](CCc1ccccc1)c1ccccc1,-9.1,0.52,2.9600478037439792,-10.6
FC(F)(F)C1=NN(C2CCN(C[C@@H]3CCCCC3)C[C@H]2c2ccc[nH]2)c2ccccc21,-9.2,0.632,3.6594115947527,-10.5
[C@H](CCNC(=O)Nc1ccc(Cl)cc1F)c1ccc2c(c1)CC(=O)N2,-8.7,0.791,2.679585797390077,-10.9
[N+]=C(C(=O)c1cccc(F)c1)N[C@@H]1C[C@H]1c1cccc(Cl)c1,-8.6,0.616,3.4441778488333368,-11.0
[N+]c1ccc(-c2nn(Cc3ccccc3)c(=O)[nH]c2=O)cc1F,-8.6,0.874,2.840904743388034,-11.0
[N+]c1ccc(F)c(C[NH+]2CCC[C@H]2c2nc3ccccc3o2)c1,-9.0,0.888,4.764086538980622,-10.6
[N+]1=C[C@@H](Nc2nc(N[C@@H]3CCN(c4ncccn4)N=C3C(=O)c3cccs3)ccc2O)c2ccccc21,-10.2,0.39999999999999997,4.623121645932313,-9.4
[C@@H][N+]=C(\C)N1CCN(C(=O)NC[C@@H](C)c2nc(-c3ccccc3)no2)CC1,-8.6,0.734,3.344383877912225,-11.0
Fc1ccc(Cc2cccc(F)c2)cc1N[C@H]1CCn2cccc2C1,-9.1,0.8039999999999999,2.992927963576508,-10.5
FC(F)(F)[C@@H](c1ccccc1)N1CCN(Cc2cccc(C#CCC(F)F)c2)CC1,-9.2,0.568,3.1529619000376394,-10.4
Fc1ccc(SCC[C@H]2Cc3cc(-c4ccccc4)ccc3O2)cc1,-8.3,0.604,2.543564702106396,-11.3
FC(F)(F)c1ccccc1CN1CCN(C(=O)Cc2ccccc2)CC1,-8.7,0.91,1.89155048738466,-10.9
[C@H]1O[C@@H](c2ccc(Cl)cc2)N1C(=O)CNC(=O)c1cc(Cl)ccc1O,-8.9,0.9349999999999999,3.126023318085012,-10.6
[C@H](C(=O)Nc1c(F)c(F)cc(F)c1F)[C@H]1C[C@@H](C)N(c2ccccc2)C1,-9.4,0.727,3.644012765229348,-10.1
[NH+]/C(=C\c1ccc(Cl)cc1)N[C@@H](c1ccc(C)cc1)c1ccccc1O,-10.1,0.8029999999999999,3.0086304813809406,-9.4
Fc1ccc(-c2ccnc(NC[C@@H](O)c3ccccc3)c2)cc1,-8.5,0.828,2.346062132067704,-11.0
Fc1ccccc1Cn1c[nH+]cc(C(=O)Nc2ccc([N+](=O)[O-])cc2)c1=O,-8.7,0.628,2.838839119732759,-10.8
FC(F)(F)c1ccc2oc(C(=O)N3CCC[C@@H](C(=O)NC4CC4)C3)cc2c1,-9.4,0.865,2.7589644173727663,-10.1
Fc1ccc(-c2noc(-c3ccc(NCc4cccnc4)o3)n2)cc1,-8.4,0.6699999999999999,2.4379368910622983,-11.1
Fc1cccc(C[C@H]2CCCC[C@@H]2[NH2+][C@@H]2CC(F)(F)OC2=O)c1,-8.8,0.943,4.51643419883622,-10.7
[C@H]OCc1cccc(NC(=O)c2ccc(=O)n(-c3ccccc3)n2)c1C,-8.5,0.85,2.4863438345780065,-10.9
[C@H]Oc1cccc([N-]S(=O)(=O)c2ccc3c(c2)C(=O)N(Cc2ccccc2)C3)c1,-8.7,0.693,3.341655282967009,-10.7
[P@@]=C(NC(=S)NCc1ccc(Cl)cc1)N1c2ccccc2C[C@H]1Cc1ccccc1,-9.7,0.46399999999999997,3.0594534962304936,-9.7
[P@@]Cc1nc(CN2CCC[C@@H]2c2ccccc2F)oc1NC(=O)c1ccco1,-8.7,0.6769999999999999,3.460570444641851,-10.7
[C@H][NH+](Cc1ccc(F)c(Br)c1)C(c1ccccc1)c1nc(C(F)(F)F)cs1,-9.0,0.619,4.039224929911399,-10.4
[N+](=O)c1ccccc1NC(=O)c1cc[nH+]c(N2CCCCC2)c1,-9.2,0.9219999999999999,3.489471116257416,-10.2
[N+]=C/C=C/C(=O)N[C@H]1CCCC[C@@H]1CCN1CCc2ccccc2C1,-8.8,0.72,3.667464438180475,-10.6
Fc1ccc(CN2CCC([NH+]3CCC[C@@H]3CCc3ccccc3)CC2)cc1,-8.8,0.901,3.776145583757554,-10.6
Fc1cc(/C=N/N=C2\Sc3ccccc3N2)ccc1OCc1ccccc1,-9.1,0.471,2.53093673106879,-10.3
Fc1cc(N2CCCC2)ccc1NCC1CCN(S(=O)(=O)c2cc(F)ccc2F)CC1,-9.0,0.792,2.351513144161837,-10.4
Fc1cc2c(cc1NC(=S)N[C@H]1CCCC[C@H]1C(=O)NC[C@@H]1CCCC[C@@H]1O)N(c1ccccc1)C2=O,-9.9,0.492,3.7715031625247217,-9.5
[C@H]Oc1cccc(-c2cnc(NC(=O)[C@@H](C)N3CCC(c4ccccc4)CC3)nn2)c1N,-8.8,0.658,3.3342526059574364,-10.5
[C@H]1CCCCN1C(=O)CS[C@@H]1N=C2N=NN(c3ccccc3)[C@@H]2C1,-8.5,0.9229999999999999,4.450225180514101,-10.8
Fc1ccc(-c2ccccc2NC(=O)c2cccc(Cl)c2Cl)cc1,-9.4,0.6849999999999999,1.7273846139447713,-9.9
Fc1ccc(-n2ncc3c(=O)n(-c4cccc(F)c4)ncc32)cc1,-9.0,0.65,2.204386650143864,-10.3
F[N+]([O-])=C(CC[NH+]1CCn2cccc2C1)c1c([O-])c2ccccc2oc1=O,-9.0,0.316,4.9106410207693685,-10.3
FC(F)(F)Oc1ccc(Nc2nc3cc(Cl)cc(Cl)c3s2)cc1,-8.3,0.665,2.30257486912768,-11.0
Fc1cccc(CN2CC[NH+](CCc3nc(-c4ccc(Cl)cc4)no3)CC2=O)c1,-8.9,0.749,3.6101789814515737,-10.4
[NH+]/1(C(=O)Cn2ncc(C(F)(F)F)n2)c2ccccc2C(=O)c2ccccc21,-9.2,0.825,3.667626164267171,-10.1
[P@@]=C(\N=c1/[nH]c(Cl)nc2c1cnn2-c1ccccc1)c1ccccc1F,-9.6,0.509,3.0828965663867374,-9.7
[N+]1=C2CCC[C@@H]2[C@H]1C(=O)NCc1ccc(OCc2ccccc2)cc1,-8.6,0.863,3.399344075351893,-10.7
[NH+]=C(/NCc1cccnc1)N1CCN(c2nc3ccccc3c(=O)[nH]2)CC1,-9.3,0.493,2.827690129316114,-9.9
[NH+]Nc1cccc(C(=O)NCc2cc(=O)n(C)c3c2CCC3)c1,-8.9,0.856,2.946467820311112,-10.3
[C@H]n1c(SCCC(=O)N[C@H]2CCCc3ccccc32)nnc1-c1ccc(F)c(F)c1,-9.0,0.6729999999999999,3.195126298648605,-10.2
[P@@]=C(OCc1ccncc1)NC(=O)c1cc(=O)[nH]c2ccc(Cl)cc12,-8.7,0.754,2.780032817975126,-10.5
[N+]/c1cc(N2CCN(c3ccc(Cl)cc3)CC2)ccc1OCc1ccc(Cl)cc1,-8.7,0.613,2.398687998444302,-10.5
FC(F)c1cccc(C[S@@](=O)c2nc3cc(Cl)ccc3[nH]2)c1,-8.2,0.842,3.031793425624727,-11.0
FC(F)(F)c1cccc(C(=O)NCc2nnnn2C[C@@H]2CCCO2)c1,-8.7,0.864,2.7864650329898257,-10.5
Fc1ccc(-c2cccnc2)cc1OCC(=O)N1CCN(Cc2ccco2)CC1,-9.1,0.722,2.209486821973714,-10.1
FC(F)(F)c1ccc(C[NH+]2CCC[C@@H](c3nc4ccccc4[nH]3)C2)o1,-8.7,0.842,4.31352297348079,-10.5
[NH+]1CCN(Cc2c[nH+]c3ccccc3n2)C[C@@H]1Cc1ccccc1,-8.8,0.854,4.318020490293993,-10.3
[P@@](=C/Nc1ccc2ccccc2c1)Nc1ccc([N+](=O)[O-])cc1,-8.4,0.478,2.7639574538004705,-10.7
[P@@](=NC(=O)Nc1nnc(C2CC2)s1)OCc1cccc(C(F)(F)F)c1,-8.2,0.792,3.2083743130997195,-10.9
[NH+](CC1CC1)[C@H]1CCN(C(=O)c2ccc(C3CCCC3)cc2)C1,-8.3,0.87,3.43694272908263,-10.8
[N+]([O-])c1ccc(Nc2ncnc3c2CCN(c2ccc(F)cc2)C3)cc1,-8.4,0.8069999999999999,2.788735562338156,-10.7
[N+]c1ccc(Br)cc1Oc1ccc(NC(=O)C2CCCCC2)cc1,-8.6,0.837,2.468045513020119,-10.5
Fc1ccc(Oc2sc3cc(NCc4ccccc4)c[nH+]c3c2CN2CCOCC2)cc1,-9.3,0.506,3.1177178557562613,-9.8
Fc1ccc(C2=NS(=O)(=O)c3cc(F)ccc3O2)cc1C(F)(F)F,-8.9,0.8089999999999999,2.820572448960432,-10.2
FC(F)(F)c1ccccc1NC(=O)CN1CCN(C(=O)COc2cccc(F)c2)CC1,-9.1,0.783,2.093167894583829,-10.0
FC(F)(F)C1CCN(C(=O)c2cnn3c2OCCC3)[C@]1c1ccccc1Cl,-9.1,0.85,3.741068708870742,-10.0
Fc1cc(F)ccc1C(=O)N1CCC(O)(F)c2ncccc21,-9.2,0.861,3.189140173377238,-9.9
[P@@]1/c2ccccc2C(=O)N1CCC[NH+]1CCC(Cc2ccccc2F)CC1,-8.9,0.841,4.125754783649121,-10.1
[N+]1=C[C@H](C(=O)Nc2ccccc2)[C@@H](c2c[nH]c3ccccc23)N1c1ccc(F)cc1,-9.2,0.614,3.5959029378745075,-9.8
[N+]c1ccc(C[NH+]2CCC(CN3C(=O)c4ccccc4C3=O)CC2)cc1O,-8.5,0.879,3.848265022777082,-10.5
[N+]n1c(=O)c2ccccc2nc1-c1ccc(Br)cc1C(F)(F)F,-9.4,0.725,2.7484760367100964,-9.6
[N+]=C(/C=C/c1ccc2c(c1)OCO2)Nc1ccc(Cl)c(Cl)c1,-8.7,0.761,2.6978310494944484,-10.3
[N+]1=C(C2(c3ccccc3)N=N2)/C(=C/c2ccc(O)cc2)C1,-9.1,0.9,3.3496355498142627,-9.9
Fc1ccc(F)c(CN2CCC(c3nncn3CCc3ccccc3)CC2)c1,-9.2,0.721,2.310391221960975,-9.8
Fc1ccc(-c2ccc([C@H]3CCCN3C(=O)Cc3cccc(Cl)c3Cl)o2)c(Cl)c1,-9.8,0.509,2.863764427712629,-9.2
FC(F)(F)c1ccccc1SC1CCN(C(=O)c2ccccc2[N+](=O)[O-])CC1,-8.7,0.605,2.4099560653727217,-10.3
Fc1ccc(COc2ccccc2CN2CCN(Cc3ccco3)CC2)cc1,-8.7,0.691,1.965824597489356,-10.3
FC(F)(F)c1nnc(-c2ccccc2)n1[C@H]1CC(=O)N(c2cccc(Cl)c2)C1,-9.5,0.719,2.929833692505099,-9.5
[NH+]=C(c1cccc(Cl)c1)[NH+](C)C/Cc1c[nH]c2c(Cl)cccc12,-8.4,0.5539999999999999,3.8760293527689313,-10.5
[NH+]1(c2nc(-c3c[nH]c4ccccc34)nn2-c2ccccc2)CC1,-9.0,0.648,3.093599275236277,-9.9
[P@@]/N=C(\NCc1cccc2c1CCCC2)N1CCc2ccccc21,-9.1,0.58,2.831806585138448,-9.8
[N+]=C[C@@H]1CC(C(=O)Nc2ccccc2C#N)=C(C)c2ccccc21,-8.9,0.862,3.4573686803392416,-10.0
[N+]([O-])c1ccc([C@H]2CN(C(=O)c3ccc(F)c(F)c3)N=N2)cc1,-8.4,0.894,3.6819020154908255,-10.5
[N+]([O-])C[C@H](c1ccco1)N(Cc1c[nH]c2ccccc12)C(=O)Cn1nnc(-c2ccccc2)n1,-8.8,0.42,3.446848932573144,-10.1
[N+]1=CCCC[C@H]1C(=O)N1CCC(NC2=Cc3ccccc3C(=O)N2C2CCC2)CC1,-9.3,0.9279999999999999,3.790633867583279,-9.6
[N+]=Cc1ccc(Cl)c(S(=O)(=O)Nc2ncn(Cc3ccccc3)n2)c1,-8.4,0.747,2.7536861224171627,-10.5
Fc1cccc([C@H]2c3cc(NC(=O)CCCn4cccc4)[nH]c3CCS2)c1,-8.9,0.725,3.522710434899542,-10.0
FC(F)(F)CCC[NH2+][C@H]1CCc2c(OCc3ccccc3)nc(-c3ccccc3)nc2C1,-9.1,0.603,3.5951298257222444,-9.8
FC(F)c1cc(C(=O)[O-])cc(-c2cc(F)ccc2F)c1,-8.9,0.892,2.7352747697504114,-10.0
Fc1cccc(COc2ccc3nn(-c4ccc(OCC(F)(F)F)cc4)n3c2)n1,-8.8,0.436,2.976488832549956,-10.1
Fc1cccc(-c2nc(-c3ccc(Cl)cc3)no2)c1,-8.5,0.783,1.766699852615428,-10.4
[NH+]=C(/NCC(=O)NCc1ccccc1)N1CCN(c2ncccn2)CC1,-8.5,0.523,2.554374833593215,-10.3
[NH+]N=C([O-])CCC(=O)Nc1cccc(C(=O)NOCc2ccccc2)c1,-8.3,0.46499999999999997,2.796608075742247,-10.5
[N+]1=C/C=C/C1=C\c1ccc(OCc2coc(-c3ccccc3)n2)cc1,-8.3,0.784,3.0512758515612584,-10.5
[N+]n1c(=O)[nH]c(=S)n1/N=N/c1nc2ccc(Cl)cc2n1CCC(=O)N1CCN(Cc2ccccc2)CC1,-9.3,0.365,3.388865739975285,-9.5
[N+]([O-])Cc1ccccc1C(=O)N1CCC2(CC1)NC(=O)N(c1ccc(Cl)c(Cl)c1)C2,-10.0,0.8029999999999999,3.581334207729947,-8.8
[N+]1=CCCC[C@@H]1C(=O)Nc1ccc(Cl)cc1N[C@H]1CCCc2ccccc21,-9.5,0.884,3.838657046756581,-9.3
FC(F)c1ccn(-c2cccc(C[NH+]3CCc4ccccc43)n2)c1,-8.9,0.862,4.285242028755532,-9.9
Fc1cccc(/C=C/C[NH2+]Cc2cccc(C(F)(F)F)c2)c1,-7.9,0.722,3.027810205821992,-10.9
[N+]c1cccc2c1CN(Cc1cc(F)ccc1F)CC2,-8.6,0.904,2.751651827780101,-10.2
[N+]=Cc1ccc(Cn2c(Nc3ccccc3)nc3ccccc32)cc1,-9.2,0.643,2.388384500209906,-9.6
[nH+]1/N=C(/NC(=S)NCc2cccc(Br)c2)nc2ccccc21,-8.2,0.77,3.1352757610329114,-10.6
Fc1ccc(F)c([C@H]2CCC[NH+](Cc3ccccc3)C2)c1,-8.7,0.866,3.9030049542054215,-10.1
[P@@](=C\c1sc2ccccc2c1Nc1ccc(F)cc1)C1CCCC1,-9.4,0.586,3.0158824247917515,-9.3
FC(F)(F)c1ccc(OCC(=O)N2CCC(COc3ccccc3)CC2)cc1,-8.4,0.8099999999999999,1.984741967739588,-10.3
FC(F)(F)c1cccc(CNC(=O)c2cccn2CC(F)(F)F)c1,-8.3,0.911,2.337186176771084,-10.4
FC(F)(F)Oc1cccc(-c2csc(NC3CCCCC3)n2)c1,-8.4,0.882,2.2138691436032047,-10.3
[P@@]C1CC[NH+](Cc2ccc(OCc3ccc4nc[nH]c4c3)nc2)CC1,-8.6,0.773,3.916801548026955,-10.1
[P@@]C1CCCC[C@H]1c1ccc(F)c(OCc2ccc(F)cc2)c1,-8.5,0.706,3.185655216571688,-10.2
[NH+](N/C([O-])=N/c1nnnn1-c1ccccc1)c1cc(F)cc(Br)c1,-8.6,0.45299999999999996,3.8117505297425263,-10.1
[N+]n1ccc(-c2cccc(CCC(=O)N3CCCC3)c2)c1Br,-8.0,0.905,2.7983211593845603,-10.7
[N+]c1cccc(-c2cnn(CS(=O)(=O)c3nnc(NCc4ccco4)o3)c2)c1,-8.5,0.58,3.50324515150027,-10.2
Fc1ccccc1C(=O)/C(CCOc1ccc(F)cc1)c1ccccc1,-9.0,0.612,2.391682714229173,-9.7
Fc1ccccc1N1CC[C@H](c2c[nH]nc2-c2cccs2)C1,-8.2,0.863,3.077871398520317,-10.5
FC(F)(F)c1cccc2nc([C@H]3CCCCN3C(=O)Cc3cccc(Cl)c3)[nH]c12,-9.2,0.6839999999999999,2.9082730581066247,-9.5
FC(F)(F)c1cccc(-c2cc(Br)ccc2OCc2ccco2)c1,-8.6,0.595,2.09421606190857,-10.1
Fc1cn[nH]c1C(=O)N/N=C\C1=CCC[C@H](c2nc(C3CC3)no2)C1,-8.6,0.719,3.888502384019079,-10.1
[C@H]Oc1ccc(-c2ncoc2C(=O)[C@@H]2C[C@H]2c2ccccc2F)cc1OCC(F)(F)F,-8.7,0.446,3.862953822869409,-9.9
[P@@]1CC[C@H](C(=O)Nc2ccc3c(c2)N(CCc2ccccc2)C3)C1,-8.2,0.911,3.345444867325412,-10.4
[P@@]1CCN(C(=O)CCC/C=C\c2cc(Cl)c(Cl)cc2)c2ccccc21,-8.1,0.5459999999999999,3.129916620792028,-10.5
[N+]1=C[C@H](S(=O)(=O)C2CC2)[C@H]2N=C(c3ccccc3)[C@@H](O)[C@@H]2[C@@H]1Nc1cccc(F)c1,-9.1,0.841,4.754929429196991,-9.5
[N+]([O-])Cc1cccc(-c2csc(-c3ccccc3)n2)c1,-8.1,0.756,2.461390371662624,-10.5
[N+]=Cc1ccc(CSc2nnc(Nc3ccccc3C)o2)cc1,-8.2,0.634,2.7687519428934664,-10.4
[N+]1=C[C@@H](C2=CCCCC2)[C@@H](c2ccc3c(c2)CCN3C(=O)COC(=O)CCC[NH+]2CCCC2)C1,-8.5,0.5539999999999999,4.951634060496396,-10.1
[N+]([O-])=C1\C(=N/C(=O)c2cn(C3CCCCC3)nc2-n2c(C)cc(=O)[nH]2)N=C1O,-9.9,0.667,4.0089684015273175,-8.7
[N+]1=CCCC[C@@H]1C(=O)N1CCC(Nc2ccc(Cl)c(Cl)c2)CC1,-8.0,0.885,3.601062424312774,-10.6
[N+]=C(c1ccccc1)N1CCN(c2cnn(Cc3ccccc3)c(=O)c2[N+](=O)[O-])CC1,-8.9,0.35,2.812733089946392,-9.7
[nH+]1cnc2c1n[nH]c1nc(-c3ccccc3)[nH]c12,-8.8,0.602,3.703061579838068,-9.8
FC(F)(F)c1ccc(C(=O)Nc2ccc(Cl)cc2)cc1,-8.2,0.942,1.511939291894933,-10.4
Fc1ccc2c(c1)[C@H]([NH2+]CCN1CCOC[C@H]1c1ccccc1)CCC2,-8.0,0.874,3.866856721273304,-10.6
Fc1ccc(-c2cccc(-n3ccnc3OCCN3CCOCC3)c2)cc1,-8.6,0.75,2.377273846453408,-10.0
FC(F)(F)CC[NH+](Cc1ccncc1)C(=O)c1cccc(C[C@@H]2CCCO2)c1,-8.4,0.867,4.051169666582196,-10.2
FC(F)(F)C1CCN(C(=O)c2cccnc2CC2CCCC2)CC1,-8.1,0.905,2.465317419374633,-10.5
FC(F)(F)c1ccc(Cl)c(-c2ccc(Nc3ncccn3)n2C(F)(F)F)c1,-8.4,0.636,2.9314550678671267,-10.2
FC(F)(F)COc1cccc2c1NC(=O)/C2=C/C1NC(=S)[N-]c2ccccc21,-9.6,0.66,4.171136126779684,-9.0
[C@H]1C(=O)c2ccccc2C(=O)N1c1ccc([N+](=O)[O-])c(F)c1,-8.7,0.71,2.648819447981209,-9.8
[C@H](CN1CCN(C(=O)c2ccc(Cl)c3ccccc23)CC1)[NH+]1CCCC1,-8.0,0.871,3.221963497560827,-10.5
S[C@H]1CCCN(C(=O)Cc2cccc(OCc3ccccc3)c2)C1,-8.2,0.9199999999999999,2.5813244463379466,-10.3
[NH+]/1(SCc2ccc(F)cc2)C[NH+](Cc2ccc(C(F)(F)F)cc2)C1=O,-8.2,0.701,4.244293852601669,-10.3
P=C(/C=C(\c1ccccc1)c1ccccc1)c1ccc(Cl)c(F)c1,-8.1,0.565,2.421327787267611,-10.4
[P@@]1(=O)C[C@@H](c2ccc(Cl)c(Cl)c2)N(Cc2cc(C(F)(F)F)ccc2F)C1,-8.8,0.494,3.796694888739639,-9.7
[P@@]1/C(=C/N=C/C=C/c2ccccc2)N=C1Nc1cccc(C(F)(F)F)c1,-8.7,0.597,3.3334272025613725,-9.8
C[NH+][C@@H]Sc1nc(-c2ccccc2)cc(-c2ccc(OC)c(O)c2)n1,-8.7,0.607,2.914520466945872,-9.8
[N+]1=CCCC[C@@H]1c1cc(C[NH+](Cc2cccnc2)CCCc2ccccc2)co1,-8.5,0.69,4.7756492582948695,-10.0
[N+]1=CCCC[C@H]1c1ccc(NC(=O)c2cccc(Cl)c2)cc1,-8.0,0.885,3.268047822336885,-10.5
[N+]c1cc(OCc2ccccc2)nc(-c2cccnc2)n1,-8.4,0.814,2.6005805931368826,-10.1
[N+](=O)c1ccc([N+](=O)[O-])cc1CCNC(=O)[C@@H](c1ccccc1)C(F)F,-8.3,0.655,3.3343671757676345,-10.2
[N+]c1ccc(N2CCN(C(=O)Cc3ccccc3)CC2)cc1,-8.2,0.951,2.355408453340603,-10.3
FC(F)(F)CS(=O)(=O)c1ccc(-c2nc(-c3cccnc3)no2)cc1,-8.4,0.782,2.356426401011808,-10.1
Fc1ccc(Cl)cc1N1CCC(NC(=O)[C@@H]2CCCO2)CC1,-7.8,0.908,2.62711214239183,-10.7
FC(F)C(F)(F)c1ccccc1CNc1cccc(C(F)(F)F)c1,-8.5,0.764,2.4217499637533315,-10.0
FC(F)Oc1ccc(S(=O)(=O)NNc2nc3ccccc3s2)cc1,-8.3,0.731,2.259932125256986,-10.2
FC(F)COc1ccccc1OC1CCN(C(=O)[C@@H]2CCCN(c3ccccc3)C2)CC1,-8.9,0.705,2.7803640688984235,-9.6
Fc1ccc(-n2c3ccccc3nc2NCCC[NH+]2CCCC2)cc1,-9.2,0.757,3.3047547704801765,-9.3
FC(F)(F)CCCNC(=O)[C@@H](c1cccc([N+](=O)[O-])c1)Nc1ccccc1F,-8.8,0.379,2.801929396800803,-9.7
n1ccc(-c2nc(CN(Cc3ccco3)c3n[nH]c4ccccc34)c2C#N)cc1,-8.7,0.628,3.1389130431670225,-9.7
[P@@]C1(CNC(=O)C2=C/C(=c3c(Cl)cc(C(=O)[O-])cc3=O)N=NC2)CCC1,-8.8,0.658,4.4732372901137145,-9.6
[P@@]=C(Nc1ccc(-n2cccc2C(F)(F)F)cc1)c1ccccc1,-8.1,0.698,2.7080975098723705,-10.3
C[P@@](Cc1ccccc1)C(=O)N1CCN(C(=O)c2ccc(C(C)C)cc2)CC1,-8.9,0.748,2.950134958327883,-9.5
Cn1c(=O)n(CC(=O)N2CCN(C(=O)CCc3ccccc3)CC2)c2ccccc21,-8.7,0.727,2.0832836928455247,-9.7
[N+]=Cc1ccccc1Cn1ccnc1C(=O)c1ccccc1,-8.3,0.614,2.671265184109833,-10.1
[N+]C1=C(Cl)[C@]2(CN(CCc3c[nH]c4ccc(Cl)cc34)N[C@@H]2c2ccccc2)c2ccccc21,-9.4,0.471,4.470933642083166,-9.0
[N+]([O-])CN(Cc1ccc(F)cc1)C(=O)c1ccc(N2CCCC2=O)cc1,-8.5,0.828,2.55145817969235,-9.9
[N+]c1cc(C[NH+]2CC=C(c3ccc(Cl)s3)CC2)ccc1[O-],-8.2,0.905,5.236797460582297,-10.2
FC(F)(F)CC1CCN(C(=O)c2cc3ccc(Cl)cc3s2)CC1,-8.1,0.785,2.4489784748969097,-10.3
Fc1cccc(CNCCSc2nc([O-])c3ccccc3n2)c1,-8.4,0.508,2.5587388544893344,-10.0
Fc1ccc(CN2CCC[C@H](CN(Cc3ccccc3)Cc3ccccc3)C2)cc1,-8.5,0.5539999999999999,2.362356014634212,-9.9
FC(F)(F)c1cccc(NCCNc2ccc(Oc3ccccc3)cc2)c1,-7.7,0.578,1.9147448967492653,-10.7
FC(F)(F)c1ccc(NCc2cc(C(F)(F)F)ccc2Cl)cn1,-8.4,0.828,2.275599574462668,-10.0
[P@@]=C(NS(=O)(=O)c1ccc2c(c1)CCO2)NNC(=O)c1ccc2c(c1)OCO2,-8.4,0.5529999999999999,2.836498506201126,-9.9
[P@@]=C(\CCc1nc2ccccc2[nH]1)c1cccc(F)c1,-8.0,0.792,2.599013938627513,-10.3
[N+]n1ccnc1C(=O)N1CCN(Cc2csc(Nc3ccc(Cl)cc3)n2)CC1,-9.0,0.771,2.837378484833604,-9.3
[N+]1=C/C(=C\c2ccccc2F)c2ccc([N+](=O)[O-])cc21,-8.4,0.699,3.226531180006821,-9.9
O[N+]12CCC(C(=O)Nc3ccccc3[N+](=O)[O-])C[C@@]1(c1ccccc1)N2,-8.9,0.417,3.921651847518594,-9.4
[N+]=C(c1ccc(F)cc1)[NH+]1CCN(Cc2ccccc2F)CC1,-8.4,0.742,3.3332677450018053,-9.9
S([C@H]O)c1ccc(CC[NH+]2CCC3(CC2)Oc2ccccc2O3)cc1,-8.8,0.888,4.270808776950471,-9.5
[C@@H]Oc1ccc(CNC(=O)CS[C@@H](c2ccccc2)c2cccs2)cc1,-8.3,0.6809999999999999,3.0292046251603466,-10.0
FC(F)(F)c1ccc([C@H]2NC(=O)C(c3cccs3)=C2C(=O)Nc2cccc(F)c2)cc1,-9.3,0.624,2.9536205676252045,-9.0
FC(F)(F)/C(=O)COc1cccc(C(=O)NCc2ccccc2)c1,-8.0,0.861,1.9291395778132097,-10.3
FC(F)(F)/C(Cl)=N/C(=N/c1cnn(-c2ccccc2)c1)c1ccccc1,-8.5,0.54,2.904754021688193,-9.8
Fc1ccccc1OCC[NH2+][C@@H]1CCOC2(CCN(Cc3ccc(F)cc3)CC2)C1,-8.8,0.784,3.955992761989497,-9.5
N#Cc1cc(NC(=O)[C@@H]2CC(=O)N(C3CCCCC3)C2)cc(Cl)c1Cl,-8.1,0.942,2.9245855158872107,-10.2
[N+]c1ccc(N2CCN(C(=O)CCn3cc(C(F)(F)F)cn3)CC2)cc1,-8.1,0.916,2.8932107328777814,-10.2
[N+]c1ccnc(O[C@H]2CCC(=O)N[C@@H]2c2ccc(F)cc2F)c1,-8.7,0.9249999999999999,4.006111451106383,-9.6
[N+]=C1C(=NC(=O)c2ccccc2)S/C1=C/c1cccc(F)c1,-8.1,0.9339999999999999,2.902789291252692,-10.2
[N+]([O-])c1ccc(NC[C@H]2CCCN(c3cccc(Cl)c3)C2)cc1,-8.2,0.907,2.9896892273604703,-10.1
[N+](=O)c1cccc(NC(=O)Cn2cc(C(=O)[O-])ccc2=O)c1,-8.7,0.883,3.0588903180947025,-9.6
FC(F)(F)/C(Cl)=N/C=N/C=C/Cc1ncc(-c2ccc(F)c(Cl)c2)o1,-8.2,0.46699999999999997,3.632813109086341,-10.1
[N+]=C[C@H]1CC=CC[C@H]1C(=O)N1CCC[C@@H](C(=O)c2cccc(F)c2)C1,-9.3,0.5599999999999999,3.903483596866932,-8.9
FC(F)(F)c1cc(C[NH+]2CC[C@H](OO)c3ccccc32)ccc1Cl,-8.9,0.722,4.383143519480159,-9.3
FC(F)(F)CC[NH+]1CCC[C@@H]([C@@H]2CCCN(c3nc(C(F)(F)F)c(Cl)cc3Cl)C2)C1,-8.4,0.703,4.705485990711992,-9.8
FC(F)(F)/N=C(\[O-])CCNC(=O)c1ccn(-c2ccccc2)n1,-8.4,0.59,2.8773936191276803,-9.8
[P@@]=C(Nc1ccc(C(F)(F)F)cc1F)c1ccccc1,-7.8,0.711,2.4639983128739544,-10.4
[NH+]/C=C/[C@H]1CCCN(C(=O)NCc2cc(F)ccc2F)C1,-8.1,0.875,3.387433262407592,-10.1
[N+]=C(c1cccc(OC(F)F)c1)N1CC[NH+](CC(=O)N2CCC(O)CC2)C1,-8.5,0.585,4.302805348546854,-9.7
[N+]=C1CCCC[C@@H]1OC(=O)c1cnn(-c2ccccc2)c1,-8.1,0.891,3.267685152889989,-10.1
[N+]=C1/C(=N/C(=O)c2ccc(O)cc2O)SC(=S)N1c1ccccc1,-8.5,0.882,3.1209483034159664,-9.7
[N+]1=NC(=O)C[C@@H](Cc2cccc(Br)c2)N1c1ccccc1,-8.0,0.9359999999999999,3.547338872940431,-10.2
Fc1ccc(-c2nc(Cc3ccccc3)no2)cc1,-7.8,0.7979999999999999,1.7492879545135285,-10.4
FC(F)(F)COc1ccccc1CNC(=O)c1ccc(F)cc1,-8.1,0.9309999999999999,1.822636888358451,-10.1
[P@@]=C(NC(=O)c1cc(Cl)ccc1Cl)Nc1cccc(F)c1,-8.0,0.885,2.4592717371430446,-10.1
[P@@]=C(Nc1ccc([N+](=O)[O-])cc1)Nc1ccc(C(F)(F)F)cc1,-7.9,0.5529999999999999,2.464552959787021,-10.2
[P@@]C1CCC(NS(=O)(=O)c2cccc(Oc3ccc(F)cc3)c2)CC1,-8.0,0.852,2.569678538451832,-10.1
P=C(\CCc1ccc2c(c1)OCCO2)Nc1ccc(Cl)cc1,-8.1,0.901,2.4796171071867583,-10.0
[P@@](=O)/C(=C/C(=O)c1ccc(OCc2ccccc2)cc1)NCCc1ccccc1,-8.1,0.359,2.41257406179272,-10.0
[N+]1=Nc2c(s1)[C@@H](C(=O)N1CCOCC1)C1=C(C[C@H](c3ccco3)C1)[C@@H]2c1ccco1,-9.3,0.631,4.779187694023753,-8.8
[N+](Cl)c1ccccc1[C@@H]1CCCN1C(=O)c1cc(F)c(F)cc1F,-9.0,0.83,3.184471351373212,-9.1
[N+]c1ccc(-c2nnc(-c3ccccc3Cn3cc[nH+]c3C(C)(C)C)s2)cc1,-8.6,0.595,3.759522929278047,-9.5
[N+]n1ccc(NC(=O)c2ccn(-c3ccccc3)n2)n1,-8.0,0.851,2.763964601757486,-10.1
[N+]1=CCCC[C@@H]1C(=O)Nc1ccc(CC[NH+]2CCCCC2)cc1,-8.0,0.9229999999999999,4.667634925341156,-10.1
[N+]=C(c1ccccc1)[C@@H]1CCCC[NH+]1Cc1ccc(F)cc1Cl,-8.8,0.915,4.326003468319939,-9.3
[N+]n1c(=O)n([C@@H]2CCCO2)c2c1N[C@@H](c1cccc(F)c1)C2,-8.5,0.896,4.249225314271124,-9.6
[N+]n1cnnc1SCc1nc2ccccc2c(=O)n1-c1ccc(F)cc1,-9.2,0.597,2.7554867202328914,-8.9
FC(F)(F)c1cccc(O[C@@H]2CCCC[C@@H]2C[NH2+]Cc2ccco2)c1,-8.0,0.9319999999999999,3.829778742711559,-10.1
Fc1ccc(Cl)c(NCc2ncc(-c3ccc(F)cc3)o2)c1Br,-8.1,0.656,2.4533019031513508,-10.0
Fc1c(Cl)ccc2nc(Oc3ccccc3)ccc12,-8.3,0.748,1.9534391533147275,-9.8
Fc1ccccc1OC[C@H]1CCCN1C(=O)N[C@@H]1CC(=O)N(c2ccccc2)C1,-9.0,0.9229999999999999,2.961454790693505,-9.1
Fc1ccccc1OCCN/N=C1/C(=O)C(C(=O)NCCc2ccccc2)=NC1,-8.2,0.577,2.7994171193234223,-9.9
Fc1cccnc1CN1CCN(C(=O)Nc2cc([N+](=O)[O-])ccc2F)CC1,-8.6,0.733,2.266007338356241,-9.5
FC(F)(F)c1ccc(C[NH2+][C@@H]2COc3ccc(Cl)cc3C2)cc1,-8.2,0.888,3.5388201219997013,-9.9
[C@H]1CCCc2sc([C@@H]3CCCN(C(=O)c4ccc5ccccc5n4)C3)nc21,-9.6,0.737,3.2971707635266103,-8.4
[C@H]1CCCN(C(=O)Nc2ccc(NC(=O)C(C)(C)C(C)C)cc2)C1,-7.6,0.951,2.676739796997012,-10.4
[C@H]1C(=O)N=C(N2CCC[NH+](CC[NH2+]CCc3ccccc3)C2=O)CC1,-8.0,0.759,4.977013527327824,-10.0
[P@@]=C(Cc1ccnc(OC2CCCC2)c1)NCc1cccc(Cl)c1,-8.3,0.792,2.7315077490449635,-9.7
[P@@]1C[C@H](c2cnn(C[C@@H]3CCCO3)c2)C[NH+]1Cc1cc(Cl)c(O)cc1Br,-8.4,0.757,4.906636246686993,-9.6
[P@@]C1(NC(=O)c2cc3cc(F)cc(F)c3cc2)CCC1,-8.2,0.908,2.889218732454376,-9.8
[P@@](=C\c1ccc(OCc2cccc(Br)c2)o1)c1cccc(Cl)c1,-7.9,0.587,3.1503168108613195,-10.1
Cc1c(C(=O)N[C@@H](C)CS(=O)(=O)c2cc(Cl)ccc2OC(F)F)sc2ccccc12,-8.6,0.6,3.008372037991508,-9.4
COc1ccccc1CNC(=O)Nc1cccc(C(C)=O)c1,-8.0,0.913,1.667695813762439,-10.0
[C@H](=C[C@H](O)c1ccn(C2CCCC2)n1)C(=O)Nc1cccc(OC)c1,-7.8,0.871,3.118979307096001,-10.2
Fc1ccccc1OCc1ncc(-c2ccccc2F)o1,-7.8,0.8009999999999999,1.9840484123615525,-10.2
FC(F)(F)c1ccc(Nc2ncnc3nonc23)cc1F,-8.0,0.813,2.673441795138819,-10.0
F[C@@H](Cc1ccccc1)C1CCN(S(=O)(=O)c2ccccc2)CC1,-7.7,0.908,2.533830189290647,-10.3
FC(F)(F)c1ccccc1CNC(=O)c1ccc(/N=N\CC(=O)[O-])cc1,-8.2,0.878,2.7230698740790444,-9.8
Fc1cc(/N=C(\NCc2nc(-c3ccco3)cs2)c2ccccc2)cs1,-9.4,0.447,3.020095423529595,-8.6
FC(F)(F)c1cc(NCC[NH+]2CCCC2)nc(-c2ccccc2)n1,-8.8,0.959,3.4842950113478786,-9.2
FC(F)C1CCN(C(=O)CNc2cccc(OCC(F)(F)Cl)c2)CC1,-7.7,0.656,2.737550901728481,-10.3
COc1cc(/C=C2\C(=O)NC(=O)N(c3ccc(Cl)c(Cl)c3)C2=O)c(OC)cc1OC1CCCCC1,-8.8,0.487,2.5628066844533794,-9.1
[NH+]=C1/C(=C/c2ccc3c(c2)OCO3)C([O-])=NC(=S)N1Cc1ccccc1,-8.5,0.873,3.1945574894636604,-9.4
[P@@](=C/c1ccc2ccccc2c1)N[C@@H]1CCCC[C@@H]1CCO,-8.2,0.883,3.701434680289721,-9.7
[P@@]1CCC(C[C@H](O)c2ccccc2)=C1N1CCc2ccccc21,-8.7,0.902,3.5127394502280334,-9.2
[P@@]=C(N[C@H](c1ccccc1)c1ccccc1)Nc1cccc(Cl)c1,-8.0,0.642,2.252986650143864,-9.9
C[P@@](C)(COc1cc(C)cc(F)c1)Cc1c(C(C)(C)C)c(C)nn1CCc1ccccc1,-8.8,0.422,3.059883945193139,-9.1
[P@@]1CCC(Nc2ccccc2[N+](=O)[O-])=C1CC1(c2ccc(Cl)cc2)CC1,-9.2,0.438,3.282267535201706,-8.7
[C@@H]Oc1ccc(/C=C(\C#N)C(=O)N2CCc3ccccc32)cc1,-8.9,0.726,2.676381031715092,-9.0
[N+]([O-])CCOC(=O)c1cc(S(=O)(=O)N(Cc2ccccc2)c2ccccc2)nc2ccccc12,-8.8,0.286,2.7753839181687,-9.1
[N+]c1ccccc1OC[C@H]1CCCN1C(=O)Cc1cncc(F)c1,-8.1,0.9269999999999999,3.3071479150431564,-9.8
[N+][C@@H]1CCCCN1C(=O)c1c[nH+]ccc1N1CCc2ccccc21,-8.3,0.9309999999999999,4.10392268809619,-9.6
[N+]=Cc1cccc(S(=O)(=O)Nc2cc(C(F)(F)F)ccc2F)c1,-8.1,0.764,2.6747194255792923,-9.8
[N+]=Cc1cccc(Oc2cc(OCc3ccccc3)n[nH]2)c1,-7.8,0.79,2.945809984405692,-10.1
[N+]=Cc1ccccc1NC(=O)c1nnc([C@@H]2CCCO2)s1,-8.0,0.953,3.475123236118236,-9.9
[N+]n1cc(-c2ccccc2)cc1/C=N/NC(=O)COc1ccc(Br)cc1,-8.2,0.579,2.6851094894636613,-9.7
[nH+]1c(C(=O)N2CCN(c3ccc(Cl)cc3)CC2)noc1N1CCOCC1,-8.3,0.871,3.064968153431272,-9.6
Fc1cccc(C(F)(F)CO[C@H](C2=CCCCC2)N2CCOCC2)n1,-8.6,0.657,3.787077384019078,-9.3
FC(F)(F)c1ccc(NC(=O)[C@@H]2COc3ccc(Cl)cc3N2)cc1,-8.3,0.9289999999999999,2.711247011533948,-9.6
FC(F)C(F)(F)c1cccc(NCc2ccccc2)c1F,-8.3,0.863,2.34283513236851,-9.6
Fc1cccc(-c2cc(-c3ccccc3)no2)c1,-8.4,0.751,1.7581907525521476,-9.5
Fc1ncc(F)c(-c2ccccc2)c1NCc1ccc(Cl)cc1Cl,-8.2,0.659,2.363698867338435,-9.7
COCOC1=C(CNC(=O)CN2C(=O)N[C@@]3(CCc4ccc(F)cc4)C(=O)[C@@H]32)c2ccc(F)cc21,-8.4,0.586,3.924458177715853,-9.4
[C@H](C)C(=O)NC[C@H](c1ccc(F)cc1)c1cccc(F)c1,-8.3,0.877,2.679925309343707,-9.5
[P@@]=C(NCc1cc(=O)[nH]c(-c2ccc(Cl)cc2)n1)[C@H]1CCCO1,-7.9,0.895,3.469886899837249,-9.9
[P@@]=C(SCC(=O)Nc1ccc2c(c1)OCO2)c1cccc(Cl)c1,-7.9,0.882,2.5983789338129952,-9.9
P=C(\C1CCCC1)c1ccc(Cn2cccnc2=O)cc1,-8.4,0.893,2.68375812232372,-9.4
[N+]1=C[C@@H]2C[C@@H](C(=O)[O-])[NH+](Cc3ccccc3)[C@@H]2C1c1ccc(Br)cc1Cl,-9.4,0.866,5.349316667749537,-8.4
[N+]1=CCN(c2nc(C[NH+]3CCCCC3)c3ccc(Cl)cc3n2)CC1,-8.9,0.886,4.473761514715912,-8.9
[N+]([O-])Cc1cc(Cn2c(=O)n(-c3cccc(Cl)c3)c(=O)n2C[C@H]2C[C@@H](C(N)=O)N(c3ccccn3)C2)c[nH]1,-9.9,0.385,4.382002575985843,-7.9
[N+]([O-])c1ccc([C@H]([NH3+])CN2CCc3ccccc3C2)cc1F,-7.8,0.956,3.757116537996225,-10.0
[N+]([O-])CN1CCc2nc(NCc3ccccc3)cc(Cl)c2O1,-8.0,0.938,3.3017735975713727,-9.8
[N+]N[C@H]N[NH+](Cc1ccccc1)Cc1nc2ccccc2n1Cc1ccccc1,-8.8,0.46599999999999997,3.748713430723232,-9.0
FC(F)(F)C(F)(F)c1ccc(-c2ccncc2)[nH]c1=O,-8.3,0.944,2.637026051801694,-9.5
Fc1ccc(-c2nnn(-c3ccccc3)n2)cc1,-7.9,0.771,1.863774206833714,-9.9
O[C@H]1c2cc(F)ccc2C(=O)N1C[C@@H](O)C[NH+](CCO)Cc1ccccc1,-8.2,0.591,4.344733318251636,-9.6
[NH+]=C(Nc1ccc(C#N)cc1)N1C(=O)/C(=C/c2cccnc2)SC1=S,-8.7,0.439,3.01653877680503,-9.1
[P@@]=C(/CC(=O)N1CCN(c2ccc(Br)cc2)C1=O)c1ccccc1O,-8.7,0.846,2.8524193680447745,-9.1
[P@@]1CO[C@H](c2ccc(F)cc2)N1/N=C/c1ccc([N+](=O)[O-])cc1,-8.2,0.448,3.5835260606764088,-9.6
[N+]1=CCCC[C@@H]1c1nc(-c2ccc(F)cc2)n[nH]1,-8.1,0.96,3.872244766867732,-9.7
[N+]c1cccc(C[NH+]2CCC(Oc3ccccc3F)CC2)c1,-8.2,0.902,3.947614462955987,-9.6
[N+]1=C2CCN(CCCCOc3ccccc3)C(=O)[C@H]2[C@@H]2c3ccccc3C(=O)N12,-9.2,0.7939999999999999,3.781183400906821,-8.6
Fc1ccc(N[C@@H]2CCCN(c3cccc(F)c3)C2)cc1,-8.2,0.896,2.2914450520072656,-9.6
Fc1cccc(NC2CC[NH+](CCOc3c(F)cccc3F)CC2)n1,-8.1,0.862,3.6043416207920274,-9.7
FC(F)(F)c1ccc(S(=O)(=O)N2CCN=C2c2ccccc2)cc1,-8.2,0.9299999999999999,2.2343749394664822,-9.6
n1ccc(-c2csc(CC[NH+]3CC(C)(Cc4cccnc4)C3)n2)cc1,-7.9,0.821,3.3966288968721106,-9.8
[P@@]1C=N[C@H](c2c(Cl)cccc2Cl)[C@H]1c1ccc([N+](=O)[O-])cc1F,-8.4,0.469,4.048796846816442,-9.3
[P@@]c1cn(-c2ccccc2)nc1-c1ccccc1Cl,-8.3,0.724,2.4248100624056352,-9.4
[P@@]1C[C@@H](c2ccccc2)NC(=O)N1CN1CCC(OCc2ccccc2)CC1,-8.3,0.823,3.4045215516339216,-9.4
[N+]n1ccc(N=C2c3ccccc3C(=O)N2C[C@H]2CCCO2)c1Cl,-8.4,0.94,3.862792062200347,-9.3
[N+]n1ccc(NC(=O)[C@@H]2CC(=O)N(c3ccccc3)C2)c1Cl,-7.9,0.9189999999999999,3.233431390885272,-9.8
[N+]1=C[C@@H]2[C@H](CC2=O)N[C@@H]1/C=C/C(=O)c1ccc(Cl)cc1,-7.9,0.755,4.5495656619265095,-9.8
[P@@]=C(Nc1ccc2c(c1)OCO2)c1cc(F)ccc1F,-8.0,0.955,2.5935433257558103,-9.7
P=C(/C=C(\C)c1ccc(Cl)cc1F)Cc1ccccc1,-7.7,0.74,2.6002696415452835,-10.0
[NH+](NCCc1ncc(C2CC2)n1C[C@@H]1CO[C@H](Cn2CCCC2)C1)[C@H]1CCS(=O)(=O)C1,-8.0,0.45999999999999996,4.76765446082573,-9.7
[N+]=C/C=C\C(=O)OC[C@@H]1c2ccccc2C(=O)N1c1ccccc1,-9.0,0.5619999999999999,3.300571995310713,-8.7
[N+]1=CCCC[C@@H]1SCc1cc(C(F)(F)F)ccc1F,-7.8,0.848,4.019999909944602,-9.9
[N+]/C=C/c1cccc(OO[C@@H](CO)c2ccccc2)c1,-7.7,0.728,3.497370059944749,-10.0
O[N+](c1ccccc1)N1CCC(CN(CCO)Cc2ccccc2)CC1,-8.0,0.645,2.6519373842005027,-9.7
O[N+]1(c2ccccc2)c(=O)n(-c2cccc(Br)c2)N1,-8.1,0.74,3.5219135529054144,-9.6
[N+]c1ccc(Nc2ncnc3sc(C(C)C)cc23)c(F)c1,-8.1,0.86,3.176956006351335,-9.6
[N+]1=CN=C([C@@H]2NC(=O)N(CCSc3ccccc3)c3ccc(Cl)cc32)S1,-8.1,0.6839999999999999,3.86282142677978,-9.6
FC(F)(F)CC[NH2+][C@@H]1CCN(CC2CCN(c3ccc(F)cc3)CC2)C1,-8.0,0.854,3.603781209031669,-9.7
Fc1cccc2ncnc(N[C@@H](CO)c3ccccc3)c12,-8.2,0.853,2.582509364743709,-9.5
FC(F)c1ccc(O[C@H]2CCO[C@@]3(CCC[NH2+]C3)C2)cc1,-8.0,0.909,4.768158718693506,-9.7
FC(F)(F)c1nnc(Sc2ccccc2F)n1-c1cccc([N+](=O)[O-])c1,-8.6,0.45699999999999996,2.4713487202328928,-9.1
Fc1ccccc1N1CCN(CNc2ccccc2F)CC1,-8.1,0.916,1.983727924494449,-9.6
NOc1ccc2c(c1)OCC[C@@H]2NC(=O)N1CCC[C@@H](Nc2ccc(F)cc2)C1,-9.0,0.766,3.25339929618801,-8.6
S/C(=C\c1ccc(Cl)cc1)n1nnc2ccccc21,-8.5,0.8029999999999999,2.502580132335707,-9.1
[P@@]=C(Nc1cccc(C(F)(F)F)c1)c1ccccc1Cl,-7.9,0.832,2.4116623688180105,-9.7
[P@@]=C(NCCCN1C(=O)CCc2ccccc21)c1ccc(Cl)cc1,-8.1,0.701,2.532590663521791,-9.5
P=C(\[O-])c1ccccc1Oc1cccc2ccccc12,-8.1,0.766,2.3513898006964773,-9.5
[P@@]C1(c2nnc(NC3CCCC3)n2CC2Cc3ccccc3C2)CC1,-9.2,0.889,3.2055026587266955,-8.4
[P@@]=C(NCc1ccc([N+](=O)[O-])c(F)c1)NNC(=O)c1ccc2c(c1)OCO2,-7.8,0.45599999999999996,2.778972722971625,-9.8
[P@@]=C(NC(=O)c1ccc(Br)cc1)N1CCc2ccccc21,-8.3,0.9259999999999999,2.4609136204321693,-9.3
[P@@]CC(=O)Nc1sc(-c2cccnc2)nc1-c1cccc(F)c1,-8.2,0.7959999999999999,2.7293111016451626,-9.4
[P@@]1CCC[C@@H](CCC/C(Cl)=C2\C(=O)C(=S)N(CO)C2)N1c1ccccc1,-7.7,0.51,4.460375387825847,-9.9
[P@@]CS(=O)(=O)c1ccc(O[C@H]2CCN(c3ccccc3)C2=O)cc1,-7.5,0.848,3.0625374586197847,-10.1
[P@@]=C(Nc1ccccc1F)N1CCN(c2ccccc2)CC1,-7.8,0.951,2.275591866802141,-9.8
SC(NC[C@H]1CCc2ccccc21)c1ccccc1,-8.0,0.713,3.109593208301193,-9.6
C[C@H](CCC(C)C)NC(=O)[C@@H]1C[C@]12CCc1ccccc12,-8.0,0.955,3.8448242803871153,-9.6
[C@@H]1C(=O)N(C2CCN(C(=O)c3ccccc3Cl)C2)CC1,-8.0,0.916,3.021613198294601,-9.6
[P@@]#Cc1cccc(N2CCC(C[NH2+]Cc3ccccc3)CC2)c1,-7.9,0.916,3.323382306910485,-9.7
[N+]1=C[C@@H]([C@@H]2NC(=O)C[NH+]=C2c2ccc(F)cc2F)N=N1,-9.0,0.757,5.287205953748217,-8.6
[N+]=Cc1ccc(CN2CCC[C@@H](NC(=O)C(F)(F)F)C2)cc1,-7.8,0.938,3.1735893537051068,-9.8
[N+]([O-])C(c1ccccc1)N(CC(=O)c1ccc([N+](=O)[O-])cc1)C(=O)Nc1ccccc1,-8.3,0.414,3.044178627668609,-9.3
[N+]c1ccc(OCC2=NN=NN2)cc1NCc1ccc(O)cc1,-8.2,0.719,3.0524348361196427,-9.4
[N+](Cc1ccccc1)Cc1nc(-c2ccccc2)no1,-7.7,0.791,2.5081881030837465,-9.9
[N+]=Cc1cncc(CSc2nccc(-c3ccccc3)n2)n1,-7.7,0.491,2.951090694464863,-9.9
[N+]([O-])c1ccc(NC[C@H]2CCCN2S(=O)(=O)Cc2ccccc2)cc1,-8.1,0.85,3.108133153249849,-9.5
[N+](=CCCCc1ccccc1)NC1C[C@H]2CCCC[C@@H]2C1,-7.7,0.5589999999999999,3.6303829401539,-9.9
c1nn(CN2CCN(C(=O)[C@@H]3CCCN(Cc4ccc(F)cc4)C3)CC2)cc1F,-8.0,0.848,2.887127882550475,-9.6
[C@H]Oc1ccccc1C[C@@H](N)CNc1ccc2c(c1)CCC2,-7.9,0.94,3.0545011877215,-9.7
Fc1ccc(Cl)cc1/C=C/C[NH+](CCN1CCOCC1)c1ccccc1,-8.5,0.881,3.757197135281805,-9.1
Fc1ccc2cc(C(=O)NC3CC[NH+](C4CC4)CC3)ccc2c1,-8.2,0.872,3.238515996750058,-9.4
FC(F)(F)Oc1ccc(/C=C2\CCC[C@@H]2C(F)(F)F)cc1,-8.3,0.751,3.092825233861649,-9.3
Fc1cccc(C2=NOc3ccccc32)c1,-8.3,0.696,1.8589468386871195,-9.3
Fc1cc(CNC2CC([O-])C(=O)N(c3ccccc3)C2)sc1Cl,-8.3,0.896,3.817754764715852,-9.3
FC(F)(F)Oc1ccc(/C=C2\SC(=S)N(C3CCCC3)C2=O)cc1Cl,-7.9,0.577,2.507931503735172,-9.7
Fc1ccc(-n2cccn2)cc1N[C@@H](CO)c1ccccc1,-8.1,0.84,2.6000422934907306,-9.5
FC(F)c1ccc(OCCN(c2ccccc2)C(=O)COc2ccc(Cl)cc2)cc1,-8.4,0.512,2.1252327089457026,-9.2
Fc1ccc(CN[C@@H]2CCCC[C@@H]2OC2CCCC2)cn1,-7.7,0.9219999999999999,3.175955680316964,-9.9
Fc1ccc(NC2CCN(c3cc[nH+]cc3)CC2)c(C(F)(F)F)c1,-8.0,0.943,3.173395473673277,-9.6
Nc1ccc(S(=O)(=O)/N=C(\[O-])C2CCC(C(=O)[O-])CC2)cc1,-7.8,0.52,3.248206434109834,-9.7
P=C(/Cc1ccccc1)C(=O)NCC(=O)Nc1ccc2c(c1)OCCO2,-8.2,0.844,2.4851599510021227,-9.3
[P@@]1CCC[C@H](c2c[nH]c3ccccc32)N1Cc1ccccc1F,-7.8,0.71,3.4385423914045044,-9.7
[P@@]CCCC1CCC([NH2+][C@@H]2CCCc3ccccc32)CC1,-7.9,0.858,4.21750674097932,-9.6
[P@@]=C(Nc1cccc2c1CN2C(C)=O)c1ccccc1,-8.0,0.952,2.7764850261606693,-9.5
[P@@]=C([O-])C(=O)NNC(=O)Cc1cccc2ccccc12,-7.9,0.714,2.6070048063804485,-9.6
[P@@]=C(SCc1ccccc1)n1nnc(-c2ccccc2)n1,-7.7,0.755,2.669523273037628,-9.8
[P@@]=C(/NCc1cccnc1OC(F)(F)F)N1C[C@@H]2CC=CC[C@@H]2C1,-8.0,0.728,4.090612459846202,-9.5
[P@@]1C[C@H](c2ccccc2OC(F)F)C(=O)N1Cc1ccc(F)c(F)c1,-7.8,0.651,3.535349252150945,-9.7
[P@@]C/C=C/c1cnc(Nc2cccc3ccccc23)cn1,-7.5,0.782,2.8204083847001584,-10.0
[P@@]=C(NCc1ccn(Cc2ccccc2)n1)c1ccccc1,-7.6,0.785,2.444421582038828,-9.9
[P@@][C@H]1CCC[NH+](CCN2CCN(c3ccccc3F)C2=O)C1,-7.9,0.917,4.672053885699695,-9.6
[N+]=C(C[C@@H]1CCCO1)N1CCC(OC(=O)Cc2ccc(F)cc2)CC1,-7.6,0.5449999999999999,3.2438966147883086,-9.9
[N+]c1cc(/C=C/CCO)ccc1C(=O)OCc1ccc(Cl)cc1,-7.7,0.9,2.727325808476792,-9.8
[N+]([O-])c1ccc(F)cc1CNc1ccc(OC(F)(F)F)cc1,-8.2,0.748,2.6512504694187875,-9.3
[N+]1=C(C(=O)NCc2cccc(F)c2)C(=O)N(CC[NH+]2CCCC2)[C@@H]1O,-7.9,0.636,4.653913353683216,-9.6
[N+]1=C[C@@H](N/N=C\c2ccco2)C(=O)N1C(c1ccccc1)c1ccccc1,-8.3,0.624,3.640515571218918,-9.2
[N+]1CCN(c2nc(NCc3ccccc3Cl)cc[nH+]2)CC1,-8.1,0.913,4.1874480869334105,-9.4
[N+]=C1C(=S)N(Cc2ccc(OCc3ccccc3)cc2)C(=O)N=C1Cl,-8.3,0.837,2.77682090031532,-9.2
[N+]=CC(=O)/C=C1\N=N[C@@H](C(F)(F)F)[C@@H]1c1ccc(F)cc1,-8.3,0.5599999999999999,4.574480337493402,-9.2
[N+]c1cc(C[NH+]2CC[C@@H](CNCc3ccccc3)C2)n[nH]c1=O,-8.1,0.762,4.686676206029991,-9.4
[N+]1=C[C@H](CC([O-])Cl)NC(=O)N1c1cccc(C(F)(F)F)c1,-8.0,0.9309999999999999,4.681501390124981,-9.5
[N+]c1cccc(NC(=O)Nc2ccc(F)cc2)c1O,-8.2,0.8039999999999999,2.4801354457015847,-9.3
[N+]c1ccc(F)c(NCc2csc3ccccc23)c1,-8.1,0.834,2.83402684562242,-9.4
Fc1ccc(-c2nc(CC(=O)[O-])ccc2N2CCOCC2)cc1,-8.0,0.9229999999999999,2.5819670457011075,-9.5
FC(F)(F)CCCS(=O)(=O)c1ccccc1C(=O)Nc1c(F)cccc1F,-8.9,0.8049999999999999,2.3019082589929223,-8.6
FC(F)(F)[C@@H](NC(=O)CCC[NH+]1CCN(Cc2ccccc2)CC1)c1ccccc1Cl,-8.2,0.722,3.718816739556722,-9.3
FC(F)(F)c1ccc(CNC(=O)c2ccccc2I)nc1,-7.9,0.872,2.0896964055780582,-9.6
Fc1cccnc1N1CCN(c2ccc(OC(F)F)cc2)CC1,-7.7,0.944,2.075755856889918,-9.8
FC(F)CC[C@@H]1CCCCN1C(=O)CSc1nc2ccccc2n1C,-7.8,0.8019999999999999,2.909500785969241,-9.7
FC(F)(F)COC[C@H]1CCCN(C(=O)[C@H]2CC(=O)N(c3ccc(Cl)cc3Cl)C2)C1,-7.8,0.753,3.215232043440758,-9.7
FC(F)(F)c1noc(N2CCOCC2)c1NCc1ccc([N+](=O)[O-])cc1,-8.6,0.717,2.685772587461553,-8.9
[NH+]1CCC[C@H](c2nc3ccccc3n2Cc2ccccc2)C1,-8.2,0.869,3.2726327218124096,-9.2
[NH+]=C(NCc1ccc(OCO)cc1)NC[C@H]1CC[C@H]([NH+]2CCCC2)C1,-8.0,0.315,4.775708695293224,-9.4
[NH+]N[C@@H](c1ccccc1)c1c[nH]c2ccccc12,-7.9,0.746,2.901237509973683,-9.5
[NH+]n1c(SCCOC(=O)c2ccc([N+](=O)[O-])cc2)nnc1-c1ccccc1,-8.0,0.27799999999999997,2.6183867010987605,-9.4
[P@@]1C[C@@H](c2cccc(Cl)c2)CN1c1ccc(Cl)cc1,-8.0,0.746,3.396046000457861,-9.4
[P@@]C1CCC[C@@H](C(=O)N2CCC([C@@H]3CCCCN3C(=O)c3ccc(Cl)cc3F)CC2)C1,-8.9,0.62,3.737246908378178,-8.5
[P@@](=C/c1ccc(-n2cccc2)nc1)c1ccc(Cl)cc1,-7.7,0.75,3.109010189133289,-9.7
[N+]([O-])=C[C@@]12CC[C@@H](O)[C@@H]1N2C(=O)Nc1ccc(F)c(F)c1,-8.0,0.44899999999999995,4.579541875772758,-9.4
[N+]c1ccc(N[C@H]2CC(=O)N(CCC[NH+]3CCCC3)[C@@H]2c2ccccc2)cc1,-7.9,0.857,4.696508081216342,-9.5
[N+]1=C[C@H](C2=NC=C3C=CC=N3)[C@@H]2C(=O)N1c1ccc(Br)cc1,-8.0,0.883,4.929186921413982,-9.4
[N+]1=CCCC[C@@H]1c1cc(OCc2ccco2)ccc1O,-7.8,0.909,3.729802960183025,-9.6
[N+]c1cccc(CNC[C@H]2Cc3ccccc3S2)c1F,-8.0,0.915,3.671702685939444,-9.4
[N+]=Cc1ccc([C@@H]2c3ccccc3OC2)cc1,-8.0,0.7979999999999999,3.229016421990684,-9.4
FC(F)(F)CCCNC(=O)[C@@H]1CC(=O)N(c2ccc(Br)cc2)C1,-7.7,0.861,2.6280955911459394,-9.7
Fc1ccc(Br)cc1OC[C@H]1CCCN(Cc2ccco2)C1,-7.7,0.859,2.637770899259962,-9.7
FCc1ccc(CNC[C@@H](O)c2ccc(F)c(Cl)c2)cc1,-7.8,0.9309999999999999,2.544242388874345,-9.6
Fc1ccc2c(c1)C[C@@H](Oc1ccccc1Br)C2,-8.3,0.89,2.573462875609499,-9.1
Fc1ccccc1[C@H]1CCN(C(=O)c2ccc[nH]2)C1,-7.7,0.863,2.629077329129192,-9.7
COCOc1ccc(CN2C[C@H](c3ccccc3)C[C@H]2O)cc1,-7.4,0.913,3.0010661027004844,-9.9
[C@H](Cc1ccccc1)C(=O)NCC(=O)NCC1CC=CC1,-7.5,0.828,2.668014364442257,-9.8
[C@@H][C@H]1CN(C(=O)CNC(=O)c2cc(C(C)C)nn2C(C)C)CCO1,-7.4,0.959,3.579922147098728,-9.9
[NH+](Cc1cccn1Cc1cccc(Br)c1)c1ccccn1,-7.7,0.84,3.1114210397870083,-9.6
[NH+]=C(c1nc(-c2ccccc2)n[nH]1)N1CCC([NH+]2CC2)CC1,-7.9,0.433,3.960329126417525,-9.4
[P@@]1CCC[C@H]1C(=O)NC1(c2ccccc2)c2ccccc2C1=O,-8.9,0.861,4.006369202585673,-8.4
[P@@]=C(SCc1nnc(-c2ccc(Br)cc2)n1CC1CC1)Oc1ccccc1,-7.7,0.472,2.8463549559208605,-9.6
[P@@]=C(NC(=O)c1ccccc1C[NH+]1CCCC1)c1ccc(Cl)cc1,-8.4,0.872,3.6872796267324937,-8.9
[P@@]1CCCC[C@@H]1CC(=O)N[C@H]1CCN(c2ccccc2)C1=O,-7.9,0.948,3.838051584875521,-9.4
[N+]1=C[C@H]2NN=C(CSc3cn4ccccc4n3)N=C2N1,-8.0,0.86,4.956926558618489,-9.3
[N+]=C(/CC1=c2ccccc2=[NH+]C1)N[C@H]1CCO[C@H](C(=O)[O-])C1,-8.0,0.518,5.317253885699696,-9.3
[N+]1=C[C@H]([NH2+][C@H]2CCc3sc(-c4ccco4)cc23)CN1C[C@H]1CCCO1,-7.7,0.866,5.161309685707668,-9.6
Fc1ccc2c(c1)CCC[C@H]2[NH2+]Cc1cccc(Cl)c1,-8.0,0.869,3.483244595753767,-9.3
Fc1ccc(Br)cc1NCc1ncc(N2CCOCC2)nc1[O-],-7.8,0.951,2.868895017729079,-9.5
Fc1ccccc1[C@@H]1CC(=O)c2ccccc21,-8.4,0.8059999999999999,2.3866575648478285,-8.9
Fc1ccccc1-c1ccc(CN2CCOCC2)cc1,-7.8,0.9289999999999999,1.6415314407630142,-9.5
FC(F)(F)CN(Cc1cccnc1)C[C@H]1CCCN(C(=O)c2ccco2)C1,-8.3,0.847,2.9213443174726645,-9.0
Fc1cccc(CNC(=O)c2ccccc2Cl)c1,-8.0,0.883,1.4696145210145417,-9.3
FC(F)(F)[C@H]1CC(=O)N(c2cccc(Cl)c2)C1,-7.5,0.842,2.77599808085356,-9.8
Fc1ccc2c(c1)[C@H](c1ccccc1)N(Cc1cccc(Cl)c1)C2=O,-8.4,0.713,2.4243581532498464,-8.9
F/C=C/C=Cc1cccnc1N1CCN(c2cccc(Cl)c2)CC1,-8.5,0.839,2.614054782011996,-8.8
[P@@]=C(N1CCCC1)N[C@@H]1CCCC[C@H]1CCc1ccc(Cl)cc1,-8.2,0.8059999999999999,3.3495345297957773,-9.1
[P@@]=C(N[C@@H]1CCOC2(CCCC2)C1)c1ccc2c(c1)OCO2,-8.2,0.947,3.999423463522516,-9.1
[P@@]c1cc2c(cc1Cl)C(C#N)=C(SCc1ccccc1Cl)N2,-8.1,0.5609999999999999,3.180238493663184,-9.2
[N+](=Cc1cccs1)[C@@H]1CCCN(Cc2nc3c(CO)[nH+]ccc3[nH]2)C1,-8.2,0.757,4.641857633499327,-9.1
[N+]1=C(CCN(c2ccc(I)cc2)[C@@H]2OC(=O)c3ccccc32)S1,-8.2,0.487,3.834665920816269,-9.1
[N+]1=C(C(F)(F)F)C[NH+]=C(N2CCC[C@H](OC3CCCCC3)C2)C1,-8.2,0.886,4.573198787949137,-9.1
[N+]1=C2CCCC[C@@H]2C(=C[C@H](Cl)c2ccccc2)N1,-8.2,0.891,4.486335711917253,-9.1
[N+]c1ccc([C@@H]2CCCN2C(=O)c2ccc([N+](=O)[O-])cc2)cc1,-8.1,0.724,3.026527340934612,-9.2
[N+]N/Cn1c[nH+]c(CN2CCC[C@@H](c3ccccc3F)C2)c1O,-8.1,0.889,4.291221864872214,-9.2
Fc1ccccc1CN1CCN(C(=O)Nc2ccc(F)cc2)CC1,-8.2,0.916,1.747596014692359,-9.1
Fc1ccc(-c2nnc3ccccn23)cc1O,-8.2,0.776,2.243217916220462,-9.1
[N+]n1nnnc1C(=O)NCc1ccc2c(c1)OCO2,-7.9,0.85,2.9479781742937483,-9.3
[N+]/N=C1\C(=O)c2ccccc2C(=O)N1c1ccccc1O,-8.9,0.884,2.74223840530831,-8.3
FC(F)(F)CCN(Cc1cc(-c2cccs2)[nH]n1)c1ccccc1F,-8.4,0.6829999999999999,2.7644588201419733,-8.8
Fc1ccccc1CCC[NH+](C1CCCCC1)[C@@H]1CCS(=O)(=O)C1,-8.4,0.9299999999999999,4.200870929254032,-8.8
Fc1ccccc1C[NH+]1CCN(S(=O)(=O)/C=C/c2ccccc2)CC1,-7.9,0.958,3.2928627746381807,-9.3
[NH+]=C(/Nc1ccccn1)N/N=C\CC(=O)NC1CCCCC1,-7.5,0.424,3.0667632610329107,-9.7
[C@H]Oc1cc(C)ccc1OC(=O)[C@H]1CCCN(C(=O)[C@@H]2CCCC[NH+]2C)C1,-8.2,0.718,4.496210241328561,-9.0
P=C(\c1ccccc1)C1CCN(c2ccccc2F)CC1,-8.0,0.839,2.303433784366595,-9.2
[P@@]1C[C@@H](C(Br)=NC(=O)Cn2cccnc2=O)CC(=O)N1Cc1cccs1,-8.2,0.594,4.289178922129382,-9.0
[P@@]1c2cccc3cccc(c23)[C@H]1C(c1ccc(F)cc1)Nc1ncccc1Br,-8.7,0.434,3.803493634687261,-8.5
[P@@]1CC(=O)N(CCc2ccccc2)[C@@H]1c1ccc(F)cc1,-8.1,0.865,3.22795804065796,-9.1
[P@@]Cc1ccc(Oc2n[nH]c(C(=O)N3CCCC3)c2)cc1,-7.5,0.861,2.767459257254364,-9.7
[P@@]C1=c2ccccc2=[NH+][C@@H]1C(=O)N1CCN(c2ccccc2)CC1,-8.2,0.841,3.6789486221621246,-9.0
S=C(NCc1ccc(S(=O)(=O)N2CCCCC2)cc1)NCc1ccccc1,-7.6,0.8059999999999999,1.916376257696008,-9.6
[N+]/N=c1/[nH]cc(C(=O)N(CCO)Cc2ccccn2)cc1C(F)(F)F,-7.8,0.862,3.2846726408589166,-9.4
[N+]c1cc(C(=O)N2CCN(c3ccccc3[N+](=O)[O-])CC2)ccc1Cl,-8.5,0.703,2.5372551922205986,-8.7
[N+]c1ccc(/C=N/NC(=O)CNc2cc(Cl)c(Cl)cc2)cc1,-7.7,0.73,2.7245928360949456,-9.5
[N+]n1ccc2cc(-c3ccc(Br)s3)nc(OC[C@H]3CCCO3)c12,-8.5,0.756,3.7109147153053614,-8.7
[N+](Cc1ccccc1Cl)N1CCC[C@H]1c1cccnc1,-8.0,0.94,3.3526431166367416,-9.2
[N+]C1(C[C@@]2(CO)c3ccccc3CN2C(=O)Cc2ccccc2)CC1,-9.1,0.893,3.6137980774101934,-8.1
[N+]c1ccc(CNC(=S)Nc2ccc(Br)cc2C(F)(F)F)cc1,-7.7,0.815,2.79655295978702,-9.5
[N+]1=C2CCC[C@H](O)[C@@H]2[C@@H]2Cc3ccccc3N12,-8.1,0.8059999999999999,4.439217339063888,-9.1
[N+]1=C[C@@H](Sc2ccccc2)N=C(c2ccccc2)N1CO,-7.8,0.9199999999999999,3.790071505247309,-9.4
[N+]/[C@H](SCc1ccccc1)NCC1CCN(c2cc[nH+]cc2)CC1,-7.8,0.868,4.033780078593018,-9.4
[N+]=CCN(Cc1cccnc1)Cc1cccc2ccccc12,-7.8,0.734,2.5437453690210763,-9.4
Fc1cc(S(=O)(=O)C(F)(F)F)c2ccc([O-])cc2c1,-8.0,0.838,3.062311405062978,-9.2
Fc1ccc(-c2nc(CSc3nncn3Cc3cccs3)cs2)cc1,-7.5,0.519,2.451521090646496,-9.7
Fc1ccc(Br)c(C(=O)/C=C/Nc2ccc(F)cc2)c1,-7.7,0.735,2.1761545316551736,-9.5
FC(F)(F)CC1(CNC(=O)N2CCC[C@@H]2c2ccccc2)CC1,-7.6,0.861,3.0120760169701155,-9.6
Fc1ccc(S(=O)(=O)N2CCOc3ccc(F)cc32)cc1,-8.1,0.9359999999999999,2.043864220171413,-9.1
FC(F)(F)c1ccc(CNCc2ccc(F)cc2)nc1,-7.5,0.949,1.9451537074793488,-9.7
FC(F)(F)Oc1ccccc1/N=C/c1c(O)ccc2c1OCCC2,-8.6,0.9269999999999999,2.8190866501438645,-8.6
O=C(Nc1ccccc1I)c1cccc(O)c1C(C)=N/c1ccccc1,-8.8,0.489,2.3363993439335147,-8.3
[NH+](Cc1ccc(O)c(Cl)c1)[C@H]1[C@H]2CCC[C@@H]2C1=O,-7.6,0.945,4.402921115341943,-9.5
[P@@]1CCC(CC(=O)Nc2ccc(F)cc2)=C1c1ccco1,-7.5,0.9239999999999999,3.0768413505708843,-9.6
P=C(\C1=C(C(=O)Cc2ccc(Cl)cc2)S1)N(Cc1ccccc1)C(F)(F)F,-7.6,0.497,3.0069407310687906,-9.5
[P@@]=C[C@H]1CCC[NH+](Cc2ccc(-c3ccc(Cl)cc3)o2)C1,-7.4,0.9319999999999999,4.588621095441235,-9.7
[P@@]1C[C@@H](C(=O)[O-])[C@@H]1C(CCOc1ccccc1)C1CCCCC1,-8.1,0.7999999999999999,4.183263021586375,-9.0
[P@@]1CCN(c2cc(Oc3ccoc3)on2)c2ccccc21,-8.0,0.769,3.992393070981621,-9.1
P=C(/C(=O)N(CCc1ccccc1)c1nc(C2CC2)n2ccccc12)CCCO,-8.8,0.628,3.1501012514563502,-8.3
[P@@][C@@H](c1ccc(Cl)c(O)c1)N1CCN(c2ccccc2)CC1,-8.1,0.9299999999999999,2.968690164369852,-9.0
[P@@]=C(SC1CCCC1)c1nc([O-])c2ccccc2n1,-7.7,0.893,3.5145678246433985,-9.4
[P@@]=C(NCc1ccccc1F)C(=O)NCc1ccccc1,-7.7,0.886,2.310431312739862,-9.4
[NH+](N1CCC(Cc2c[nH]nc2-c2ccccc2)CC1)C1CC1,-8.1,0.863,3.588322647127586,-9.0
[N+]([O-])Cc1ccc(CN[C@H](Cc2ccccc2)C(=O)N2CCOCC2)cc1,-7.6,0.8019999999999999,2.94612679322476,-9.5
[N+]1=C[C@H](Sc2ccccc2)[C@@H]2COc3ccccc3N12,-7.8,0.9269999999999999,3.989626763464816,-9.3
[N+]1=CCCC[C@@H]1c1cccc(NC(=O)C2CC2)c1,-7.7,0.95,3.609477372650918,-9.4
[N+]=CNc1ccc(CC(=O)Nc2cccc(Cl)c2)cc1,-7.5,0.736,2.3182696415452835,-9.6
[N+]=Cc1ccccc1[C@@H](Cl)c1ccc([C@@H]2C=C(O)c3ccccc3C2=O)cn1,-8.6,0.608,4.11539505119758,-8.5
[N+]1=CC[NH+]=C(N2CC[NH+]C(c3ncnn3Cc3ccc(Cl)cc3)C2)C1,-8.5,0.721,5.162431853873548,-8.6
[N+]1=N[C@@H](c2ccccc2)SC(=S)N1C[C@@H](O)c1ccccc1,-7.9,0.953,3.9174614406447503,-9.2
[N+]([O-])c1ccc(-c2nn3c(N4CCOCC4)nc4ccccc4n23)c(Cl)c1,-8.8,0.589,3.289135114710465,-8.3
Fc1ccc(OCCS(=O)(=O)c2ccc(Cl)cc2)cc1OC(F)F,-7.4,0.8099999999999999,2.12889154524876,-9.7
Fc1cccc(Oc2cc(=O)[nH]c3ncnn23)c1,-7.9,0.82,2.920874597589547,-9.2
FC(F)(F)c1nnc(Nc2ccc(F)c(Br)c2)n1C1CC1,-8.0,0.906,2.711509207476704,-9.1
[C@H]Oc1ccc(NC(=O)COc2ccc([N+](=O)[O-])cc2)cc1F,-7.4,0.733,2.271531359512295,-9.6
[C@H]Oc1cc([C@H]2Nc3ccccc3CN2C(=O)COc2ccc(C(C)=O)cc2)ccc1O,-8.0,0.651,3.2289479916753967,-9.0
[NH+]/1(c2ccc(Cl)c(Cl)c2)SCCN1Cc1ccccc1F,-8.1,0.9289999999999999,3.920579768274605,-8.9
[NH+]=C(NCc1ccc(Cl)cc1)N(C(=O)Nc1ccc(C#N)cc1)C1(CO)CC1,-8.7,0.529,3.010960799100533,-8.3
[P@@]C1(CNC(=O)c2csc(-c3ccc(F)cc3Cl)n2)CCCC1,-7.7,0.847,2.98939515758922,-9.3
[P@@]1C[C@H](C(=O)N/N=C/c2ccc3c(c2)OCO3)C(=O)N1Cc1ccco1,-7.6,0.45499999999999996,3.7338463255652057,-9.4
[P@@]=C(Nc1ncccc1Br)Cc1nc(C2CCCC2)no1,-7.4,0.888,3.1021707326642005,-9.6
[P@@]=C(NC(=S)N1CCc2ccccc21)c1ccc(Cl)cc1,-7.9,0.737,2.644767466586014,-9.1
[P@@]=C(NC[C@H]1CCCO1)Nc1ccc(OC(=O)c2ccc(Cl)cc2)cc1,-7.6,0.501,2.89496456038302,-9.4
P/C=C1/C(=O)N(c2ccccc2)c2ccccc21,-8.1,0.642,2.7685658341893813,-8.9
[P@@]=C(SCCCc1csc2ccccc12)Nc1ccc(F)cc1,-7.6,0.471,2.719137247141457,-9.4
[P@@]1CCC[C@H]([NH+](Cc2ccccc2)Cc2ccc(F)cc2F)C1,-8.3,0.877,4.5955850464433095,-8.7
[P@@]1C[C@H](C2CCCC2)C(=O)N1Cc1ccccc1Cl,-7.5,0.839,3.5481623640942246,-9.5
[P@@](=N/Nc1ccccc1)c1ccc(OCc2cccs2)cc1,-7.6,0.584,2.8082310494944487,-9.4
[P@@]1C[C@@H](C(=O)NCCc2ccc(Cl)cc2)C1Cc1ccccc1,-7.8,0.862,3.333636251954215,-9.2
[P@@]Cc1ccc(Cn2c[n+]nc2-c2ccoc2)cc1C(=O)[O-],-7.8,0.854,4.450875005538405,-9.2
O=S(=O)(CCCOCC1CCCC1)N1CCC(c2ccccc2)CC1,-7.5,0.739,2.231975788336813,-9.5
[N+]n1ccc(N2CC[C@]3(O)CC[NH+](Cc4ccccc4)c3c2Cl)c1Cl,-8.3,0.881,5.043292150078841,-8.7
[N+]c1csc([C@H]2CCCN(Cc3c(F)cccc3F)C2)n1,-7.9,0.95,3.382998229813067,-9.1
[N+]1=NN=C(NC2=Nc3nc(-c4ccccc4)[nH]c3C2=O)[C@@H]1CCOCCO,-8.4,0.728,4.386112771803145,-8.6
O[N+](c1ccccc1Br)N(Cn1ncc(C(F)(F)F)c1Cl)C1CCCCC1,-8.6,0.534,3.327361038761099,-8.4
[N+]c1ccc(CN2C(=O)S/C(=C\c3ccc(Cl)cc3)[NH+]=C2SC2CCCCC2)cc1,-9.1,0.767,3.6736066587328864,-7.9
[N+]=C1C(=O)NC(=S)N1Sc1ccc(OCc2ccccc2)cc1,-8.1,0.747,2.906877535211596,-8.9
[N+](=CC[C@@H](CO)Nc1ccc([N+](=O)[O-])nc1)c1ccccc1Cl,-7.9,0.54,3.732146512532246,-9.1
[N+]c1cccc(C[NH+]2CCC[C@@H]2c2nc3ccccc3s2)c1,-8.2,0.874,4.69119397023055,-8.8
[N+]c1cccc(NCC(=O)N(CCOc2ccccc2O)C2CC2)c1,-8.0,0.854,2.8065491776717675,-9.0
[N+]=C1CCC[C@@H]1NC(=O)[C@H](c1ccc(F)cc1)S(=O)(=O)c1ccc(Cl)cc1,-8.3,0.906,3.551382468372939,-8.7
S1C[NH+][C@@H]1[C@@H](c1ccccc1)[NH+]1CCC(CN2CCCc3[nH]c(=O)[nH]c32)CC1,-8.8,0.645,5.098320088721032,-8.2
Fc1ccc(CNc2ccc(Cl)cc2C(=O)[O-])cc1,-7.7,0.915,2.184433849184895,-9.3
FC(F)(F)c1ccc(CNCC(=O)N2CCCC2)cc1Cl,-7.6,0.904,2.1423810209626737,-9.4
Fc1ccccc1-c1nnc(NC[C@@H]2CCOC2)cc1[N+](=O)[O-],-7.7,0.753,3.064372913823262,-9.3
Fc1cccc(C(=O)Nc2nc(C3CC3)ns2)c1,-7.6,0.906,2.175095064000965,-9.4
[C@H]1CCCN(C(=O)Nc2ccc(OC(F)F)cc2)C1,-7.4,0.896,2.462425866601441,-9.5
[NH+]/C(CC(=O)N[C@@H]1CCSc2ccc(Cl)cc21)c1ccc(Cl)c(Cl)c1,-8.2,0.893,3.630345500953317,-8.7
[P@@]=C(/Cc1ccccc1)Nc1ccc2c(c1)OCO2,-7.6,0.941,2.407301690777265,-9.3
[P@@]1C[C@H](c2cccc3oc4c(c23)CCCC4)[C@@H]2C(c3ccc(Cl)cc3)Nc3nc[nH]c3N12,-10.2,0.40599999999999997,4.587717357918864,-6.7
[P@@]C1CCC(NC(=O)N2CCN(C(=O)c3ccccc3)CC2)CC1,-8.0,0.9179999999999999,2.4874321350936963,-8.9
[P@@]/Cc1cc(F)ccc1N1CCN(c2cccc[nH+]2)CC1,-7.5,0.893,3.6200214262329258,-9.4
SC1=C(N2CC[C@H](c3ccccc3)OC2)[C@@H]2CC[C@@H](O)[C@H]12,-7.6,0.904,4.225601583560732,-9.3
[N+]([O-])c1ccccc1[C@H](C1CC1)c1cc([N+](=O)[O-])ccc1F,-7.9,0.698,3.3783943978412987,-9.0
[N+]=Cc1cc(CO)ccc1OCc1nc(CC2CC2)n[nH]1,-7.5,0.823,3.2146797742783235,-9.4
[N+]=C[C@H]1CN(C[C@@H](O)Cc2c[nH]c3ccccc23)CC1=O,-7.7,0.862,3.904600742351702,-9.2
[N+]/C=C/C(=O)NCc1[nH+]ccn1CCCc1ccccc1Cl,-7.7,0.857,3.835589291252691,-9.2
[N+]=Cc1ccncc1OCc1ccc2c(c1)OCCO2,-7.6,0.872,2.848437307777356,-9.3
[N+]n1c(SCc2ccco2)nn(-c2ccccc2)c1=O,-7.5,0.765,2.8457213656832145,-9.4
[N+]1N[C@@H](COc2ccccc2)[C@H](O)N1c1ccccc1Cl,-7.7,0.886,3.721393352692181,-9.2
S2[N+]N2[C@@H](SCc2ccncc2)NCc1nnc(-c2ccc(Cl)cc2)[nH]1,-7.8,0.418,4.225573089115986,-9.1
Fc1cccc(-c2nc3ccccc3[nH]2)c1,-8.0,0.738,1.7209154147918664,-8.9
FC(F)(F)c1cccc(C[NH+]2CCC[C@H](n3cncn3)C2)c1F,-7.7,0.953,4.474058196668515,-9.2
FC(F)(F)COCCNc1nc(-c2cccc(Cl)c2Cl)n[nH]1,-7.6,0.855,2.73580053247049,-9.3
FC(F)(F)c1ccc(Cl)c(NC(=O)c2ccncc2)c1,-7.7,0.89,1.841908242943888,-9.2
FC(F)(F)c1ccc(Oc2ccc(Cl)cc2F)cc1,-7.5,0.763,1.7515767541754066,-9.4
FC(F)(F)c1ccc(CN[C@@H]2CCC[C@@H]2C[NH2+]C(F)F)cc1,-7.5,0.692,3.796751777971359,-9.4
Fn1ccc(-c2nnnn2CC(=O)N2C[C@H](CO)NC2=O)c1,-7.7,0.8109999999999999,4.037607073267406,-9.2
FC(F)(F)c1cccnc1CNC[C@H]1CN2CCCC[C@H]2CO1,-7.9,0.901,3.3925964753129465,-9.0
FC(F)(F)c1cccnc1C[NH2+]Cc1ccccc1F,-7.8,0.939,3.1108070041826457,-9.1
Fc1ccccc1CN1CCN(c2ccccc2C[NH3+])CC1,-7.8,0.915,2.312461578340603,-9.1
NC(=O)c1ccc(OCCNc2ccc(F)cc2)cc1,-7.5,0.875,1.6533846213023704,-9.3
[C@H](CN1CCN(C(=O)c2ccc(O)cc2F)CC1)c1ccncc1,-7.9,0.912,2.521652201983329,-8.9
[NH+]=C([O-])Cc1ccc([N+](=O)[O-])cc1Sc1ccccc1Cl,-7.9,0.46799999999999997,3.0172836734825665,-8.9
O[NH+](CCOc1ccccc1)[C@]1(C[NH3+])C(=O)N(c2ccccc2)C1=O,-7.4,0.417,3.7824559322314286,-9.4
[P@@](=O)Nc1ccccc1C(=O)NCc1ccc(Cl)c(Cl)c1,-7.7,0.865,2.414711156286147,-9.1
P=C(\C=C\c1ccccc1)SC[C@H](O)c1ccccc1,-7.5,0.876,3.073078548008409,-9.3
P=C(\CCc1ccc(Cl)cc1)N1CCOc2ccccc21,-7.7,0.853,2.514108689789042,-9.1
[P@@]=C(Nc1ccc(Br)cc1)c1nc2ccccc2s1,-7.3,0.75,2.536188523944098,-9.5
[P@@]=C(NCc1c[nH]c2ccccc12)N1CCCCC1,-7.8,0.917,2.5987025149530893,-9.0
[P@@][C@@H](Nc1ccc2c(c1)CCC2)c1cccnc1,-7.4,0.914,3.1343309787690377,-9.4
[P@@]=C(\Cc1ccc2c(c1)OCCO2)N1C[C@@H](CO)O[C@@H]2CCCC[C@H]21,-8.4,0.915,3.971515123010091,-8.4
[P@@]C1=C(O)C(=O)N(Cc2cccc(Cl)c2)c2ccccc21,-7.8,0.816,2.531992772974542,-9.0
O=C(/C=C/c1ccco1)OCC1(c2ccc(F)cc2)CC1,-7.7,0.701,2.4371351588937085,-9.1
[N+]1=CCCC[C@@H]1C(=O)NC1CC[NH+](Cc2ccc3c(c2)OCCO3)CC1,-8.4,0.881,4.7095727202231785,-8.4
[N+]([O-])C(=O)Nc1cc(C(=O)N2CCNC(=O)C2)ccc1Br,-8.3,0.838,2.9618131164533885,-8.5
[N+]1=CCO[C@@H](N2C[C@@H](c3nc4ccccc4o3)C2)C1,-7.2,0.885,4.125309706751569,-9.6
[N+]=CNC(=O)Cc1cc(-c2cccc(O)c2)on1,-7.8,0.6849999999999999,3.0618869192045857,-9.0
[N+]([O-])CCNc1ccc(OCc2nc3ccccc3[nH]2)cc1,-7.3,0.598,2.5878996885477044,-9.5
FC(F)(F)c1cccc2c1[C@@H](NC1CCCCC1)C2,-7.8,0.9269999999999999,2.929300732392594,-9.0
Fc1ccc(CNS(=O)(=O)c2ccc(Cl)cc2Cl)cc1,-7.5,0.908,1.774764466720109,-9.3
Fc1ccc2oc(=O)c(-c3ccco3)cc2c1,-7.9,0.6829999999999999,2.172314305545424,-8.9
Fc1ccc(-c2noc(CCCOC(CCO)C[NH+](C)CC3CCCCC3)n2)cc1,-7.5,0.597,3.929033966328812,-9.3
Fc1ccc(C(=O)Nc2ccc(Cl)cn2)cc1,-7.5,0.87,1.6064454279944016,-9.3
[P@@]1C[C@@H](c2nc(-c3cccs3)cs2)Nc2ccccc21,-7.6,0.779,3.8587834816954114,-9.2
[NH+]S[NH+][C@H][NH+]=C(/C(=O)c1cc(F)ccc1F)c1ccccc1F,-8.2,0.378,3.842210926819988,-8.6
P[P@@](C)(Cc1ccccc1)[C@H]1CCCN(C(=O)Nc2ccccc2)C1,-8.2,0.8029999999999999,3.461747762630744,-8.6
[N+]=C(C(=O)c1ccccc1)c1ccc(F)cc1,-7.6,0.664,2.302517543379018,-9.2
[nH]1c2ccc(C(=O)N3C[C@@H]4CC[C@]4(C)O3)cc2oc1=O,-7.6,0.938,3.893707168323117,-9.2
FC(F)(F)c1ccc(-c2nonc2N2CCOCC2)cc1,-8.1,0.9329999999999999,2.386361312739861,-8.7
P/C=C/C=C(\CCc1ccc(Br)cc1)Cc1ccc(Cl)cc1,-7.4,0.46299999999999997,3.17917148305117,-9.3
[P@@]=C(NC1CCCC1)c1nc2ccccc2n1Cc1ccccc1,-7.9,0.776,2.460994884163366,-8.8
C[NH+][C@@H]S[C@@H](C(=O)Nc1cccc(CN(C)C)c1)c1ccccc1,-7.4,0.854,3.2685519382577937,-9.3
[N+]n1c(CNCc2cccc(C(F)(F)F)c2)ccn1,-7.4,0.902,2.865625431187798,-9.3
Fc1ccccc1O[C@@H]1CC[C@@H]([NH+]2CCCCC2)C1,-7.9,0.863,4.328816285224271,-8.8
Fc1cccnc1S[C@H]1CCCC[C@@H]1c1ccccc1,-8.3,0.864,3.076336880805103,-8.4
[NH+]=C(/[S-])Nc1ccn(-c2ccc3[nH]ncc3c2)n1,-7.7,0.412,3.438896491080672,-9.0
[NH+]=C(Nc1cccc(Cl)c1)[NH+](C)C1CCCCC1,-7.5,0.61,3.97047234306512,-9.2
[P@@]1CCCC[C@H]1C(=O)NC(c1ccccc1)c1ccccc1,-8.2,0.914,3.214192108579489,-8.5
[P@@]=C(Nc1ccc(-c2cc(Cl)[nH]n2)cc1)N1CCCC1,-7.5,0.9259999999999999,2.886746564622205,-9.2
[P@@]=C(Nc1ccc(Cl)cc1)c1ccc(F)cc1F,-7.5,0.89,2.3838101952226847,-9.2
[P@@]1C[C@@H](C(=O)Nc2ccc(C(=O)[O-])c(F)c2)NC(=O)N1C,-7.6,0.848,4.060559646817115,-9.1
[P@@]/C=C/C=C1C=C(c2ccccc2F)[N-]C(=O)N1Cc1ccccc1,-8.7,0.705,3.5972223900227966,-8.0
[P@@]=C(NC(=O)C(c1ccccc1)c1ccccc1)C(=O)[O-],-7.8,0.9239999999999999,2.701434493965417,-8.9
[P@@]C1=CC[NH+](c2cc(OCc3ccccc3)cs2)CC1,-7.5,0.9329999999999999,4.3943761022951495,-9.2
P#C[C@H]1CCCO[C@H]1CC(=O)Nc1cccc2c1CCCC2,-7.7,0.9339999999999999,3.595369613721674,-9.0
S[C@@H]([C@@H](O)c1ccc(F)cc1)N1CCN(Cc2ccccc2)CC1,-8.1,0.895,2.9333277854413247,-8.6
CCC1(C[NH2+]Cc2ccc(/C=C/C(=O)[O-])cc2)CCCC1,-7.5,0.852,3.658204389662939,-9.2
[N+]([O-])C(=O)N(Cc1ccccc1)[C@@H]1CCc2ccccc21,-7.1,0.889,3.001062706483937,-9.6
[N+]c1cccc(N(Cc2ccncc2)c2ccccc2)c1,-8.0,0.7969999999999999,2.653376871052517,-8.7
[N+]n1ccc([C@H]2CCCN2Cc2cccnc2C(F)(F)F)n1,-7.7,0.955,3.794747768056487,-9.0
[N+]1=C[C@@H](c2ccccc2)Nc2nnc(NCCN3CCOCC3)n21,-7.7,0.905,3.9098262595247615,-9.0
[N+][NH+]1S[P@@][NH+]1CCNC(=O)c1ccc(-c2ccccc2)s1,-7.6,0.621,4.558304828102018,-9.1
Fc1cccc(CNCCC[NH+]2CCN(C(=O)C(F)(F)F)CC2)c1,-7.8,0.663,3.488168969317228,-8.9
F[N+]([O-])=C1/C(=C/CCOc2ccc(Br)cc2)COC1,-7.6,0.44899999999999995,3.2880104819860563,-9.1
Fc1ccccc1C1(Oc2ccccc2F)CC1,-7.7,0.874,2.266922213322232,-9.0
[C@H](C)CCC(=O)NNC(=O)CSc1nc2nnc(C3CC3)n2cc1O,-7.2,0.45999999999999996,3.3153932141986218,-9.4
[NH+]NC(=O)c1ccccc1Oc1ccccc1,-7.8,0.873,2.1904725473036653,-8.8
[P@@]1C[C@@H](c2ccc(Cl)cc2)NC(=O)N1c1ccc(Cl)cc1,-7.9,0.837,3.4273566913515285,-8.7
[P@@]=C(SCc1nc2ccccc2s1)c1ccccc1,-7.3,0.7,2.636000591876165,-9.3
[P@@]=C(NC(=O)N1CCN2CCCC[C@H]21)c1cccnc1,-7.5,0.9249999999999999,3.550995258883741,-9.1
[P@@]1CCC(=O)N(c2ccc(Br)cc2)[C@@H]1c1ccccc1Oc1ccccc1,-8.0,0.508,3.229003716301684,-8.6
[P@@]=C1C(=C2/N=N[C@@H](c3ccc(F)c(F)c3)N2CCc2ccccc2)N1Cc1ccccc1,-9.4,0.414,3.716033355630606,-7.2
[P@@]=C([O-])/C=C/C(=O)Nc1cccc2ccccc12,-7.5,0.755,2.6156769644534528,-9.1
P(=O)c1ccc2[nH]c([C@@H]3CCCC[C@@H]3Cc3ccsc3)nc2c1,-8.1,0.754,3.915098614350379,-8.5
[P@@][C@H][P@@]=[P@@]P#P/C(=C\Cc1ccccc1)c1ccc(Cl)cc1,-7.7,0.534,4.576466969490904,-8.9
[N+](=CCOC(=O)c1ccco1)c1cc([N+](=O)[O-])ccc1Cl,-7.5,0.446,3.119323151071022,-9.1
[N+]c1cc(C[NH+]2CCC[C@H]2c2ncccn2)c(O)cc1OCC(F)F,-7.8,0.907,5.100410459937995,-8.8
[N+]=C1OC(=NS(=O)(=O)c2ccccc2)N1c1sccc1C(F)(F)F,-8.6,0.907,3.45801112566834,-8.0
[N+]1=C2SCCC2(CCN2CCOc3ccccc32)CC1,-7.8,0.9349999999999999,4.133043481695412,-8.8
O[N+](c1ccccc1)[C@@H]1CC(=O)N(C[C@@H]2CCCO2)C1=O,-7.1,0.593,3.605306896197857,-9.5
[N+]c1nnc(CSc2cc(-n3cncn3)nnc2-c2ccco2)n1C1CC1,-8.2,0.5469999999999999,3.576083508089239,-8.4
[N+]n1cnnc1NCC1(c2ccccc2)CC1,-7.9,0.9349999999999999,3.2309460166914192,-8.7
FC(F)c1[nH]ccc1Cn1ncc2ccc([N+](=O)[O-])cc21,-8.1,0.6719999999999999,2.9088944678897963,-8.5
FC(F)(F)[C@H]1C[C@H]1c1c[nH+]cn1-c1ccccc1Cl,-7.6,0.884,4.383104497954935,-9.0
Fc1ccc(-c2nn3cnnc3cc2CO)cc1,-7.7,0.82,2.437225781021501,-8.9
FC(F)(F)c1ccccc1C(=O)N1CCc2ccc(Br)cc21,-8.1,0.7949999999999999,2.118377833857627,-8.5
FC(F)(F)c1cccc(CNCc2ccco2)c1,-7.3,0.883,1.9224842042724573,-9.3
Fc1ccc(-c2nc[nH]n2)cc1N1CC[NH2+]CC1,-7.8,0.866,4.003425585643585,-8.8
[C@H]1CCC[C@H](C(=O)NCc2cccc(C#N)c2)C1,-7.3,0.864,2.903059917029616,-9.2
[NH+]CC(=O)N1CCc2c(cccc2NC(=O)[C@H]2C[C@H]2C)C1,-7.8,0.9279999999999999,3.5078727847920206,-8.7
[P@@]1CCC(C2CCN(c3cc(C(=O)OCc4ccccc4)cs3)[C@@H](c3ccccc3)C2)[C@]1(C#N)CC1CC1,-8.1,0.294,4.536960546695116,-8.4
PC1CCC(c2cc(Cl)cnc2N2CCN(c3ccccc3F)CC2)C1,-8.1,0.786,3.568320554379301,-8.4
[P@@]1CCC[C@H](CCC(=O)N2CCc3ccccc3N2)C1,-7.6,0.943,4.0590363369757245,-8.9
[P@@]1CCC[C@@H](N2C(=O)C[NH+](Cc3ccccc3)C2=O)C1,-7.5,0.75,5.015015782032456,-9.0
[P@@]Cc1nnnn1CCN1CCc2ccccc2N1,-7.3,0.9359999999999999,3.47112641605199,-9.2
[P@@]=C([C@H]1CCS(=O)(=O)C1)N1CCN(c2ccc(F)cc2)CC1,-7.6,0.868,3.162592681207853,-8.9
[N+]1=C[C@@H](C/C=C/c2ccccc2)N2CCCC[C@H]21,-7.6,0.874,4.165608958167857,-8.9
[N+]([O-])C1=CCN(c2ccc(Oc3nccnc3)cc2)CC1,-7.5,0.885,3.1102530497125667,-9.0
[N+]n1c(=O)c2sccc2nc1Oc1cccc(Br)c1,-7.8,0.8029999999999999,3.0461284307040035,-8.7
[N+]=Cc1cccc(NNC(=S)NCc2ccccc2)c1,-7.4,0.525,2.6177468298741964,-9.1
[N+]=[N+]P/C=C/C(=O)OCC(=O)Nc1ccccc1C(F)(F)F,-7.4,0.45299999999999996,3.6353195050291927,-9.1
[nH+]1/c(SCC[C@H]2CCCCN2Sc2ccc(Br)cc2)nnn1C1CC1,-7.5,0.5549999999999999,4.3354150025649165,-9.0
[C@@H]C1cn[NH+](Cc2csc(COc3ccccc3Cl)n2)C1,-7.4,0.896,4.506824374129759,-9.1
Fc1ccc(Cl)c(CNC(=O)[C@@H]2CCC[C@@H]2O)c1,-7.8,0.866,2.8360190094499096,-8.7
Fc1ccc2c(c1)CN(CCN1CCOCC1)CC2,-7.5,0.903,2.0768558116563867,-9.0
FNc1ccc(OC(F)F)cc1S(=O)(=O)c1ccccc1,-7.8,0.939,2.3915664321032573,-8.7
Fc1cccc(CN2CCO[C@@H]3CCCC[C@@H]32)c1,-7.9,0.879,2.8189426785355405,-8.6
FC(F)(F)CS(=O)(=O)Cc1c[nH+]cc(N2CCCC2)c1,-7.2,0.9279999999999999,3.603770900286542,-9.3
Fc1ccc(Cl)c2sc(NC[C@@H]3COCCO3)nc12,-7.5,0.9269999999999999,3.102200406052268,-9.0
FC(F)(F)c1cccnc1[N-]S(=O)(=O)c1ccc(F)cc1,-7.7,0.892,3.076909207476704,-8.8
Fc1ccc(/C=C/C[NH2+][C@H]2CC(O)=NC2=O)cc1,-7.5,0.903,4.091338406413536,-9.0
S=C(NC[C@H]1CCCO1)NCCCc1nc(-c2ccccc2)ns1,-7.5,0.663,2.959611064508511,-8.9
[NH+]=C(NCN1CC[C@@H](Nc2ccc(Cl)cc2)C1)N1CCCCC1,-7.5,0.642,3.2337018565223543,-8.9
[NH+]C(=O)/C=C1\SC(=S)N(CCN2CCc3ccccc32)C1=O,-7.7,0.659,2.940693332372861,-8.7
P/C(=C\c1ccc([N+](=O)[O-])cc1)N1C[C@@H]2CCCC[C@@H]2C1,-7.4,0.563,3.615652839193964,-9.0
[P@@]=C(N/N=C\c1ccccc1)C(=O)NCc1ccc(Cl)cc1,-7.1,0.566,2.437527752791153,-9.3
[P@@]=C(NCCn1cccn1)c1cccc(C(F)(F)F)c1,-7.4,0.94,2.8454627734134146,-9.0
[P@@]1C[C@H](C(C2CC2)NCc2ccccc2Cl)N1c1ccccc1,-8.1,0.826,3.701290901782,-8.3
[P@@]=C1CCC[C@@H]1/C=C/CN1CCC(Nc2ccccc2F)CC1,-7.2,0.704,3.483565002331769,-9.2
[P@@]=C(NCc1ccccc1Cl)NNC(=O)C[C@@H](O)c1cccs1,-7.4,0.507,3.314870299514494,-9.0
[P@@]N([P@@]S1C=c2ccccc2=[NH+]1)c1ccc(Cl)cc1,-7.4,0.734,4.785572993464855,-9.0
[N+]c1ccccc1N1C(=O)NC(=S)O[C@@H]1c1ccccc1,-7.6,0.947,3.624059768274604,-8.8
[N+]=CC(=O)CNc1ccccc1C(=O)Nc1ccc(Br)cc1,-7.8,0.858,2.4719384936631847,-8.6
[N+]c1cccc(-c2noc(CSCC(=O)NC3CC3)n2)c1,-7.0,0.96,2.926409774278323,-9.4
[N+]1=CCC[C@H](c2ncnc(-c3ccccc3F)n2)C1,-8.1,0.905,3.918413552905414,-8.3
[N+]c1ccc(OCCCOc2ccc(F)cc2)cc1OC(F)F,-7.1,0.77,2.5715267552223544,-9.3
[N+]c1ccc(/[NH+]=C/c2ccc([N+](=O)[O-])cc2)cc1,-7.3,0.575,4.056141217847118,-9.1
[N+]c1ccsc1NC(=O)c1ccc([N+](=O)[O-])cc1,-7.7,0.759,2.674853579838068,-8.7
[N+]/C=C/C=C/c1cc([N+](=O)[O-])ccc1Oc1ccccc1,-7.7,0.5519999999999999,2.739295158893709,-8.7
[N+]c1cccnc1N/N=C/c1ccccc1Br,-7.5,0.777,2.979400961746366,-8.9
[N+]=Cc1nc(CN2C[C@H](C(=O)N(C)[C@@H](C)Cc3ccccc3)CC2)no1,-7.9,0.778,3.673432099948682,-8.5
[N+]=Cc1ccccc1NC(=O)c1ccccc1-n1cccn1,-8.5,0.829,2.55201951103291,-7.9
[N+]=Cc1ccccc1OCCCOc1cc(F)ccc1F,-7.4,0.661,2.500176697355247,-9.0
[N+]=C(OCCc1ccc(F)c(Br)c1)NCc1ccc[nH]1,-7.3,0.729,3.152845350047308,-9.1
[nH]1[C@@H](C(=O)N2CCN(c3ccccc3)CC2)cnn1C,-7.8,0.913,3.170254675329364,-8.6
FC(F)(F)c1ccc(OC[C@H]2CC=CCC2)cc1,-7.2,0.8059999999999999,2.621140216368288,-9.2
FC(F)(F)CCC[NH+]1CCCC[C@@H]1c1ccc(Cl)cc1Cl,-8.2,0.906,4.353588699911383,-8.2
FC(F)(F)c1ncccc1C(=O)NCc1ccccc1,-7.7,0.9189999999999999,1.8916704657211088,-8.7
FN(C(=O)c1ccccc1Br)[C@@H]1CC[NH+](C2CC2)C1,-7.4,0.9179999999999999,4.689329171394702,-9.0
Fc1cccnc1CNCc1cccc([N+](=O)[O-])c1,-7.4,0.743,2.09760791788349,-9.0
FNC[C@@]1(Oc2ccccc2)Oc2ccccc21,-7.3,0.9199999999999999,3.3219855506122897,-9.1
[NH+]C[NH+](CCCc1nc2ccccc2o1)Cc1ccco1,-7.4,0.755,4.076655624354009,-8.9
[P@@]C1(CN[C@@H](Cc2ccccc2)C(=O)c2ccccc2)CC1,-8.0,0.698,2.999230823710512,-8.3
[P@@]=C(CN1CCC[C@@H]1c1ccccc1)c1ccccc1,-7.7,0.828,2.7828081753068865,-8.6
[P@@]Cc1ccc2c(c1)CN(Cc1cccnc1)C[C@H]2CCO,-7.7,0.939,3.362906956952269,-8.6
P=C(\C(=O)c1cncc(Br)c1)N(Cc1ccc(Cl)cc1)c1ccccc1,-7.8,0.443,2.6200621297963007,-8.5
[P@@](=O)Cn1nc(Cc2ccc(O)cc2)c2ccccc21,-7.8,0.825,2.6753921879643823,-8.5
[P@@](c1ccccc1OCC1CC1)NN1C=C[C@]2(CCSC2)C1,-7.2,0.886,4.877139676540268,-9.1
[P@@]=C([O-])C1CCN(c2nccc(-c3ccccc3)n2)CC1,-8.0,0.896,2.626494061794088,-8.3
[P@@]1CCC[NH+](Cc2cccc(Cl)c2Cl)[C@H]1C(=O)Nc1cccc(C(F)(F)F)c1,-8.6,0.732,4.310407388475687,-7.7
[P@@]=C(SCCc1c[nH]c2ccccc12)Nc1cccnc1,-7.3,0.741,2.793171660134403,-9.0
[P@@]=C(Nc1cccc(Cl)c1)c1ccccc1O,-7.5,0.898,2.3953415818405563,-8.8
[C@@H]N/[C@@H]OC(=O)c1ccc(Cn2ccc(C(F)(F)F)n2)cc1,-7.5,0.761,2.9906287796331625,-8.8
[N+]([O-])CCOc1ccc(N[C@H]2COc3ccccc3O2)cc1,-7.5,0.734,3.3304295050291923,-8.8
[N+]1=C[C@H](SCCc2ccc(F)cc2)N=N[C@@H]1C1CC(CC(=O)[O-])C1,-7.4,0.833,4.789008387448012,-8.9
[N+]=C1C(=O)N=C(Nc2cccc(Cl)c2)C([O-])=N1,-7.4,0.815,3.610064290514861,-8.9
[N+]([O-])Cn1cc(C(=O)NC2[C@H]3CC=CC[C@@H]3[C@@H]2O)cn1,-7.3,0.6759999999999999,4.7310345868202575,-9.0
[N+]=Cc1ccc(C(=O)N(Cc2ccccn2)c2ccccc2)cc1,-7.9,0.759,2.4252525842097974,-8.4
[N+]n1ccnc1/C=C/C(=O)c1ccc(Cl)cc1,-7.2,0.695,2.962788697225172,-9.1
[N+]=CC(=O)C1c2ccccc2Oc2ccccc21,-7.8,0.831,2.806931402323276,-8.5
[C@@H][N+]1(C)CC[C@@H]([C@H](Cl)CC(=O)Nc2nnc(N3CCOCC3)s2)C1,-7.4,0.706,4.420817452616066,-8.9
[N+]1=C[C@@H]2C[C@](CO)S[C@H](C(=O)Nc3cccc(Cl)c3)[C@H]21,-7.2,0.873,4.628583475691693,-9.1
FC(=O)c1ccc(N/C(=N\c2cccnc2)C2=C(O)CCSC2)cc1,-7.9,0.565,3.1892262361766424,-8.4
Fn1nccc1CN1CCC(CC(=O)N2CCCC2)CC1,-7.7,0.9309999999999999,2.655605032790304,-8.6
FC(F)(F)C(F)(F)c1cccc2ncccc12,-7.3,0.776,2.296157217292061,-9.0
FC(F)(F)c1cnc(Oc2ccc([N+](=O)[O-])cc2)nc1,-7.2,0.719,2.2210134177690595,-9.1
[P@@](=C\c1ccc2c(c1)OCO2)N1CCC2(CC1)O[C@@H](c1ccco1)NC2=O,-8.1,0.898,4.682066526753662,-8.2
[P@@]=C(COc1ccc(Cl)cc1Cl)[NH+](C1CCCC1)c1ccccc1,-8.2,0.771,3.870820824742152,-8.1
[N+]1=C(C2CCCCC2)NC(=O)N(C2CC2)C1=O,-7.6,0.87,3.4749954279944024,-8.7
[N+]1=CCC[C@@H]1C[NH2+]Cc1nc(C(F)(F)F)c(F)c(Cl)c1Cl,-7.6,0.916,5.332596084064079,-8.7
[N+]=CC(=O)N1CCN(CCc2ccc3c(c2)OCCO3)CC1,-7.6,0.815,2.638438982186757,-8.7
[N+](=O)/N=C/c1ccc(OCc2ccccc2Br)c(Cl)c1,-7.6,0.6799999999999999,2.7211489937720046,-8.7
FC(F)(F)/C(F)c1ccccc1-n1cc(/C=C/C(=O)[O-])[nH]c1=O,-8.1,0.762,3.9894420994763182,-8.2
[P@@]1=C(CCN2C(NCc3ccccc3)C=C(C)N=C2O)N=C2C[C@@H]1C2,-7.9,0.851,5.088201044400148,-8.3
PC[C@@H](Cc1ccccc1Cl)N1c2ccccc2C[C@H]1C(=O)NC1CC1,-7.9,0.845,3.556949768516516,-8.3
[P@@]=C(CNCc1cc(Cl)ccc1Cl)[S@@](=O)Cc1ccncc1,-7.4,0.828,3.4343189839373807,-8.8
[P@@]1CC[C@@H](N2CCOC(c3ccc4ccccc4n3)C2)C1,-7.9,0.875,4.065268654439615,-8.3
PC(SCC(=O)c1ccccc1)c1ccc(F)cc1,-7.4,0.6829999999999999,3.0190732449312296,-8.8
[N+]=Cc1ccc(NS(=O)(=O)c2ccc(Cl)cc2)cc1Br,-7.4,0.9179999999999999,2.5417079632236064,-8.8
[N+]12[N+](=O)CC[C@H](/C([O-])=N/OCOc3ccccc3)[C@@H]1C2,-7.4,0.224,4.953306022110791,-8.8
N2NS2[P@@]/C=C/c1cc(Br)ccc1OCc1ccncc1,-7.9,0.478,3.472450934429647,-8.3
C[C@@H]1CCC[C@@H](OCc2cccc(F)c2C(=O)N(C)C(C)C)C1,-8.0,0.884,3.1742197520362234,-8.2
[C@H]Oc1cc(F)cc(NC(=O)Cn2nnn(C)c2=O)c1,-7.0,0.917,2.924043068118712,-9.2
[C@H](C)[C@@H]([NH3+])Cc1nc(-c2ccccc2Cl)no1,-7.7,0.881,3.4681744604522224,-8.5
[NH+]1CCC([NH2+][C@@H](Cc2c(F)cccc2Cl)c2cccs2)CC1,-7.8,0.914,4.562172101183039,-8.4
[NH+]=C(NCCNC(=O)c1ccc(Br)o1)N1CCC[C@H](C)C1,-7.5,0.482,3.377116704389339,-8.7
[P@@]=C(Nc1nnc(Cc2ccc(Cl)cc2)o1)C1CC1,-7.0,0.9339999999999999,2.830136123011698,-9.2
PC1CCN(c2cc[nH+]c3ccc(C(F)(F)F)cc23)CC1,-7.7,0.817,4.24070366657969,-8.5
[P@@]=C(SCc1ccccc1)NC(=O)c1ccc(Cl)cc1,-7.1,0.902,2.347055066646499,-9.1
P/C=C/C(=O)O[C@H]1C=CN=C(Nc2ccccc2F)C1,-7.1,0.609,4.251695832290727,-9.1
P=C(\C[NH+]1CCCC1)OCc1cccc(C(F)(F)F)c1,-7.1,0.903,3.992033103083745,-9.1
[P@@]=C(SCc1ccc(Br)cc1)NC(=O)c1cc(Cl)ccc1Cl,-7.5,0.6729999999999999,2.60969157912875,-8.7
[P@@]=C(NCCN1CCOCC1)c1cccc2ccccc12,-7.5,0.939,2.461035928124476,-8.7
[N+]c1ccc(CN(CCO)CCn2ccccc2=O)c(Cl)c1,-7.1,0.9239999999999999,3.024341967608593,-9.1
[N+]=CCNC1c2ccccc2-c2ccccc21,-7.7,0.872,2.77167796645594,-8.5
[N+]([O-])c1ccc(-n2ccnc2N2CCC[C@@H](c3ccccc3)C2)cc1F,-9.2,0.745,3.264385191961967,-7.0
[N+]=CCN1C(=O)/C(=C\c2ccc(C(=O)[O-])cc2)C1=O,-7.2,0.368,3.339032967193156,-9.0
[N+]1=CCCC[C@]1(Oc1ccc(F)cc1)C(=O)[C@@H]1/C(=C(/C#N)C(C)C)C[C@H](CCO)C1,-8.2,0.768,5.007869185565919,-8.0
[N+]=CCN/C=C(\Cc1cccc(F)c1)c1ccc(Cl)cc1,-7.5,0.723,2.958431312739864,-8.7
[N+]n1cnnc1C(=O)N1CCC[C@@H](c2cn[nH]c2)C1,-8.2,0.89,3.988779706751569,-8.0