timestamp,num_generated_molecules,hypervolume,total_elapsed_seconds,molecules_per_hour,diversity_mean_tanimoto_distance,novelty_mean_tanimoto_distance,pareto_coverage_against_baseline
Sat Aug 29 16:28:46 2026,15,0.2145285184003592,282.0403814315796,191.46194500910468,0.8724102198576066,0.8724102198576066,
Sat Aug 29 16:33:28 2026,21,0.22036539093012272,563.1749892234802,134.2389158727364,0.8729239427358386,0.8729239427358386,
Sat Aug 29 16:36:56 2026,23,0.22036671627477,771.9711709022522,107.25789138372399,0.8817334873815134,0.8817334873815134,
Sat Aug 29 16:41:53 2026,25,0.22043597445371407,1068.3576180934906,84.24145480481258,0.886417508848853,0.886417508848853,
Sat Aug 29 16:44:10 2026,26,0.22057839140887509,1205.2671782970428,77.65912959834364,0.8875246065045123,0.8875246065045123,
Sat Aug 29 16:46:17 2026,27,0.22126529470929104,1332.6292593479156,72.938515583518,0.8885395581278696,0.8885395581278696,
Sat Aug 29 16:51:07 2026,27,0.22126529470929104,1622.5478007793427,59.905785181375165,0.8885395581278696,0.8885395581278696,
Sat Aug 29 16:54:55 2026,28,0.22126529470929104,1850.181410074234,54.481144092759884,0.8881471060940668,0.8881471060940668,
Sat Aug 29 16:59:22 2026,31,0.2212802463779875,2117.200408935547,52.711117723668174,0.8873177057460718,0.8873177057460718,
Sat Aug 29 17:02:34 2026,33,0.22130636459640493,2309.4174814224243,51.441543573502486,0.8884812525129978,0.8884812525129978,
Sat Aug 29 17:05:05 2026,34,0.22130942768353057,2460.714255332947,49.74165518598122,0.887668875529466,0.887668875529466,
Sat Aug 29 17:06:41 2026,35,0.22152694867688363,2556.4729278087616,49.286655309117165,0.8862085758868571,0.8862085758868571,
Sat Aug 29 17:09:24 2026,37,0.22152910490245162,2719.61647772789,48.97749410287522,0.8868850241692176,0.8868850241692176,
Sat Aug 29 17:13:51 2026,37,0.22152910490245162,2986.865429878235,44.59524646392594,0.8868850241692176,0.8868850241692176,
Sat Aug 29 17:17:38 2026,38,0.22154788950371598,3213.4354724884033,42.57126093590593,0.8881288161544774,0.8881288161544774,
Sat Aug 29 17:20:06 2026,40,0.22408976404203537,3361.2638494968414,42.841028389233955,0.8866066863914971,0.8866066863914971,
Sat Aug 29 17:22:49 2026,41,0.2240899446567103,3524.2977347373962,41.88068407080766,0.8857810790112519,0.8857810790112519,
Sat Aug 29 17:24:46 2026,42,0.2240942208808539,3641.221291780472,41.52452924004153,0.8840048351958322,0.8840048351958322,
Sat Aug 29 17:27:10 2026,42,0.2240942208808539,3785.2288308143616,39.94474489075223,0.8840048351958322,0.8840048351958322,
Sat Aug 29 17:29:16 2026,44,0.2241591260003395,3911.3621077537537,40.49740106803027,0.8828391584681777,0.8828391584681777,
Sat Aug 29 17:31:04 2026,45,0.2241923488347894,4019.35986828804,40.30492548779923,0.8829322737809758,0.8829322737809758,
Sat Aug 29 17:33:28 2026,45,0.2241923488347894,4163.6340181827545,38.9083188610093,0.8829322737809758,0.8829322737809758,
Sat Aug 29 17:35:50 2026,45,0.2241923488347894,4305.660708665848,37.624887551856666,0.8829322737809758,0.8829322737809758,
Sat Aug 29 17:37:47 2026,46,0.22419243624694413,4422.984260320663,37.44078437846264,0.8829772303020551,0.8829772303020551,
Sat Aug 29 17:40:06 2026,49,0.22420012969435021,4561.803946495056,38.66891301532859,0.8827638168523916,0.8827638168523916,
Sat Aug 29 17:41:58 2026,49,0.22420012969435021,4673.425202846527,37.74533502591565,0.8827638168523916,0.8827638168523916,
Sat Aug 29 17:43:23 2026,50,0.22420153536378296,4758.636617422104,37.825960347758475,0.8831025525516868,0.8831025525516868,
Sat Aug 29 17:45:05 2026,51,0.22420324588812995,4860.259130716324,37.775763608912825,0.8828587647573127,0.8828587647573127,
Sat Aug 29 17:47:46 2026,53,0.22420558501402138,5021.539776802063,37.99631357724897,0.8834054712533815,0.8834054712533815,
Sat Aug 29 17:49:23 2026,53,0.22420558501402138,5118.338272094727,37.27772371752861,0.8834054712533815,0.8834054712533815,
Sat Aug 29 17:51:37 2026,54,0.22420558537629295,5252.810669898987,37.00875820901011,0.8842155031099995,0.8842155031099995,
Sat Aug 29 17:54:29 2026,55,0.2242786455411484,5424.901269435883,36.498360092844486,0.8841773932325253,0.8841773932325253,
Sat Aug 29 17:56:55 2026,55,0.2242786455411484,5570.3990976810455,35.545029454429454,0.8841773932325253,0.8841773932325253,
Sat Aug 29 17:59:32 2026,56,0.2242786455411484,5727.711063146591,35.19730617997488,0.8849325819546539,0.8849325819546539,
Sat Aug 29 18:01:41 2026,56,0.2242786455411484,5856.561159610748,34.422930881404675,0.8849325819546539,0.8849325819546539,
Sat Aug 29 18:04:40 2026,58,0.22443176031004802,6035.124894857407,34.59746130157483,0.8856144778310802,0.8856144778310802,
Sat Aug 29 18:11:24 2026,59,0.2245452007052003,6439.648065328598,32.98316893178879,0.8848546600648867,0.8848546600648867,
Sat Aug 29 18:15:01 2026,60,0.224553756666477,6657.041284799576,32.44684699390491,0.8858609663072315,0.8858609663072315,
Sat Aug 29 18:18:03 2026,61,0.22519686321657265,6838.891728878021,32.11046595060326,0.8853239278521737,0.8853239278521737,
Sat Aug 29 18:20:55 2026,62,0.22520599068233219,7010.904331445694,31.836121197502447,0.8859267660107178,0.8859267660107178,
Sat Aug 29 18:24:41 2026,63,0.22520599068233219,7236.479365110397,31.341207313252667,0.885812985580784,0.885812985580784,
Sat Aug 29 18:27:47 2026,63,0.22520599068233219,7422.189391613007,30.557021389979827,0.885812985580784,0.885812985580784,
Sat Aug 29 18:30:42 2026,63,0.22520599068233219,7597.814333438873,29.850689954586883,0.885812985580784,0.885812985580784,
Sat Aug 29 18:32:48 2026,65,0.2252135761380226,7723.456661939621,30.297315080840328,0.8850709000007088,0.8850709000007088,
Sat Aug 29 18:34:59 2026,65,0.2252135761380226,7854.528809070587,29.791729801763733,0.8850709000007088,0.8850709000007088,
Sat Aug 29 18:37:09 2026,66,0.22521358025549387,7984.8907122612,29.75619937229113,0.8846027691379974,0.8846027691379974,
Sat Aug 29 18:39:20 2026,66,0.22521358025549387,8115.489163398743,29.277347947377926,0.8846027691379974,0.8846027691379974,
Sat Aug 29 18:42:20 2026,68,0.2252189531601244,8295.765565633774,29.509030608834227,0.8839867821288449,0.8839867821288449,
Sat Aug 29 18:44:25 2026,68,0.2252189531601244,8420.847270488739,29.070708936607044,0.8839867821288449,0.8839867821288449,
Sat Aug 29 18:51:06 2026,70,0.22521895587894467,8821.373268842697,28.566980709236066,0.884223632861149,0.884223632861149,
Sat Aug 29 18:55:35 2026,71,0.22522389924846198,9090.147764205933,28.118354797979222,0.8835780579763087,0.8835780579763087,
Sat Aug 29 18:57:44 2026,71,0.22522389924846198,9219.088726520538,27.725082986208374,0.8835780579763087,0.8835780579763087,
Sat Aug 29 19:02:27 2026,72,0.22522393062645352,9502.426931619644,27.277242105119832,0.8839167344120011,0.8839167344120011,
Sat Aug 29 19:04:55 2026,73,0.22522393062645352,9650.460384845734,27.2318614366501,0.8838025235425199,0.8838025235425199,
Sat Aug 29 19:06:42 2026,74,0.2252239307083707,9757.31077504158,27.30260479982147,0.8847041224537676,0.8847041224537676,
Sat Aug 29 19:08:05 2026,74,0.2252239307083707,9840.915357589722,27.070652507395188,0.8847041224537676,0.8847041224537676,
Sat Aug 29 19:10:06 2026,75,0.22522393455055773,9961.174664258957,27.10523699265805,0.8853840463296899,0.8853840463296899,
Sat Aug 29 19:11:27 2026,75,0.22522393455055773,10042.570547580719,26.885546755262144,0.8853840463296899,0.8853840463296899,
Sat Aug 29 19:13:10 2026,75,0.22522393455055773,10146.041920661926,26.61136255017417,0.8853840463296899,0.8853840463296899,
Sat Aug 29 19:14:52 2026,75,0.22522393455055773,10247.107671022415,26.348898505626856,0.8853840463296899,0.8853840463296899,
Sat Aug 29 19:16:09 2026,75,0.22522393455055773,10325.006762981415,26.15010393678771,0.8853840463296899,0.8853840463296899,
Sat Aug 29 19:17:25 2026,75,0.22522393455055773,10400.293649435043,25.960805444629607,0.8853840463296899,0.8853840463296899,
Sat Aug 29 19:19:36 2026,76,0.2252239987866877,10531.45037484169,25.979327657812068,0.885500492817111,0.885500492817111,
Sat Aug 29 19:21:15 2026,76,0.2252239987866877,10630.275623559952,25.737808659788506,0.885500492817111,0.885500492817111,
Sat Aug 29 19:22:22 2026,76,0.2252239987866877,10697.22702383995,25.576721835504866,0.885500492817111,0.885500492817111,
Sat Aug 29 19:23:50 2026,77,0.22530067775030202,10785.984446525574,25.70001851702028,0.8851494517777831,0.8851494517777831,
Sat Aug 29 19:25:17 2026,77,0.22530067775030202,10872.106267213821,25.496439529471015,0.8851494517777831,0.8851494517777831,
Sat Aug 29 19:27:37 2026,77,0.22530067775030202,11012.910264253616,25.170458430025793,0.8851494517777831,0.8851494517777831,
Sat Aug 29 19:29:06 2026,78,0.22530361892838216,11101.926481962204,25.292907537824927,0.8851918813924954,0.8851918813924954,
Sat Aug 29 19:30:20 2026,78,0.22530361892838216,11175.720512390137,25.12589677673907,0.8851918813924954,0.8851918813924954,
Sat Aug 29 19:32:20 2026,79,0.22530367042957947,11295.296511888504,25.17862188926726,0.885319462761753,0.885319462761753,
Sat Aug 29 19:33:55 2026,79,0.22530367042957947,11390.494716405869,24.96818681548355,0.885319462761753,0.885319462761753,
Sat Aug 29 19:34:56 2026,79,0.22530367042957947,11451.843472719193,24.834429555163176,0.885319462761753,0.885319462761753,
Sat Aug 29 19:36:41 2026,79,0.22530367042957947,11556.278759241104,24.60999824641444,0.885319462761753,0.885319462761753,
Sat Aug 29 19:38:01 2026,79,0.22530367042957947,11636.481443405151,24.440377564575638,0.885319462761753,0.885319462761753,
Sat Aug 29 19:39:26 2026,79,0.22530367042957947,11722.040430784225,24.26198763596767,0.885319462761753,0.885319462761753,
Sat Aug 29 19:41:35 2026,80,0.22533740430958954,11850.04578256607,24.303703570808903,0.8853068587001133,0.8853068587001133,
Sat Aug 29 19:43:32 2026,81,0.22533742440273535,11967.786749839783,24.3654074136894,0.885843581890249,0.885843581890249,
Sat Aug 29 19:45:26 2026,82,0.2253476349202741,12081.045677900314,24.434970934677054,0.8858818719541806,0.8858818719541806,
Sat Aug 29 19:47:16 2026,83,0.22534763620212592,12191.467374324799,24.508944725494825,0.8870865615650502,0.8870865615650502,
Sat Aug 29 19:48:36 2026,83,0.22534763620212592,12271.54461145401,24.349013059130808,0.8870865615650502,0.8870865615650502,
Sat Aug 29 19:50:12 2026,83,0.22534763620212592,12367.68090224266,24.15974363842278,0.8870865615650502,0.8870865615650502,
Sat Aug 29 19:51:30 2026,83,0.22534763620212592,12446.023570537567,24.00766785524369,0.8870865615650502,0.8870865615650502,
Sat Aug 29 19:53:13 2026,84,0.22534763620212592,12548.554639101028,24.0983928983923,0.8865643166149322,0.8865643166149322,
Sat Aug 29 19:55:03 2026,84,0.22534763620212592,12658.997276544571,23.88814796258048,0.8865643166149322,0.8865643166149322,
Sat Aug 29 19:57:10 2026,84,0.22534763620212592,12785.302420854568,23.652158552522344,0.8865643166149322,0.8865643166149322,
Sat Aug 29 19:59:08 2026,84,0.22534763620212592,12903.989035606384,23.43461383651041,0.8865643166149322,0.8865643166149322,
Sat Aug 29 20:00:53 2026,84,0.22534763620212592,13008.452832221985,23.246423221903385,0.8865643166149322,0.8865643166149322,
Sat Aug 29 20:02:20 2026,84,0.22534763620212592,13095.24129319191,23.092357997039343,0.8865643166149322,0.8865643166149322,
Sat Aug 29 20:03:36 2026,84,0.22534763620212592,13171.753664970398,22.9582186010825,0.8865643166149322,0.8865643166149322,
Sat Aug 29 20:04:51 2026,84,0.22534763620212592,13246.898605823517,22.82798479842375,0.8865643166149322,0.8865643166149322,
Sat Aug 29 20:10:39 2026,84,0.22534763620212592,13594.458613872528,22.244357689346636,0.8865643166149322,0.8865643166149322,
Sat Aug 29 20:20:28 2026,85,0.22534791580501665,14183.699390649796,21.57406129191668,0.8867128869030277,0.8867128869030277,
Sat Aug 29 20:26:11 2026,85,0.22534791580501665,14526.433590888977,21.06504656393598,0.8867128869030277,0.8867128869030277,
Sat Aug 29 20:48:53 2026,87,0.22534855462024808,15888.60011267662,19.71224637657759,0.8867364239070757,0.8867364239070757,
Sat Aug 29 20:51:21 2026,88,0.2253488965892424,16036.89274764061,19.754450253251736,0.8877782567239458,0.8877782567239458,
Sat Aug 29 20:55:09 2026,88,0.2253488965892424,16264.825780153275,19.47761410310136,0.8877782567239458,0.8877782567239458,
Sat Aug 29 20:59:04 2026,88,0.2253488965892424,16499.526146173477,19.200551409379194,0.8877782567239458,0.8877782567239458,
Sat Aug 29 21:04:44 2026,88,0.2253488965892424,16839.2316365242,18.813209939630653,0.8877782567239458,0.8877782567239458,
Sat Aug 29 21:08:04 2026,88,0.2253488965892424,17039.88979101181,18.591669540439486,0.8877782567239458,0.8877782567239458,
Sat Aug 29 21:17:17 2026,88,0.2253488965892424,17592.96575641632,18.0071969891978,0.8877782567239458,0.8877782567239458,
Sat Aug 29 21:22:31 2026,88,0.2253488965892424,17906.799273252487,17.691603907863445,0.8877782567239458,0.8877782567239458,
Sat Aug 29 21:28:08 2026,88,0.2253488965892424,18243.11353969574,17.365456796103654,0.8877782567239458,0.8877782567239458,
Sat Aug 29 21:40:08 2026,88,0.2253488965892424,18963.144948005676,16.706089673871176,0.8877782567239458,0.8877782567239458,
Sat Aug 29 21:46:01 2026,88,0.2253488965892424,19316.77333521843,16.40025456127338,0.8877782567239458,0.8877782567239458,
Sat Aug 29 21:55:54 2026,90,0.2253493086644445,19909.050091981888,16.274005967290563,0.8874648491679165,0.8874648491679165,
Sat Aug 29 22:07:22 2026,90,0.2253493086644445,20597.897270202637,15.729760943545699,0.8874648491679165,0.8874648491679165,
Sat Aug 29 22:13:33 2026,90,0.2253493086644445,20968.455205202103,15.451782061637914,0.8874648491679165,0.8874648491679165,
Sat Aug 29 22:21:36 2026,90,0.2253493086644445,21451.38357925415,15.103920863796574,0.8874648491679165,0.8874648491679165,
Sat Aug 29 22:29:03 2026,91,0.2253493086644445,21898.910403251648,14.959648401107504,0.8866839215413087,0.8866839215413087,
Sat Aug 29 22:38:02 2026,91,0.2253493086644445,22437.846717119217,14.600331490367735,0.8866839215413087,0.8866839215413087,
Sat Aug 29 22:43:06 2026,92,0.2259588711950164,22741.86341714859,14.563450405310999,0.8863960650584246,0.8863960650584246,
Sat Aug 29 22:48:31 2026,93,0.22595962250046847,23066.5022482872,14.514554326278944,0.8867275231172821,0.8867275231172821,
Sat Aug 29 22:52:39 2026,94,0.2259828810214376,23314.180101156235,14.51477163390436,0.8867412401936522,0.8867412401936522,
Sat Aug 29 22:54:49 2026,96,0.2259837231883041,23445.01994419098,14.740870377703818,0.8869818725533776,0.8869818725533776,
Sat Aug 29 22:57:36 2026,96,0.2259837231883041,23611.674190998077,14.636827410220643,0.8869818725533776,0.8869818725533776,
Sat Aug 29 23:00:35 2026,96,0.2259837231883041,23790.326657533646,14.526912764796332,0.8869818725533776,0.8869818725533776,
Sat Aug 29 23:02:40 2026,97,0.22598375711587332,23915.76243042946,14.601248905018888,0.8868760097915608,0.8868760097915608,
Sat Aug 29 23:04:47 2026,98,0.22598375711587332,24042.549021720886,14.67398484583594,0.8870554639536483,0.8870554639536483,
Sat Aug 29 23:06:44 2026,99,0.22598377256187085,24159.699790477753,14.75183893387908,0.8871983467858179,0.8871983467858179,
Sat Aug 29 23:08:46 2026,99,0.22598377256187085,24281.725355625153,14.677704931599338,0.8871983467858179,0.8871983467858179,
Sat Aug 29 23:11:08 2026,99,0.22598377256187085,24423.911727428436,14.592257128073273,0.8871983467858179,0.8871983467858179,
Sat Aug 29 23:13:34 2026,100,0.22598377256187085,24569.466608524323,14.652332740308607,0.886637913615592,0.886637913615592,
Sat Aug 29 23:15:59 2026,101,0.225983780989741,24714.948190927505,14.711744373936103,0.8867918705055321,0.8867918705055321,
Sat Aug 29 23:17:49 2026,101,0.225983780989741,24824.454402685165,14.646847584318744,0.8867918705055321,0.8867918705055321,
Sat Aug 29 23:20:03 2026,101,0.225983780989741,24958.557802200317,14.568149445235392,0.8867918705055321,0.8867918705055321,
Sat Aug 29 23:22:24 2026,101,0.225983780989741,25099.214174747467,14.486509317324407,0.8867918705055321,0.8867918705055321,
Sat Aug 29 23:25:07 2026,102,0.22598380071598848,25262.204998016357,14.535548263852396,0.887060794333902,0.887060794333902,
Sat Aug 29 23:26:58 2026,102,0.22598380071598848,25373.45459794998,14.471817331080628,0.887060794333902,0.887060794333902,
Sat Aug 29 23:29:03 2026,102,0.22598380071598848,25498.514701604843,14.4008388055987,0.887060794333902,0.887060794333902,
Sat Aug 29 23:31:36 2026,102,0.22598380071598848,25651.664575576782,14.314860500305114,0.887060794333902,0.887060794333902,
Sat Aug 29 23:33:24 2026,104,0.22598380213205427,25759.921090602875,14.534206012633312,0.8865329917653529,0.8865329917653529,
Sat Aug 29 23:35:06 2026,104,0.22598380213205427,25861.04975914955,14.477370543225476,0.8865329917653529,0.8865329917653529,
Sat Aug 29 23:37:31 2026,105,0.225983803207584,26006.790714502335,14.53466535527636,0.8863506659554697,0.8863506659554697,
Sat Aug 29 23:39:44 2026,105,0.225983803207584,26139.3237991333,14.460970869205626,0.8863506659554697,0.8863506659554697,
Sat Aug 29 23:41:58 2026,106,0.22598861931622022,26273.283399105072,14.52426003264587,0.88649596807419,0.88649596807419,
Sat Aug 29 23:43:40 2026,107,0.2259929205514043,26375.68740463257,14.60435870696376,0.886306229510896,0.886306229510896,
Sat Aug 29 23:46:24 2026,108,0.22599344130560461,26539.41972708702,14.649905838113623,0.8862637896598491,0.8862637896598491,
Sat Aug 29 23:48:56 2026,108,0.22599344130560461,26691.398280143738,14.566490519503283,0.8862637896598491,0.8862637896598491,
Sat Aug 29 23:50:43 2026,108,0.22599344130560461,26798.55188393593,14.508246627798629,0.8862637896598491,0.8862637896598491,
Sat Aug 29 23:52:36 2026,109,0.22599499208821522,26912.00066590309,14.580855762877642,0.8861769239168081,0.8861769239168081,
Sat Aug 29 23:54:53 2026,109,0.22599499208821522,27048.141038656235,14.507466499793683,0.8861769239168081,0.8861769239168081,
Sat Aug 29 23:56:53 2026,111,0.22603115961954667,27168.67629790306,14.70811443363702,0.885822946374571,0.885822946374571,
Sat Aug 29 23:59:05 2026,112,0.22603116111794203,27300.672820568085,14.768866783980236,0.88558689508314,0.88558689508314,
Sun Aug 30 00:00:59 2026,113,0.22603116320348954,27414.356185913086,14.83894048947372,0.8860137373247303,0.8860137373247303,
Sun Aug 30 00:02:52 2026,114,0.2260323404720715,27527.906151771545,14.908507669900963,0.8864397185119627,0.8864397185119627,
Sun Aug 30 00:04:39 2026,114,0.2260323404720715,27635.035851240158,14.850713500398182,0.8864397185119627,0.8864397185119627,
Sun Aug 30 00:06:34 2026,116,0.2260328145706263,27749.44099855423,15.048951797686927,0.8873555166281661,0.8873555166281661,
Sun Aug 30 00:08:36 2026,116,0.2260328145706263,27871.77143096924,14.982901285419949,0.8873555166281661,0.8873555166281661,
Sun Aug 30 00:10:17 2026,116,0.2260328145706263,27972.717155218124,14.928832178968339,0.8873555166281661,0.8873555166281661,
Sun Aug 30 00:11:53 2026,116,0.2260328145706263,28068.146407842636,14.878075450088028,0.8873555166281661,0.8873555166281661,
Sun Aug 30 00:13:34 2026,117,0.2260328367218604,28169.87384533882,14.952143638005486,0.8874661115679602,0.8874661115679602,
Sun Aug 30 00:15:07 2026,118,0.22603485704291193,28263.001732826233,15.030250644134997,0.8876549150781179,0.8876549150781179,
Sun Aug 30 00:18:31 2026,118,0.22603485704291193,28466.864506483078,14.922612917318503,0.8876549150781179,0.8876549150781179,
Sun Aug 30 00:22:00 2026,118,0.22603485704291193,28675.20581626892,14.814191839522529,0.8876549150781179,0.8876549150781179,
Sun Aug 30 00:42:58 2026,118,0.22603485704291193,29933.540639400482,14.191438464210629,0.8876549150781179,0.8876549150781179,
Sun Aug 30 00:46:36 2026,119,0.22603485704291193,30151.089329481125,14.20844186817221,0.8872753416359751,0.8872753416359751,
Sun Aug 30 00:50:18 2026,120,0.22603485704291193,30373.35273861885,14.22299354692985,0.887190060902343,0.887190060902343,
Sun Aug 30 00:54:04 2026,120,0.22603485704291193,30599.229771852493,14.11800242100821,0.887190060902343,0.887190060902343,
Sun Aug 30 00:56:39 2026,120,0.22603485704291193,30754.131232261658,14.046893301502985,0.887190060902343,0.887190060902343,
