smiles,egfr,her2,qed,sa
Cc1cc(OC2=C(c3cccc(C(N)O)c3)CC=C(C3=C(C4=CC(=O)CC4)OCC(=O)O3)O2)cc(C)c1C,-10.60,-10.60,0.4205,4.2473
CC1=CC(C2=C(F)CC(O)=CC2NC2=CC=CC=C2)=CC2=CCC=CC12,-9.60,-9.60,0.6647,4.5084
NC(=O)C(=O)C1(N)N=C(N)C(c2cc(C3(N)C=CCC3)c(N)cc2N)=CN1,-9.60,-9.60,0.1840,4.9324
CC1=CC=CC(C2=CC=CC(N(C=O)C3=C(C=O)C(O)=CC(C)=C3)=C2)=C1,-9.50,-9.50,0.6769,2.6213
CC1=CC(NC(O)(C(=O)C2=C(O)NC(=O)C(C)C2)c2cc(C)c(C)c(C3=CNCC3)n2)([SH]=O)CN=C1C(O)C=O,-9.50,-9.50,0.1193,5.9211
CCC1(C2=C(C3=C(C)C(C(OC)(C4=CC(C)=CC=C4)N(C)C)=CC=C3)CN(C)C(=O)C2)C=CN=C1,-9.30,-9.60,0.5134,4.5304
CCC1=CC(c2ccc(F)c(O)c2)=NC(c2ccc(C3C=CCC3)cc2)N1C,-9.40,-9.40,0.6957,3.9669
CN(c1ccc(C2=CNC(SN)=C(C3=CNC=CC3)O2)c(CC2=CCCC2N)n1)c1cccc(O)c1C=O,-9.10,-9.50,0.1930,4.8946
CC1=C(N)N=CC(Oc2c(F)c(F)c(C)c(F)c2C(C)(C)C)(C2C=CCC2)C1,-9.30,-9.30,0.5486,4.5900
CC[SH]1C(C2C=CC=C2)=CC(C)C(C2=CC(O)=C(F)C(C)=C2O)=C1NC,-9.20,-9.30,0.4545,5.0814
CC(=O)C(=O)C=CC1=CC(C2(S)C=C(N)CC2)=NC(c2ccccc2)C1(C)C,-9.20,-9.20,0.4475,4.6552
NC1=CC=CCC1(N)c1cccc(C2=C(C(O)C3=CCC=C3)NC=CN2)c1,-9.20,-9.20,0.5674,4.8068
CC1=CC=C(C2(C)C(C3CC(C)NC(F)=C3C)=CNC(C)(O)N2C)C=C1,-9.20,-9.20,0.7076,4.7154
CC1=CNC=CC1(C=O)C1=C(C)C(F)=C(C(=O)C2CC=CCN2)C=C1Cl,-9.20,-9.20,0.4819,4.7334
CCC1=C(C=C2N=NC=C(CN3C=CC=CC3)O2)OC(OC(=O)N(C)C(C)=O)=C([SH]=O)C1,-9.10,-9.20,0.6054,4.9826
CC1=NC(C2=C(C3=CC=C(N(C)C)C(=N)C3)C(=O)C(C(F)(F)CN)=CC2)=C(C)N=C1,-9.10,-9.10,0.7732,4.0542
CC(=O)C1=C(C)C=C(N)C(C2=C(N(C)C=O)C(=O)CC(C(Br)N3C=CC(C)=CC3)=C2)=N1,-9.10,-9.10,0.2874,4.6405
CNC(=O)CC(N)(CN)N(C(=O)C1=C(N2CCC(Br)=C2CC(N)CO)N(C)CC1=O)C(CS)(NCO)NC(C)C,-9.00,-9.00,0.0508,5.5250
CC1=CC(C2=NC=CC(C)=C2O)=CC(C2(C)C(N)=C(C)C(C)=CN2C)=C1,-9.00,-9.00,0.8451,3.7645
CNc1cc(-c2cc(F)c(C=O)c(OC3(O)N=CCN3C)c2)c(C)cc1C,-9.00,-9.00,0.6244,3.9162
CCOC1(C(=S)C2=C(C)C=CC(C3=CC=CC=C3)=C2)C=CC(=O)C(C)=C1,-9.20,-8.70,0.5373,3.3540
CC1=CC(O)=CN(c2c(C)c(C)nc(C)c2C(=O)OC=C2CCC=C2S)C1,-8.90,-8.90,0.4443,4.1672
CCC(O)(C1=CN(C)C(N)C(C=O)=C1)C1(O)N=C(Cl)C(C)(C)C(C2=CCCC2)=N1,-8.90,-8.90,0.5904,5.3128
Nc1ccc(C=O)c(C2(N)NC(N(C=O)C3(O)CC=CO3)=C(O)OC2=O)c1,-8.90,-8.90,0.1864,5.0278
C=Cc1cccc(-c2nc(N3C=CC=C4CCC(CC)=C43)c(C)cc2S)c1,-8.80,-8.90,0.6006,3.5494
CC1=CC=C(C2=C(C)C(C)=C(N)C=C2C2=CC(C#N)SC(F)=C2)C=C1C,-8.80,-8.80,0.6646,3.8374
CC1=CC(O)(C=C2C=C(C)C(N(C)C3=CC=C(N(C)C)S3)C3OCC(C)N23)C=C1C,-8.80,-8.80,0.7817,5.2085
CC(=O)C1=C(C2(Cl)C=C(N)CC(C)=C2F)C(N)(N)CC(C2=CCNN2)=C1C,-8.80,-8.80,0.3673,5.0263
CNc1cc(-c2c(N)c(OC(C)=O)c(N)c(C3=CNC(=O)C3)c2O)cc(C2(N)C=CCC2)c1,-8.70,-8.70,0.1753,4.3142
CC1=C(C2=NN=CCC2)C(C)=C(C2=C(N)C(O)=NC=C2C2NC2=O)C=C1,-8.70,-8.70,0.7361,4.0384
CC1=C(C=O)C(=O)C(OC2(C#CC(=O)C(N)=O)C=NCC(C3C=CCN3)=C2N)=NC1N,-8.70,-8.70,0.0942,5.7491
CC1=COC(Br)=NC1(N)C1=C(C=O)C(CN)=CC=C1C(=O)N1C=CCC=C1,-8.70,-8.70,0.7125,4.6715
CC1=CCC(O)(C2=C(S)NC(CN(C(N)=O)C(N)(O)F)=C(C(N)=O)C2=C=O)C1,-8.70,-8.70,0.0950,5.1300
Cc1ccncc1-c1c(C)c(C2=CC=CC2)c(C(N)=O)c(C(C)(C)N)c1F,-8.70,-8.70,0.8541,3.3774
CC1C(F)=C(C(=O)C(=O)C(=O)C2(O)NNC([SH]=O)=C2F)C(CN)=NN1C(=O)F,-8.70,-8.70,0.1056,5.6012
C=CN1N(C2=NC=C(NCC)N=C2)C1(Cl)NN1C=CCC(C(C=O)=C2N=CN=C(C)N2C)=C1,-8.70,-8.60,0.1954,5.6476
CC1=CC(=O)C(C)C(C2=NC(O)(F)N(C3=C(C)C(=O)OC3C)C=C2)=C1C,-8.60,-8.70,0.6047,5.0392
CN=NC1=C(NC2(N3C=CC(C)C(N)=C3S)COC(Cl)=C(OC3=CCC=C3)C2=O)C(=O)NNC1Cl,-8.60,-8.60,0.1494,5.9862
C=CC(C(=O)c1ccc(Cl)cc1)(C1=CC(=C=O)C(C)=C(O)C1S)C1CC=CC1,-8.60,-8.60,0.2908,4.7469
CC1=CC(NC2=COC(C=O)=C(C3(C=O)SC(O)=C(N)C(F)=C3N)O2)=CC1,-8.60,-8.60,0.5130,5.2621
CCC1=C(C2=C(CO)C(N)=NC=C2)C(C)=C(C2C=CCC=C2)C(Cl)=C1S,-8.60,-8.60,0.4973,3.7272
CC1=NC(=O)C(Cl)=C(NC(=O)C2=C(C3=CC(C4=NC=CC4)CC(=O)N3)C=CCN2C=O)C1N,-8.60,-8.60,0.5038,5.1510
CNC1=NC(N(C)C(F)(C=O)C2=C(C)C=C3C=C(O)CC=C3C2=O)=CC=N1,-8.60,-8.60,0.6069,4.5111
CNC(=O)c1c(F)c([SH]2CCC=C2C=O)cc(F)c1N1C=CC(C(C)C(=O)O)=C(C(=O)Cl)C1,-8.60,-8.60,0.3027,5.2394
C=C1CC(N)=C(CC2=NC(=C(C)Cl)OC(C3=CCC=C3)=C2CN)C=C1N,-8.60,-8.60,0.7057,4.7014
C=CC1=C(C2=CC=C(OC3=CCC=C3)C=C2)C(C(=O)C(=O)NC)=CC=C1,-8.70,-8.40,0.6320,2.9600
CNC1=C(C2=C(C)C(S)=CC=C2)C(C2=CCC=C2)=NC(C2=CC=CN2)=C1,-8.50,-8.50,0.5210,3.4494
CC1=CC=CC(C2=CC(Cl)=C(O)C(C3(C4=NCCO4)C=CC=CO3)=C2)=C1,-8.50,-8.50,0.8516,3.8412
CCC(C)(C(=O)F)c1c(N)c(N2CCC(N)=N2)c(C)c(N)c1C(=O)OC1=CNNC(=O)C1C,-8.50,-8.50,0.2353,4.9608
C=CNC1=C(N)C(C2=CC=CC=N2)=C(C(=O)OC2=CC=CC=C2)C=C1C,-8.50,-8.50,0.4067,2.6316
C=C1CSC(C)=C(C2=C(CCN)C(F)=C(C3=CCC=C3)C(OC)=C2F)C1,-8.50,-8.50,0.7148,3.9979
CNC1=C(O)N(C2(Nc3ncccn3)C=NC(O)=C(F)O2)C(NC2(O)C=C(N)CC2)=C(O)C1(N)N,-8.50,-8.50,0.2100,5.4534
CNC1=CC(O)(OC2=C(C3(CCl)CC=CC3)C(=O)C(=O)C(C)=C2O)CC(C)=C1,-8.20,-8.80,0.2138,4.7077
COC1=C(O)C=CC=C1C1=CC(C=O)=C(C2=C(O)C(C)=CC=C2)C(C)=N1,-8.50,-8.50,0.6879,2.7053
CC1=CN(C=O)C(Cl)(C(=CC2=C(C)C=CC=C2)C2(C)NC=C(C)N2)NC1,-8.50,-8.50,0.4318,4.9101
CNCC1=C(C)C(C2=COC=CC2)=C(O)C(NC2=C(C)C(C)=CC=C2)=C1,-8.40,-8.40,0.6602,3.1794
CC(=O)C(C(=O)C1=CNCC1)=C1N=C(C2=C(F)CC(C=O)=CN2)C(C)=C(F)N1,-8.40,-8.40,0.2181,4.5566
CCc1nc(C2=NCCN2C)cc(C2(C)C(C)=C(C(N)O)C=C(N)N2C)c1C,-8.40,-8.40,0.6741,4.6264
CC1=C(C2(O)C=C(N(C)C3=C(N)C(O)=CC(N)N3)C=CN2)C=CC=C1N,-8.40,-8.40,0.3779,4.8788
CNC(F)(OC(C)=N)C1=C(N2C=CC=CC2)C(C)=CC(C)(S(=O)C2=CCCC2)C1,-8.40,-8.40,0.2897,5.4371
CC(=O)c1c(C)c(O)cc(N(C)c2ccc(C)cc2)c1N(C)C1CCC=C1C,-8.40,-8.40,0.5491,3.5844
CCC(NO)NC(=O)C1=C(C2=CC(=O)C=C2)C(NCCl)=C(F)C(O)=C1N,-8.40,-8.40,0.1050,4.3450
CNC1=C(c2cccc(C)c2)N=C(C)C2(C(N)=O)C(C)=CCC12N(C)C=O,-8.40,-8.40,0.6171,4.5134
CC1=C(C2=C(O)N(CC(C)(C)C3=NNC=CC3)C(=O)OC2)CC=CC1N,-8.40,-8.40,0.6710,4.8443
CCC1=CN=CC(c2cc(C=O)cc(C3=CCCO3)c2C)(N(C=O)CC=O)C1,-8.30,-8.40,0.6492,4.6296
CC(=O)C1(O)C(=O)C(C)=C(N)C(F)=C1c1cc(N)cc(C)c1C1(C)CC=NC1,-8.30,-8.30,0.5439,4.7073
CC1=C(N(C=O)C2=CC(N)C(N)=CC2=C=O)C(C2=CC=CNC2)=CC=C1,-8.30,-8.30,0.5620,4.6882
CCN1CC(=O)OC(Cl)=C1C12C(C)=C(C)CC1C=CC(C1(N)CC(N)(O)C(O)=C(C)N1C)=C2C,-8.30,-8.30,0.2701,5.5564
CCN(C=O)C1(c2cnc(C3=CCC=C3N)c(COC)c2)C=CCC(C)=C1,-8.30,-8.30,0.5936,4.5510
CC1=C(N)C(NC2(O)C=COC2)=C(C)C(C2(O)C=CC=C(C=O)O2)=C1N,-8.30,-8.30,0.3037,5.1393
CCC(=O)C1=C(O)C(F)(OC)C(C2=C(C)C(C)=C(C)C=C2)=CN1C(C)=O,-8.30,-8.30,0.8838,3.8947
CC1(O)C=CC(C2(C)C(=O)N=C3C(=O)C(C)(C)C=C(C=N)C3=C2O)=CO1,-8.30,-8.30,0.6549,5.2791
CCN1CC(N)=CC(N2CC(=O)C(C)=C(N(C)C3=C(O)C(F)=C(C)C=C3)N2C)=C1O,-8.30,-8.20,0.6859,4.0415
CNC1=C(C)C(NC)=C(C(O)(O)C2=CCC=C(C)C2=O)C(C)=C1C(C)=O,-8.20,-8.30,0.4770,3.7831
CNC1=C(C=O)C(C2(CN)CC=CC=C2C=O)C=C(C2=CCC(N)=N2)C1C,-8.20,-8.20,0.6175,5.4415
CNC1=CCCC=C1C(=O)C1=C(C)C(N)=C(C)C(N2C=CCC=N2)=C1CF,-8.20,-8.20,0.6070,4.2234
CCc1c(N)cc(N(C)C)c(C#N)c1N1C=CCC(C(C#N)C(O)C(C)C2(C)C=CCC2)=C1,-8.20,-8.20,0.4587,5.2646
CNc1ccc(N)cc1N1C(OC=O)=CC=CC1c1ccc(C2=CC(=O)CC2)nc1,-8.20,-8.20,0.5629,3.9961
CC1=CC(N)(C2(C3=NC=CC=C3)N=C(N)C(N)=C(F)C2=O)C(C#N)C=C1,-8.20,-8.20,0.7147,4.8542
CC(=O)OC1NC(C=O)=C(O)C(CN)=C1C1=C2CC=CC(N)=C2SC=C1,-8.20,-8.20,0.4299,4.8737
CCC(C1=CC(C2=CN(CC)C3=CCOC3=C2C)=C(Cl)C(Cl)=C1)N(C)C(C)(C)CC,-8.10,-8.20,0.4305,4.1885
CNC1=C(C2=NC(NC3=CCC(=O)C=C3)=CC=C2C(C)=CN)N=CC=C1,-8.10,-8.10,0.7681,3.4715
CC1=CC(N)=C(C2N=C(N(C)C=O)C(C)=C(C3CC3)C2(O)O)C(C)C1C,-8.10,-8.10,0.5275,5.0880
COCNC(N)(F)c1nc(C(=O)F)ccc1C1(Nc2ccccc2)C=CCC1,-8.10,-8.10,0.2787,4.3519
CC(=O)N1C=C(C(N)(O)CC=O)SC(C(N)(N)c2ccc3c(c2)C=CC3)=C1,-8.00,-8.20,0.4348,4.5912
CNCC1(C2(Cl)NC2=O)CC(C2=CC(C)=C(N)C(C)=C2O)=CC(=O)N1C,-8.10,-8.10,0.2681,4.5068
Cc1ccc(C)c(-c2nc(N)c(N)c(CC3=CCC(N)=C(N)O3)c2C(N)(F)C(=O)C2(O)C=CCC2)c1,-8.00,-8.20,0.2581,4.8280
CNC1=CC(NC2(C3(C)CC(Cl)=C(C)N=C3N)C=C(C)C=N2)=C(S)C=C1,-8.10,-8.10,0.5766,4.7508
CC1=CNC=C(C2C=C(N(C)C)C(C3(F)CC=CC3)C(F)=C2CN(C)C)N1O,-8.10,-8.10,0.7011,5.2473
CCC1=C(C)NCC(N(C)CN)(C(N)(CC)C2=C(C(=O)NC3=C(N)CC=C3)C(=O)CC=C2)O1,-8.00,-8.10,0.2679,5.2480
CN(CC1=C(C(=O)C2=CC=C(N)C=N2)C(=O)CC(=O)S1)C1=CC=CC=C1,-8.10,-8.00,0.4928,3.0394
CN(CC1(O)NC=CC(Cl)=C1C1=CC=CC(S)=N1)C1=NC(N)NC(=O)O1,-8.00,-8.10,0.4680,5.1801
CC1=C(O)C(NO)=C(C2=C(CCl)CCC=C2)OC1C(F)(C=O)C1C=CCC1,-8.10,-8.00,0.2721,5.2470
CC1=C(C)C(C(F)N(C2=CC=CC=C2)C2=CC=CC=C2)=C(C=O)C(O)=C1,-8.00,-8.00,0.4794,3.1201
CC1=CC=C(N2C(F)=C(C)C(C)=C(C3=CNC=CC3)C2(F)C(=O)CN)C1,-8.00,-8.00,0.7527,4.7840
CC1=CC(=O)C(=O)C(C2=C(C)C(C)(N)CC=C2C=O)=C1C1=CC=C(C)C(N)(O)C1,-8.00,-8.00,0.2905,4.8945
COC1=C(C2=NCNC2)S(=O)C(C2=C(C)C(=O)C(C)C(C)=C2N)N=C1C(C)N,-8.00,-8.00,0.6236,5.5724
CC1=C(C#N)CC(N)=C(C(C)C(=O)OC2(N)C(C)=C(O)C(C)=C2N)C1=O,-8.00,-8.00,0.4268,4.7969
CCC1(NC2=C(Nc3cnc(N)cc3O)C(N)(C=O)C(O)C=N2)C=CCC1,-8.00,-8.00,0.3087,5.3096
CC(=O)c1cc(-c2[nH]c(C=O)c(C(C)=O)c2C(N)=O)cc(N)c1C1=CCCC1,-8.00,-8.00,0.4022,3.2502
CC(C)CC(=O)C1=C2C(=C(CI)NC(N)=C2C2(C(=O)O)C(=O)C(N)=NC(Cl)=C2Cl)OC1,-7.90,-8.00,0.1607,4.7314
NCc1ccc(N)c(Cl)c1C(F)(C=O)C1(CN)C=CC=C(C2=NCC=C2)O1,-8.50,-7.40,0.5065,4.9595
CC1=C(N(C)C#N)C(O)=C(N(CN)C(=O)C2=C(C)CC=C(F)C2=O)N=C1,-7.90,-7.90,0.3604,4.0520
CC(=O)C1=C(OC2=CCC=C2)N=CC(C2(C(C)(N)CS)C=CC=CN2)=C1,-7.90,-7.90,0.5307,4.8231
CC1=CNC(N)(C2(N)OC(SCF)=NC(=C3N=CCN3)C2(C)C=O)NC1=O,-7.90,-7.90,0.3786,5.8838
CC1=CCCCC1COC1=C(C)C(C=O)(OC2=CC=C(Br)C2)C(N)=CN1,-7.90,-7.90,0.5028,5.1093
CCNC(F)(Br)c1c(OC2(N)CNC=C2N)nc(O)c(N2CC(O)=C(N)C(O)=N2)c1N,-7.90,-7.90,0.1333,5.4573
CNCC(C)(Cl)C1=C(C(N)C(Cl)C2=CCCC=C2N)C=CC(=C(Cl)Br)N1,-7.90,-7.90,0.4331,5.3996
CC1=C(N)C(C)=C(C2=CCC=C2)C(N)=C1CC1(C)N=C(O)C(I)=CC1=O,-7.90,-7.90,0.4665,4.4851
C#Cc1cc(C2=C(N)CCO2)c(F)c(C(C)(O)c2ccc(C)c(C)c2)c1NC,-8.10,-7.70,0.7066,3.8835
CC1=CN(C)C(C)=C(C2(N)C(C)=CC(NSN)(C3=CCC=C3)C=C2N)N1,-7.90,-7.90,0.3788,5.5359
COC1=C(N=O)OC=C(C(CSC2=COCC2)=C2C=C(C)C(C=O)C(=C=O)N2C(=O)C2=CCC=CO2)C1,-7.90,-7.90,0.2605,5.5902
CNC1(N(C(=O)c2ccc[nH]2)c2cc(C=O)c(C=O)c(C(F)F)n2)C=CCC1,-7.90,-7.90,0.4321,4.4552
Cc1ccc(C2CCS2)c(-c2cc(Nc3[nH][nH]c3C)c(Br)c(CO)c2N)c1,-7.90,-7.80,0.3397,3.9475
C=NCC1=C(C)C(C2=C(Cl)C(=O)C(Cl)=NC2=O)=C(C(C)(C)C2=C(C)CCC2=O)CC1=O,-7.90,-7.80,0.5735,4.2488
CC1=C2C(=O)NC(F)(C3(N)C=C(C=O)N(C)C(CF)=C3C)N(C)C2CC1,-7.90,-7.80,0.5781,5.2890
CCCC1C(=CC2=C(C(O)CC(C)N)CC(=O)C=C2)C(C)=C(N2C=C(C(C)C)C=CC2)C(C(C)(O)N(C)C)=C1N,-7.90,-7.80,0.2974,5.5215
CCNC(=O)N(C(=O)C=O)c1nc(C2(N)CC=C(F)C2)c(C(=O)O)c(S)c1F,-7.90,-7.80,0.3228,4.5130
CC=NC1=C(CC(=O)C2=C(C(=O)C(C)(C)C)N(C=O)C=C(N(C=O)CC)C2O)CN(C)C=N1,-7.80,-7.90,0.4105,5.0083
CNC(OC)C1=NC(C)(N)C(ON2C=C(Cl)N=C(N)C2)=C(NCC2=CCCC2)C1=O,-7.80,-7.90,0.2433,5.1695
CNc1c(-c2[nH][nH]c2OC)sc(N(C)C2=CCCC2)c1-c1ccc(C)cc1,-7.60,-8.00,0.5199,3.5276
CCC1(C2(C)CC=C(OCCN)C2)NC(C)(S)NC(Cl)=C1C1=CNC=C(C)N1,-7.80,-7.80,0.2898,5.5229
CC1=C(N)C(c2c(O)nc(C=O)c(NC3(C)C=C(N)CC3)c2C=O)=C(C)CC1,-7.80,-7.80,0.5756,4.6977
CNC1C(C2(Cl)C=C(N)CC(N)=C2)OC(C)=C(NC2=CC=CC=C2)N1O,-7.80,-7.80,0.5104,4.6707
Cc1cccc(Oc2c(N3CC=C(N)C3)nc(F)c(O)c2C(=O)CO)c1C,-7.80,-7.80,0.5443,3.3839
CC1=C(C2=C(C)C(C=O)=C(CN)C(N)=C2)C(C2=NCC=C2)=CC(C=O)=C1,-7.80,-7.80,0.6414,3.5842
C=CCC1=C(CC)CC(F)=NN1C1(C2(F)C=CC(F)=CO2)C=C(N)C(C(N)(O)F)=C(O)O1,-7.80,-7.80,0.2084,5.7981
CC1=NC(C2=C(C)C=NN=C2N(C=O)C2=CC=CC2)=C(CN)C(F)=C1C,-7.80,-7.80,0.8356,3.8477
CC(=O)C(=O)C1(c2cnc(C3=CC=CC3)c(N)c2)C(O)=NC(N)=C(N)S1=O,-7.80,-7.80,0.5268,4.9340
CNC1=CN(c2c(CN)nc(C)c(C(C)=O)c2C2=C(C)OC(=O)C(F)O2)C=C(C2=CC=CC2)C1,-7.80,-7.80,0.4834,4.7855
CNC(O)C1=C(C)CC(F)=C(C(C)O)N1C1(O)C=CC=C(N(C)C2(C)CC(C)=C(N)C2)C1,-7.80,-7.80,0.3973,5.6891
C=CC1=CCC(C(NC)N(C)C2=C(C=O)CC(=O)C(C(=O)C=O)=C2C)=C1,-7.80,-7.80,0.3071,4.8744
CNC1(C)C(N)=C(C2=CCC=C2)C(C)=C(N)N1C1=CC(C(C)N)=CN=N1,-7.80,-7.80,0.6480,4.7436
CC1=CC(C2(C(C)S)NC=CC2=O)=C(C2=C(C)OC(NC(C)C)=C(C)O2)C(=O)C1C,-7.80,-7.80,0.5782,5.3604
CCNC(C1=CC=C(c2ncncn2)C(C)N1C(=O)NN)N(C)C1=CCCC1,-7.80,-7.80,0.2937,4.7129
C=CN1C(c2c(C(C)=O)cc(C)c(C)c2F)=C(OC)C=C(C2=CCCC2)C1N,-7.80,-7.80,0.7475,4.1603
COCC(C)(C)NC1=CC(N)C(N)(C(N)=O)C(C2(F)C=CCC=C2)=C1C,-7.80,-7.80,0.5237,5.0070
CCC1=C(N2C=C3C=CC=C3C(=O)C2CC)C=NC(OC(=O)C=O)=C1C,-7.80,-7.80,0.4605,4.1960
O=CC1=CC2=C(c3ccccc3)C(O)(N3CCC=N3)C(Cl)(C=O)OC2=C(O)N1,-7.80,-7.80,0.5161,4.9186
CC1=CC(C2=CCC=C2)=CNC1(CN)C1=CC(N)(C(N)(N)F)C=CC1=O,-7.80,-7.80,0.3631,5.2048
CCc1c(S)c(O)c(Cl)c(N(CC)C2=CCNC2)c1Cc1cccc(N)c1,-7.80,-7.80,0.4266,3.6028
CNC(=O)C1=C(C(C)=O)C(C)=C(C2=C(C=O)C(OC)=C(C(N)=O)C=C2)N1,-7.80,-7.70,0.5320,2.9741
CC1=NC(C)=C(C)C(N(C)CN(C)C)=C1C1=C(CN)C=C(C(N)=O)C=C1,-7.70,-7.70,0.7756,3.0073
CCNC1=C(C=O)C(F)=CC2(Cl)C(C)(N)C(C3(N)C=C(N)NC3)=CCC12C,-7.70,-7.70,0.2756,5.5765
CNCC1=C(C)C2=CC(C)=C3SCC(F)=C3C2(CO)C=C1C(=O)CC(N)O,-7.70,-7.70,0.5156,5.1172
Cc1cc(C2(C=O)C(ON(C)CO)=C(F)C=NN2C2=CCCC2)ccc1N,-7.70,-7.70,0.3437,4.5905
CCC12SC1C(N)(NC1=C(C)C(C)=C(C)C(N=O)=C1)C(=O)C(OC)=C2C,-7.70,-7.70,0.4612,4.9210
CC(=O)C1=C(NC=O)OC(CN)(CC2=C(N(C(C)=O)C(=O)C(N)=O)CN=C(C(C)C=O)C2=O)C1,-7.50,-7.90,0.2486,5.1043
CC1(C(O)C2=C(F)N=C(C3=CNC=CN3)C(F)(C=O)S2)CC=CC=C1S,-7.70,-7.70,0.3336,5.8247
CSC1=C(C2=NC(C(N)O)=C(O)C=C2C)C(N)=C(C2=CC=CC=C2)N=N1,-7.70,-7.70,0.4073,3.5490
NC1=CC=C(N2CC=CC(C(=O)C=O)=C2C(=O)C2=C(N)NC=C2)C(F)=C1,-7.70,-7.70,0.3244,3.5056
CC1=CN(C=O)C(C2(C=O)N(C)C(NC(=O)CN)C=CN2C2C=CCC2)=C2CC=CC=C12,-7.70,-7.70,0.4818,5.5147
CNc1c(N)cncc1OC(C)(C1=CC(C)(NC)C(C2=CCCC2F)=CO1)N(CN)[SH]=O,-7.70,-7.70,0.2750,5.7322
CNC1=C(N(C2=CCC=CN2)C2=C(O)C(C3=C(N)C(S)=CC(O)=C3)=C(CF)C(C=O)=C2C)OC=CN1,-8.30,-7.00,0.1283,4.6879
CNC1=C(C(F)(S)NC)C(O)=C(S)C(C2=CC=C(C)CC2=CC2=C(Cl)OC(N)=C(NCN)N2)=C1Cl,-7.60,-7.70,0.1394,5.2302
CCC1=NC(C(C=O)=NC2=C(F)C(C=O)=C(N)C(O)=C2C=O)=C(C)C=C1,-7.70,-7.60,0.3539,3.6890
CCc1c(N)cccc1C1(C)C=C(Cl)C(NC)(N(C)C2(O)CC=CC2)C(Cl)=C1,-7.60,-7.60,0.3776,4.2187
CNC1=C(C)C2=C(C)C(C)=C(C3=CC(N)NCS3)C(C)(CN)C2(F)CC1,-7.60,-7.60,0.6073,5.3648
CC1=C(C2(C)C=CCC2)OC(CN)(N2C=CC=CC2)C(c2ccccc2)=C1CN,-7.60,-7.60,0.7444,4.6318
CC=C(O)C1=C(F)C(C2=C(CN(C)CC)CC(Cl)=C2)=C(CC)C(O)=C1C,-7.60,-7.60,0.6364,3.7427
CC(=N)C1(OC2C=NC=CN2)C(N)=C(N)C(C2=CC=CC(N)=C2)=CC1C,-7.60,-7.60,0.4150,5.0801
CNC1=C(C(=O)C(C)=O)C(C(N)=O)=CC(C2(O)C=CC(CO)=CN2)=C1S,-7.60,-7.60,0.2340,4.4273
CNC1=C(C2=CNC(C)=C(C3=CC(=O)C(S)=NC3(O)C=O)S2)C(C)=CN1,-7.60,-7.60,0.3975,4.8868
CNC1=C(CC2=C(C)C(=C3C=CC=CN3)NC=C2N)C(O)=C(C)N=C1N,-7.60,-7.60,0.4910,3.9422
CC#CC1(C2=C(C3(F)CC3)C=C(CC)N(C)N2)C=C(NC)C(F)=C(C)S1,-7.60,-7.60,0.7146,5.0608
CCC(=N)c1c(N)[nH]c(C(NO)c2cc(CC(C)=O)ncc2C)c1C1(C2=C(OC)SC(=O)C2)N=C(C)N=C1C,-7.80,-7.40,0.2179,5.1666
C=CC1=NC(Cl)=C(C2=CC(NC)C(CN(C)CN)=C3CCC(O)=C23)C(O)C1=O,-7.60,-7.60,0.3918,5.1772
CC(=O)C(C)(ON)C1(N)C=CCC(N)=C1C(=O)C(C1=CCCC1)C1=NCC=CO1,-7.50,-7.60,0.4319,5.4973
CCC1=C(OC(C)=O)NC(OC2C=CC(C)C2)=C(C2=C(S)NC=CC2)C1C,-7.60,-7.50,0.3734,5.2109
C=CC1=C(C2(O)C=CCC2)N(C(O)(F)CO)C2=C(CN)CC=CC2=C1C(=O)O,-7.50,-7.50,0.3380,5.0367
CCC1=C(C2=CC(S)=C(N)N2)C(C(=O)NC2=NCC=N2)=C(O)C(N)=C1Cl,-7.50,-7.50,0.2703,4.0061
Cc1cc(C2(C(O)(F)N(C)C3=NCC=C3)OC=C(F)N=C2Cl)cc(O)c1Cl,-7.50,-7.50,0.5821,5.0946
CC1N=C(NNC2=C(Cl)SC(C3(S)CC=CN3)=C(N)C2=C(N)N)C=CC1=O,-7.50,-7.50,0.2570,5.5201
CNCN(C(N)C1=CNC(C)(C2=CCCS2)NN1)C1(C)CC(O)=CC(O)=C1O,-7.50,-7.50,0.2988,5.7977
CCC1=CC(C)=CN(C(=O)O)C1(C)N1CN=C(N(C=O)C(=O)C(O)(C(=O)C2=C(O)C(O)=C(C)C=C2)N2C=CNC=C2C=O)O1,-7.50,-7.50,0.1212,5.5745
CC1=CC=CC(C2=C(N3CC=CC3(O)F)C(O)C(C)(C)C(C)=C2Cl)=C1N,-7.50,-7.50,0.4168,4.3907
CC(=O)OC(C)(F)C12C(F)=C(O)CNC1(F)OC(N)=C(C(O)(F)C1C=CNC1)N2C,-7.50,-7.50,0.2409,5.8741
CCC1=C(C)C(F)(C2=C(SC(C)(N)N)N=C(S)C(C(C)C)=C2ON)C=C1,-7.50,-7.50,0.2510,4.8147
CNC1(N(c2cccc(N)c2)c2cc(OC)c(C(N)(O)Cl)c(F)n2)C=CCC1,-7.50,-7.50,0.1453,4.5282
CC1(O)C(N)=NC(c2cc(N)ncc2CO)N=C1C(N)(CF)C1(Br)C=CCC1,-7.50,-7.50,0.3277,5.3860
CNC(N)(O)C1=C(C(N)=O)C(N)=C(SC#N)C(C(=O)C(=O)F)=C1C(N)=O,-7.50,-7.50,0.0575,4.3400
COC1=C(CN)C=C(C)C(C2=CC=C(C=O)C=C2)=C1C1=C(O)C(=O)C=N1,-7.50,-7.50,0.8074,3.0009
CCC(O)C1=CC(C2(CF)CC=CN2)=C(N)SC1(O)C(F)C(C)CC=O,-7.50,-7.50,0.4757,5.8492
CNC1(N=O)N=CC=C(C)N1CC1(NC)C=CC(=O)N(C)C1(O)C1=CCCC1=O,-7.50,-7.50,0.5269,5.5269
CCOc1cc(N)c(C2=C(C)CCC2=O)c(Cl)c1C(CC)=C1C(NC)=CC(C)=CN1C(C)C,-7.50,-7.50,0.4578,3.8712
CC1=C(N)C=NN(c2c(CN)c(C3=CCCO3)c(C(N)=C=O)c(C=CO)c2OCO)C1,-7.50,-7.50,0.2412,4.6938
C#CC1=CC(C=O)=C(C)C(C2=CC(N)C=C(N)N2C)(N2C=CC=CC2)C1F,-7.50,-7.50,0.5848,5.6380
CNC1(C2=C(C(F)(OC=O)C(N)NN)C(C)=C(C)C(N)C2=O)NC=CC(OC)=C1N,-7.50,-7.50,0.0981,5.6670
CCCC1=C(NCC)C(C)=C(C2=CC=CN=C2)C(C2(N)C=CC(=O)N2)=N1,-7.50,-7.50,0.7439,3.8592
CC1=C(C)C(C2=C(O)C(O)=C(C=O)C(C)=C2N)=C(C#N)C(C(O)S)=C1F,-7.50,-7.50,0.1399,4.0944
CC1C(=O)C1(O)C1=C(N=O)C(C(=O)S)=C(Cl)C(O)=C1C1=C(N)C=NC=C1,-7.50,-7.50,0.4613,4.3415
CC1=C(N(C)C2(N)CN2)CC(C2=CC=CC=C2)(C2=C(C)C=CC=C2)C=C1,-7.50,-7.50,0.6567,3.9667
COC1=C(C(=O)C2C=CNC2)C(O)=C(F)C(c2ccc(NCN)nc2)N1C,-7.50,-7.50,0.5505,4.6277
CCN(C)C1(CC2=C(C(O)(O)S(C)=O)C(F)=C(C)CC2=O)NC=CC(C)=C1C(C)C1=CCCC1,-7.50,-7.40,0.3534,5.5002
CNC(O)C1=C(F)NC(O)(C2=C(N)C(C=O)=CC=C2O)C(N)=C1S(N)=O,-7.50,-7.40,0.1224,5.0909
CC1=CC(C)(C2CC2)C=C(O)N1C1(F)C(C)=C(C)C(C)=C(C)C1(C)N(C)S,-7.40,-7.40,0.4617,5.1759
CNC1=CC(C(CO)C2(C)C=CCS2)=C2SC(C)NC(C=O)=C2C1(N)C=O,-7.40,-7.40,0.3827,5.9841
CC1=NC(C(=O)C(C)(O)N(C=O)C=O)=C(C2=CCNC=C2)C(CN)N1C,-7.40,-7.40,0.3864,5.1337
CC(O)C(=O)C1=C(C(N)=O)C(N)=C(C(N)(O)Cl)C(N)=C1C1=C(NO)C=C(O)C1=O,-7.40,-7.40,0.0632,4.7304
CC1=C(C2=CSC(O)=C2N(C(=O)F)C2=CC=CC=C2)C=CC(O)=C1[SH]=O,-7.40,-7.40,0.3432,3.6605
CNCC(F)C(C)C1(N(C)C)C=C(NC)C(=O)C(C2=CC(F)=CC2=O)=C1,-7.40,-7.40,0.7153,5.0007
CCC(C)(CN(C=O)C1=C(N2C(C)=C(F)CC(S)=C2N)NC(=O)CO1)C(C)(O)NC1(C)CC(N)=C(C=N)C1,-7.40,-7.40,0.0933,5.7759
CC=C(ON)C(NC1=C(Br)C(=O)C(N)=CC1N)(C(=O)C1=C(N)C(C)C(=O)C(O)=C1)N1CC=NC1,-7.40,-7.40,0.1753,5.8149
CNC1(C2=C(C(C)CO)OC(C)=C(C(=O)N(C)C(=O)O)C2OC)CC=C(C)C1,-7.40,-7.40,0.5916,4.8413
COC1=CC(OC)(C(=O)F)C(N)(N)C(C2(N)CC(O)=C(C)C(C)C2)=C1F,-7.40,-7.40,0.4297,5.2305
CNC(=O)C(=O)N(C)C1=C(N2C(C)=C(C)CC(N)=C2O)C(C2(Cl)CC2)=CC(C=O)=C1C1=CC=CC=C1,-7.40,-7.40,0.3150,3.7928
CC1=C(Cl)C(S)=C([SH]=O)C(O)C1(O)C1(O)CC(C)C=C(C2=CC=CC2)N1C,-7.40,-7.40,0.4439,5.7531
CC1=CCC(C)(C)C(C=O)=C1C1=C(NC2CC=CC2)C(N(C)C)=C(O)C(C)N1,-7.40,-7.40,0.4990,4.4431
CC1=CC2NCC=C2C(C)=C1c1c(O)c(CN(C)C)c(S)c(F)c1C(=O)O,-7.40,-7.40,0.5945,4.3319
CCC(NC)C(C)(F)C(C)C(C)c1ccc(O)c(C2=NN(C=O)CC2)c1S,-7.30,-7.40,0.4644,4.9506
CCCc1c(C2(C)N=C(C(C)N)CN2C)ncc(C)c1C(C)(C#N)C(C)N,-7.40,-7.30,0.7998,5.0081
CNC1=NCC(C2=C(NC)CC(C=O)=C(O)S2)(C2(Cl)C=C(C)CC2)C(O)=C1,-7.40,-7.30,0.3231,5.3400
CCC(C)C1=C(CC2=C(N(C#N)C3=C(C)C(OC(C)=O)=NC(N)=N3)C(C)C(=O)O2)N(C)C(C)C=C1S,-7.20,-7.50,0.2402,5.2617
CC(=O)N(C)C(F)(N=O)C1=C(OC2=CCC=N2)C=C(C)C=C1C=[SH]C=O,-7.40,-7.30,0.2594,4.9931
CC(N)C1(C(N)=O)C(C2=NC(C=O)N=C(N)O2)=CC(N)=C(C2=CC=CC2)C1(C)S,-7.40,-7.30,0.3066,5.7475
CC1=CC(O)=CC(CN(C)C)(N(C)C(=O)C2(O)C=CC(=O)C(C)=C2C)S1,-7.30,-7.30,0.7788,4.8592
CC(=O)c1nccc(C(=O)C2=CC3(N(C)C)C=CCC3(S)C(C=O)=C2)c1C,-7.30,-7.30,0.3671,4.7608
CC1=C(C2=CC(N)=CC=C2C2=C(C3(Br)CN3)S(=O)C(N)=CC2)C=CC=C1,-7.30,-7.30,0.3004,4.1904
CC(=O)NC(N)C1(C)SC(Cl)(C2=CC=CC2)N(C)NC1C1=CC=CC=C1,-7.30,-7.30,0.4173,4.7542
CCCC1(C2(N)C(O)=COC(Cl)=C2CC)C=C(N)C(=O)C(C2=CNCC2)=C1N,-7.30,-7.30,0.4719,5.2322
CC1=C(C2=CCCC2)C(C(=O)F)(C(N)N)C(N)C(O)=C1C(=O)C(N)(O)CN,-7.30,-7.30,0.2093,5.1063
CC1=CC(N)(O)C(N)(NC2=C(N)C(=O)C(C(=O)O)=C2C(C)NC(C)C=O)C(N)=C1N,-7.30,-7.30,0.1112,5.3685
CCCC(N)(N)CNC1=C(N)C(C2=C(N)C(N)=C(N)C(=O)C2)=C(N)[SH]1C,-7.30,-7.30,0.1878,5.1424
CC(=O)C1=C(O)C(N)=C(ON)C(N)=C1C1(CN)C(=O)CC(=O)C(F)=C1N,-7.30,-7.30,0.0942,4.4178
CC1(C2=CCC=CO2)CC(CCN)=NC=C1C1=CC(OCCl)=NC(Cl)=C1F,-7.30,-7.30,0.5380,4.7867
CC1=C(N)C(C2=CC(C(O)OC=O)=C(O)C(N)=C2N)=C(C)C(CN)C1=O,-7.30,-7.30,0.1795,4.6771
CCN1CC(NC)=CC(C2=C(C3=C(C)C=CC(C(C)C(C)O)=C3C3CO3)C(=O)C(=O)C=C2)=N1,-7.30,-7.30,0.3777,4.7915
CC(=O)NC1(F)C=C(N)C(C2=CCC=C(N)C2=O)=C(N2COC2CO)C1=O,-7.30,-7.30,0.4468,5.0796
CC(CC1=C(O)C(C2(F)OC(CCl)S2)=C(C(=O)ON)C(N)=C1N)C(N)=O,-7.30,-7.30,0.1955,4.9455
COc1c(CCl)cc(CSC)c(NSC)c1C1=C2CCC=C2C(C2C=CC=CN2N)=C(F)O1,-7.30,-7.30,0.2445,4.7677
CC1=NN=C(N(C)C2=C(NC=O)C(N)=C(OC(C)(N)O)C(C)(Br)O2)C=C1,-7.30,-7.30,0.2804,4.7883
C=C1C(C2=C(C(C)(C3=C(CF)CC(C)C(C)=C3)N3CN3)C=CC(=O)C2)=C(N)C(C)=C(C)C1C,-7.30,-7.20,0.5549,5.5444
C=C(N)OC(=O)c1c(N)cc(N(C)N)c(C2(OC=O)CC(N)=CN2)c1CC,-7.30,-7.20,0.1075,4.8589
CNC1=C(C(C)(CN)Oc2c(OCN)ccc(C3=CCCN3C)c2N)NC(CN)=C(N)O1,-7.20,-7.30,0.1902,4.6280
CC1=C(C2=C(C)C(N3C=CCC=C3S)=C(C)C(N)=C2)C(C2(CO)C(N)=CC=C2O)=C(C(=O)CF)N=C1,-6.70,-7.80,0.2220,4.7906
C=C1C=CCN1C1(C2=C([SH]=O)C(F)=C(N)C=C2C(C)=O)C=C(C)CC=N1,-7.20,-7.30,0.3683,5.0842
CC#CC1=C(S)S(=O)C(C2=CSCC2)=C(c2ncc(OCC)c(C)c2NC)C1,-7.20,-7.30,0.5130,4.7538
CCC1=CN(C2=C(C(C)O)C(C(C)C=O)C(O)=C(C(=O)CCl)C2(C)CC)CC1,-7.30,-7.20,0.4653,5.0982
NC1=CC(CO)C2(C3(CBr)C=COC(CO)=N3)C(=C1)C=NC=C2N1CC=CC1,-7.20,-7.20,0.4347,5.7428
CC(=O)C(F)(NCN)c1cc(C(C)C)cc(C)c1N1CCC(CN(C)C)=C1C,-7.20,-7.20,0.5263,4.0109
COc1c(O)c(C)c(C(=O)N2CCC(C)=C2CC(CN)CN=O)c(O)c1O,-7.20,-7.20,0.3217,4.0707
COC(N)C(=O)c1c(C)nc(C(=O)C2=C(C(O)F)COC2)c([SH]=O)c1CCO,-7.20,-7.20,0.2291,5.1051
CC(=O)N1C(N)=C(C)C(C2(N3C=CC(C)C(O)=C3C)C=NCC2)=C(N)C1(S)Br,-7.20,-7.20,0.2833,5.4790
CNc1ccc(CC2(C)C(C(N)(N)F)=NNC(C(C)O)=C2C2CC=CC2)cc1,-7.20,-7.20,0.2925,4.3900
CCC1=C(C)CC(ON)(C2=C(C(F)OC)C(CC)N(C(N)CC)C(CN)=C2)C1,-7.20,-7.20,0.4092,5.4156
C=NC1(C2(C)N(C)C=C(N)C3=C(C4=CCCC4)C(C)C=CN32)C=COC(C)=C1C,-7.20,-7.20,0.7158,5.5354
CC1=CC=NC(C2=CC(=O)C(O)(C(=O)F)C(C)=C2N(C)C)(C2CC=CC2)N1,-7.20,-7.20,0.4461,4.9548
CC(=O)C(=O)C1=C(C(N)=C=O)C(C2=C(C)N=C(O)C=C2)=C(O)N=C1C=O,-7.20,-7.20,0.3013,3.8340
CCC1(C2=CC(C(=O)C(C)=O)=C(OC(C)(C)Br)C(OC)=C2)NC(=O)N1C,-7.20,-7.20,0.4106,3.9527
CCNC1=C(O)C(O)(N2CC(N)=C(O)C2)N(C(=O)F)C(C(CO)C(C)=O)=C1C,-7.20,-7.20,0.2649,4.9317
CC=C1C(CN)=C(CO)C(C)=C(c2c(O)cc(C(=O)F)cc2N2CC=NC2)N1C,-7.20,-7.20,0.6550,4.1833
CCCC(CF)(NC)N1C=C(C2(C)NC(C)=NO2)N=C(CCN)C1(O)Cl,-7.20,-7.20,0.3659,5.6078
CNC1=CC=CC(N(C2=NC=CC(N)=C2C=O)C2=C(C(=O)N(C)S)CN(C=CO)N=C2C)=C1,-7.20,-7.20,0.2781,4.0979
CC1=C(N)C(NO)=C(N2CN=C(OC3(C)CO3)C(CF)=C2C)C(N)=C1C,-7.20,-7.20,0.3672,4.6448
C=C(N)CNC(N(CC)C(=O)C(=O)C12N=C(O)OC1(O)[SH]2N)(C(C)(C)O)C(N)(O)O,-7.20,-7.20,0.0690,5.8770
COC1(C(C)CCl)CN=CN1c1c(CN)cc(C=O)c(C)c1C(=O)C1=CC=CC(C)O1,-7.10,-7.20,0.3743,5.2646
CCC(C)CNC1=CN(C2=C(C)CCC=C2C)C(C2=C(C(C)C)CC(F)=C(Cl)N2C)=C2CCC=C12,-7.30,-7.00,0.3560,4.7142
COC1=C(C(N)=O)C(N)=C(S)C(NC2C(C)=C(C)C(CF)=CC2C)=C1N,-7.10,-7.20,0.3978,4.5967
CCC1=C(N)C(N=O)=NC(C(C)=C2C=CC(CCN)=C2N)=C1SC(C)N,-7.20,-7.10,0.3258,4.6594
CCC1(C=O)C(=O)C(C2(S)CC=CN2C)=C(C)C(C2=CCC(C)=NC2)C1=O,-7.10,-7.10,0.3491,5.5156
CCN1CCC(C)=C1Cc1nc(C(=O)Cl)sc1C(=O)C(NC)C(C)(O)N(C)C,-7.10,-7.10,0.3536,4.6139
CNC1(C#N)C(CN2CC=CC2(F)Br)=C(c2ccccc2)N=C(O)C1(C)Br,-7.10,-7.10,0.3758,4.9419
CN(S)C1(Cl)C(=O)N=C(Br)C(C)(C2(O)NCC=C2O)N1C1=CNCC(=O)O1,-7.10,-7.10,0.1598,5.8539
CN1C=CC(CO)=CC1(C)C1=C(C(=O)C(C)(C)CF)OC=CN1C1=CCC=C1,-7.10,-7.10,0.7567,5.0112
CNC1=C(S)SC2=C(C(=O)O)C(C)(C(=O)OC(=O)C(N)F)C(O)=C(Cl)N12,-7.10,-7.10,0.1908,5.0105
CC(C)C1(N(C2=C(F)C(S)=C(O)C(O)(F)O2)C(O)O)C=C(N)C(N)=C1F,-7.10,-7.10,0.2671,5.4050
COC1=C(C)C(C)=C(O)C(C(N)(N)C2=C(C=O)C(NC=O)=C(Cl)N2)=C1N,-7.10,-7.10,0.2467,3.8035
COCC1=CC(C2(N)NC(C)=C(C(=O)Cl)C(N)=C2O)=C(N)C(C=S)=C1F,-7.10,-7.10,0.2839,4.5186
CNC(=O)C1=CC(OC)(C2=C(OC(C)S)C(N)N=C(C=O)O2)C(=O)C(C2=CCC=C2)=C1C,-7.10,-7.10,0.2968,5.4111
CN(C)C1=C(C2(Cl)C(Cl)=CNC(C3=CC=CC=C3)=C2C2CC2)C=NC=C1,-7.10,-7.00,0.7426,3.6406
CCN1C(C)=CNC(OC)=C1C1=C(F)NN(C(C)=O)C(C)=C1C(C)=C1NC(C)=C(C(C)=O)C1=O,-7.10,-7.00,0.3196,4.2652
CCC1=C(C=O)C(C)C(O)(C(=O)N(C)CC)N(C=O)C1=NC1=C(OC)OCC1,-7.00,-7.10,0.6411,4.9945
CNC1=C(C(N)(S)C2=C(C=O)C(CN3C=CC=CC3)=C(C)C=C2)C(=O)C(N)C(N)O1,-7.10,-7.00,0.2486,5.1106
CCC(S)(CO)C(=C1NCC=C1NC)C1(C)C=NC(NC)=C(C(N)O)C1=O,-7.00,-7.00,0.2259,5.6131
CSC1=C(OC2=C(C)C=C(N)C(C(C)=O)=C2C)SC(C(=O)C(=O)O)=C1N,-7.00,-7.00,0.2933,3.3693
CC(NC1=CC(C)(N)C(N)=CC1(C1=CC=CC=C1)C(O)C(=O)F)C(O)O,-7.00,-7.00,0.2955,4.8635
CNC1=NCN(c2c(CN)c(OC(=O)C=O)c(N)c(C(F)C(O)S)c2N=O)C1,-7.00,-7.00,0.0596,5.0639
CCC1(Cl)CC(C(=O)F)=C(O)C(C=O)=C1C1(C(C)C(C)NCS)N=CCN1,-7.00,-7.00,0.1600,5.8138
CC1=C(N(C2=C(O)C(N)C(=C=O)C(C)=C2[SH](=O)=O)C2CC2)C(N)=CC=C1,-7.00,-7.00,0.3548,4.5164
CC1=C(S)C(N)=CC(=C(C2=C(N(CS)C(=O)O)NC(=O)C3=CNCC32N)c2cc(O)ccn2)N1,-6.80,-7.20,0.2098,5.0853
COc1c(C)c(O)c(N)c(NC2(S)C=C(N)CC2)c1C1=C(C)C(C)C(=O)C=C1,-6.90,-7.10,0.2285,4.8319
CC1=C(C2(C3=CCCC=C3)C(=O)C(O)(O)C(Br)=C(O)N2CS)C=CC=C1,-7.00,-7.00,0.4311,4.2210
COCN1C(C=O)=C(C)CC(C(N)=O)=C1C1=C(O)C(=O)C(C=O)(C(C)N)C(O)=C1,-7.00,-7.00,0.3324,4.9975
C#CC(=O)C1=NC(=O)C(N)=C(OC)C1(NC)C(O)NC1=CC=C(C)C=N1,-7.00,-7.00,0.2912,4.5690
CCN(C#N)C(C)(C#N)N1C=C(N)C(OC)=C(C2(N(C)C(C(N)N)C3C=CCC3)C=CC=CO2)N1,-7.00,-7.00,0.1593,5.9536
CNC1(C)C(=O)C(=O)NC(Br)C1(N)C1(C2(N)C=CCN2)NC(N)=CC=C1C,-7.00,-7.00,0.1147,5.9106
CC1=CCOC1C1=C(c2c(NO)ncc(O)c2CO)C(C)=C(C)C(N)(N)C1,-7.00,-7.00,0.2641,4.5916
CC(=O)N(N)C(N)CN1C(N)=C(Cl)C(O)(C(C)N)C(=O)C1(O)C1=C(Cl)CC(=O)C(C2=C(C)NC=CO2)=C1CCl,-7.00,-7.00,0.0630,5.7594
CCC(C)(N)C(NC)OC1=C(C(N)=O)C(=C(O)N(C=O)CS)C(F)=C1N,-7.10,-6.90,0.1365,5.0310
COc1c(O)c(C(C)(O)CN)c(C(=O)F)c(C2=CC(=O)CO2)c1C(=O)CO,-7.00,-7.00,0.3694,4.2965
CNC1=C(C2=C(C=O)C=CC(Cl)(N3CC=CCC3)C2)C=C(CO)C=C1C,-7.00,-7.00,0.3584,4.3232
CCN(C)NC1=C(S)C(N)=C(C2(OCN)CC=C(C(C)N)N2)C(N)=C1Cl,-7.10,-6.90,0.1572,5.2260
CN(C=O)C(=O)C1=C(ON)C=C(Cl)C(F)(OCN)C1(N)C1=CC=CC=C1,-7.00,-7.00,0.3654,4.7169
CNCC1=C(O)C(C=O)=CC(OC)=C1N1C=CC(C)C(C2=CNC=N2)=N1,-7.00,-7.00,0.6853,4.3387
C=CC1=C(O)C(C)C(OC(N)=O)(C(=O)O)C(NC)=C1C(=C)C1=NCC=C1,-7.00,-7.00,0.5689,5.1129
CCCC(=O)C1=C(C(N)S)C(=O)C(C2(C(=O)C(N)(S)NO)NC(N)=C(N)C(ON)=C2C(=O)O)=C1Cl,-6.95,-6.95,0.0776,5.4490
CCC1C=CC(N)=C1C(=O)C(C)(N(C)C=O)C1(O)C(O)=C(S)C=CC1N,-7.00,-6.90,0.3382,5.5005
CCN(C)C1=C(C(=O)C2=CC=CC=C2)C(S)C(S)=C(C2=CN(C)C=CO2)C1,-6.90,-7.00,0.5722,4.2651
CNC1(C(N)=O)NC(NC(=O)O)(C(=O)ON)C2(C)CN2N1C(=O)C(C)=O,-7.00,-6.90,0.1542,5.3860
CCN(C(C)=O)C(N)(OC)C1=C(C2(N)C=CNC=C2)NC(N2C=NC(N)=C(C(C)C)N2C)=C(N)O1,-6.90,-7.00,0.2497,5.1879
CNCC1(C(=O)F)CN(C2(O)NC(O)=CS2)C=C(C(C)C(=O)C#N)S1=O,-6.90,-6.90,0.3337,5.9230
CC1=CC(C)C=C(O)C1(F)C(C)(O)C1=C(OCO)NC(C)=C(CC=O)C1,-6.80,-7.00,0.3271,5.3452
C#CC(=C)N1C(C=O)=C(C2=C(C)C=NC(S)=C2C)C(C(N)=O)SC1(N)F,-6.90,-6.90,0.3105,5.1534
CC1=CC(Cl)=C(C)C=C1C1=C(C)C(N(C)C)(C(N)(S)N(C)O)C(C)=CO1,-6.90,-6.90,0.4097,4.6062
CCC(C)C1=CC(N(NC=O)C(C)N)(C2(C(C)=O)C=C(N)C(Cl)=CO2)CC1,-6.90,-6.90,0.2504,5.5766
CC1=C(C)C(C2=CCC(Cl)=CN2C)(C2=C(S)C(CO)=CC(N)=C2OC(C)(N)O)C(=O)C(O)=C1,-6.90,-6.90,0.2087,5.1205
CCN(C(=O)C1(C(=O)C(C)=O)SC(=CN)C(C)C(N)(F)S1)C1=CCC=C1N,-6.90,-6.90,0.3485,5.4140
C=NCC1=C(O)C(O)(CC)N(C)C(C)=C1SC1=CCC=C(N(C)CC)S1,-6.90,-6.90,0.6276,5.0440
CC1CC(C2=C(N(C)C)CC(N)C(C)(C)[SH]2N)(C(N)(N)N)NC=C1CN,-6.90,-6.90,0.2217,5.8742
CCC1ON(CC)C(N2C(N(C)C3CC3)=NC(F)=C(C(C)(N)CCl)C2N)=C(O)C1=O,-6.90,-6.90,0.4162,5.2496
CNC1=C(c2ccccc2)N(C2(NC)CC=C(C)C2)C(=C(C)C(N)F)C=C1F,-6.90,-6.90,0.5302,4.6016
CC1=C(CS)OC(C2(C(C)(C)C)C=NC(F)=C3N=CC=C32)=C(C)C1(Cl)Br,-6.90,-6.90,0.3025,5.4168
CC1=CC=C(C(Cl)(C(=O)C=O)C(Cl)N(C=O)C2=C(C)C(S)N=CC2)C=C1,-6.90,-6.90,0.2455,4.9507
CNC1=C(O)C=C(N(S)C2=CC=C(S)C=C2)CC1(CO)C(C)(Br)C(C)=O,-6.90,-6.90,0.3321,4.9295
CCN1NC1(OC)C(C)(N)C1=C2C(=O)N=C(F)N=C2N(C(N)=S)C(O)(CCl)C1,-6.90,-6.90,0.1903,5.7571
CNC(C)(O)C1(NC2=CCC(N)=C2C)CC(O)=C(C(C)C(C)(C)C)CN1,-6.90,-6.90,0.4182,5.2752
CC(C)NC(=C=O)C(O)=C(O)C1=C(OC(=O)NS)C(C#N)C(C)C(=O)O1,-6.90,-6.90,0.1543,4.9827
CNC#CC1(N2CCC=C2C=O)C(=O)N(CC(C)=O)N(C(C)F)C(F)=C1C=O,-6.90,-6.90,0.2944,5.3590
CNC(C)(O)C1=C([SH]2C(C=O)=CC(C)=C2C)C(N)=C(C)NC1(O)C(=O)O,-6.90,-6.80,0.2015,5.5835
CC1=C(F)C(N(C)C2=CC=CC2)=C(N)C(C2=C(N3C(=O)CCC(Cl)=C3[SH]=O)C(C)(C)C=CC2=O)=C1N,-6.90,-6.80,0.3836,4.5816
CC(=O)C1=C(C(O)CC=O)C(=CC2=C(CC(=O)S)C(F)C=CC2=O)N(C2OC(O)S2=O)C=C1,-6.80,-6.90,0.3231,5.9531
CC1=C(C2=C(F)C(N)=CC(N(C)C(C)N)=C2F)C(CONS)C(C)N=C1,-6.80,-6.90,0.2615,5.2155
COC1(C)CSC=C1c1cc(C(=O)N2C=C(C)NC(C)=C2CS)ccc1N(S)C(N)=O,-7.00,-6.70,0.4811,4.6518
CCNC1=C(O)C(C(C)C)=C(C(=O)C2(N)C=COC(N)=C2N)C(Cl)=C1C,-6.80,-6.80,0.3904,4.3099
CC(N)C1=C(NCN)C(N)(O)C(C2=CC=C(N)C(C(N)C=O)=C2)=C(N)N1,-6.80,-6.80,0.1460,4.9595
CN(C=O)C1=C(N)C(=O)C2(Br)C=C(C=O)C(C3(N)CC=CC3)=CN2C1(C)[SH]=O,-6.80,-6.80,0.1695,5.7808
CCC1=C(S)C=C(N)C(C2=C(C3=CNC=C3)C(ON)=C(OC)C=C2)=C1O,-6.80,-6.80,0.2667,3.3734
CC1=C(C(O)(N(C)CN)C(N)(O)C=O)C=CC(S)(C2=C(N)C=CC=C2)C1,-6.80,-6.80,0.1779,5.0528
CCC#CC1(N(C(O)NN)C2(C(N)N)C=CC=CC2)C=CN=C(NC)O1,-6.80,-6.80,0.1541,5.7766
CNC1=C(C(C)=O)C(CNCN)(C(F)(S)C(=O)CO)OC(C)=C1C1CC=CC1,-6.80,-6.80,0.2150,4.8904
CC1=C(NCS)CC(NC=NN)=C(C(=C2N=NC(F)=C2N)C(C)(N)N)N1,-6.80,-6.80,0.0598,4.9804
CCC(C)=C(COC)C(Cl)(NC12C=CC(=O)OC1(C(N)=O)N2)C(=O)C(CC)OC,-6.80,-6.80,0.1415,5.3292
CC1=C(C(=O)S)C(C(=O)O)(C2=C(C(=O)C(F)Cl)C(C3=CCC=C3)=C(O)CC2=O)C(C)=C(S)O1,-6.80,-6.80,0.3130,5.1647
CCC1(C)C=NC(C)=NN1C1=C(N2CCCC2)S(=O)C(=O)C(C)(C)C1=O,-6.80,-6.80,0.7019,4.8878
CCC(=O)NC1=C(N)C2(Cl)OC(N)=CCC2(C(N)Cl)C=C1C(C)(N)CC,-6.80,-6.80,0.3465,5.2909
CCNC1=C(C2=CC=CC2)C2(O)C=CC(C)=CC2(C(C)=O)C(N)(S)C1=O,-6.80,-6.80,0.4455,5.1335
CCC1=C(OC)C(=O)C(Cl)(NC2(N)C(N)=C(N)C(C)=C2F)C(Cl)=C1CC,-6.80,-6.80,0.3171,4.8723
CC1C=CC(F)=C(C(C)(O)C(=O)C(C)(C)N)N1C(=O)C(N)(O)OC(N)N,-6.80,-6.80,0.2804,5.1116
CNC1=C(CCN)N(C2=C(F)C(N)(C(=O)OC)C(=C=O)C(Br)=C2NCF)CC1,-6.80,-6.80,0.2441,4.8970
CCN(CC=O)c1cc(F)c(N2CC=CC2)c(N)c1C1=C(N(C)C)C=CCC1,-6.80,-6.80,0.4434,3.8566
CCNC(C)C(CC)(C1=C(F)NC(S)(Cl)C(NC)=C1)N1C=CC(N)(N)C1,-6.80,-6.70,0.1657,5.5878
CCN(C(=O)N=O)C1=CC(N)=C(O)OC1(F)C1=C2CCC(N)=C2OC(C)=C1CS,-7.00,-6.50,0.4016,5.1134
CC1=C(C2(O)C=C(O)C=CC2C)C(C)(C2=CCC=C2)C(C)=C(N)C1N(C)S,-6.70,-6.70,0.4376,5.5507
CCC1=CCC(C)(C2=NC=C(O)C(C3=NCC=C(CN(C)CC=O)N3CC)=C2C(C)(C)NC)C(C)=C1,-6.70,-6.70,0.4737,4.7950
NC(=O)C1(N2CN=C(Cl)C2)C(S)=CC(O)=CN1C(N)(NC(=O)C(=O)F)C(=O)O,-6.70,-6.70,0.1172,5.4012
CCCC(C)Cc1c(N)nc(O)c(C2(C)C(O)=C(C)CC2(O)NC=S)c1Br,-6.70,-6.70,0.3119,4.9597
C=C(N)N1C(Cl)=C(C2=CCOC2)N(C)C(C(=O)C(N)C(NC)C(C)C)=C1CN,-6.70,-6.70,0.4223,4.9046
CCC1(C2=C(C(N)=O)C(C(C)(N)Cl)=C(OC)C(S)(OC)C2=O)C=C(N)OC1,-6.70,-6.70,0.2152,5.2516
CC1=CC(C(N)=O)(C(=O)F)SC(CN)=C1C(N)N(C(=O)F)C1=CC=CN1,-6.70,-6.70,0.2465,5.0637
CCOC(O)(C=O)C1=NN(C2(N(C)C)CC=C(O)C2)C(C(F)NC)C(C)=C1C,-6.70,-6.70,0.3220,5.6035
CCN(C(=O)C1=CC=C(C)CC1)C1=C(C(=O)C=O)C(Cl)=C(O)C(O)=C1Cl,-6.70,-6.70,0.3405,3.6120
CCC1(OC2(C)N(C)C=NN(C)C2(C)C2=CNCC(C)=C2C)CCC(C)=C1C,-6.70,-6.60,0.7271,5.4071
CNC(=O)C1(F)C=NC(C(C)N)=C(C(C)(N)O)C1(N)CC1=CC=CC=C1,-6.40,-6.90,0.4584,4.7221
COC1=C(N)N(C2(N(C)C(=O)O)C(=O)C=C(O)C(C)=C2C)C(=O)C(C)C1,-6.60,-6.60,0.6861,4.5775
CNC1(C(N)(N)C(F)(S)C(=O)N2N=C(N)CC=C2OC)SC=CC=C1OC,-6.60,-6.60,0.2973,5.4167
CNC1=C(C)CC(O)(C(OC2(OC)CC=CC2)C2=CNC(C)(Cl)C=C2N)C=C1,-6.60,-6.60,0.2341,5.5725
CCC1(C(=O)C2=CC=CC=C2)CN(C(C)C=O)C(C)=C(F)N1CCNC,-6.60,-6.60,0.4382,4.0568
CCNC(NCC)=C1NC(C(C)(N)C2(N)C=CSC2)=C(OCN)C(C)=C1O,-6.60,-6.60,0.2938,5.1316
CCC(CC=O)C(=O)C1=C(N(C)C)C(S)=C(C2([SH]=O)C=CCO2)C(=O)C1=O,-6.60,-6.60,0.1503,5.2013
CCCCNC1=C(O)NC(=O)C(NCC)(C2(O)OC=NC(O)=C2CC)N1,-6.60,-6.60,0.2961,4.9377
CCCC1=C(C(=O)CS)CN(c2c(O)cc(N(CC)CCC)c(NC)c2N)C1,-6.60,-6.60,0.2696,3.6430
CC(N)C(N)C(=O)C(CN)(NC1(OCN)ON=C(O)O1)C(=O)C(C)(C)N,-6.60,-6.60,0.1434,5.5135
CCC1=C(C2(S)C=NCC(C)=C2N)C(C#N)=C(N2C(N(C=O)C(=O)NC)=COC(F)=C2C)C(=O)C1,-5.90,-7.20,0.3890,5.2162
CNCC1=C(C)SC(C)=C(C2(C=O)C=C(C)CC(Br)=C2C(S)N(C)C)C1,-6.50,-6.50,0.2575,5.2254
CC(NP)C(=O)C1(C(F)C(N)(CN)C(C)(C)N)CC(S)=C(C(O)NCN)C1,-6.50,-6.50,0.1236,5.9526
CNC1=C(C)OC(S)(N2C(C)OC2N)N=C1C(CF)C(C(=O)O)N(C)C,-6.60,-6.40,0.4478,5.5671
CCC1=C(C2=CN(C)C=C3C(C)=CSC=C32)C(CC)(C2=CCC=C2C)C(=O)NC1,-6.50,-6.50,0.6457,4.9540
CC(=O)N1C(=C=O)C2(NC(C)C=O)CCN=C2C(NCC(C)C=O)=C1C(C)N,-6.50,-6.50,0.3694,5.5213
CNc1cc(C2(OC)C(=O)C(N)(C=O)OC(N3CCC=N3)=C2S)c(Cl)nc1O,-6.50,-6.50,0.2296,5.2117
NCC(N)CC1=C(O)C2(F)OCC2(O)C(CCl)=C1C1=C(N(CN)C(N)=O)C(N)C(C(=O)O)=C(O)O1,-6.50,-6.50,0.1262,5.6604
CC(C)N(C)C1=C(C2(O)C=NCC2)CC(=O)C(NC(=O)S)=C1C(C)(F)C(N)=O,-6.50,-6.50,0.4819,5.0555
CNc1nc(Cl)c(CN=O)c(N(O)C(N)(N)NC(C)(C)O)c1CC1=NCCC1,-6.50,-6.50,0.1480,4.3180
CC(N)C1(N)C(=O)NC1(CO)C1=C(C(N)=O)C(O)=C(O)C(C(N)=O)=C1N,-6.50,-6.50,0.1068,4.7038
CCC(N(C)CC)N1C(N(S)C=O)=NCC(C(=O)C(NC)ONC)=C1CC1(C)OC=C(S)N1C,-6.50,-6.50,0.1311,5.8503
C#CC(N=O)C1(C2=C(C3=C(Cl)C(=O)C(=O)C(N(N)C(C)(N)N=C)=C3)OCC(=O)O2)C=CC(O)=C1N,-6.50,-6.50,0.0413,5.8606
CNCN(CN)C1(C2=C(C(C)(C)CN)C(Cl)=CC(C)=C2N)CNC=CN1,-6.50,-6.50,0.3035,4.7425
CC1=C(C(=O)C(=O)Cl)N=C(C=O)C(N(S)C=O)(N2C=C(N)CC2)C1(F)OC=O,-6.50,-6.50,0.2283,5.5251
CC(=O)C1=C(N)C=CC1(NC#N)C1=C(C(N)O)C(O)=C(N)C(O)=C1C=O,-6.50,-6.50,0.0858,4.9939
CCC(O)=C(S)C(O)(CO)C1(NC=O)SC(NC(C)C)=NC2C=CCC21,-6.50,-6.50,0.1659,5.5066
C=[SH]C(N)(C1=C(C(N)(C(C)N)N2C=CC(C)=CC2)OC(C(C)C)=C(OC)N1)N(CN)C(=O)OCO,-6.50,-6.40,0.1172,5.7834
CC1=C(CN)C(C(=O)C(C)CO)(C2(Cl)C=CC(NN)=C2N)C(O)=C(O)O1,-6.20,-6.70,0.1863,5.2834
CC1=NN(CCN)C(N)C(N=O)(C2(C(C)(O)Cl)C=C(C(C)(C)CBr)CC2)S1=O,-6.50,-6.40,0.2796,5.9526
CCC(C)(C)C(=O)C(C)C1=C(C(C)C)C(OC)(C(=O)OCC(C)(C)N)NC1,-6.70,-6.20,0.4706,4.5348
CCNC1(C(=O)C(N)=O)C(=O)N(C(=O)C=O)C(=O)C(O)=C1C(=O)OCN,-6.40,-6.50,0.0840,4.2982
CCC(CNS)C(C)(O)C(C(C)=O)C12N=C(C)CC1N=C(Cl)C(=O)C2C,-6.60,-6.30,0.5703,5.7479
CC1=CC(C)=C(C(O)C2(S(N)=O)N=C(F)C(C=O)=CN2C=O)C(N)=C1N,-6.40,-6.40,0.4024,5.2334
CC(C)N(C)C1=C(C(=O)CO)C(O)(C(O)(O)N(C)C2=CCC=C2)SC=C1O,-6.50,-6.30,0.3874,4.7691
CC1=COC(C=O)(CN(C=O)C=O)C(C2=CCC=C2)(c2ccccc2)N1C,-6.40,-6.40,0.6919,4.7940
CON(C)C(N)(F)N(C1=C(S)C=CC=C1C)C1(N)CC(=O)C(N)CC1C,-6.40,-6.40,0.2600,5.1078
CC1=CCC(C#N)(c2c(N3CC=CC3)ccc(CS)c2C)C(N(C)S)=C1N,-6.40,-6.40,0.5325,4.6468
CNc1c(N)c(N2C=C(C)CC2)c(C(C)(NC)OC)c(CS)c1OC(C)(N)S,-6.40,-6.40,0.2156,5.0534
CNC(=C(O)S)C1=C2N=C(N)C(CO)C(=O)C2=NC(CN)(C(C)=O)C1=O,-6.40,-6.40,0.1791,5.0619
CCCC1=C2NCC(C(C)C)=C2C(C(N)S)=C(OC)C1(C)SN(CN)CN,-6.40,-6.40,0.2244,5.2304
COC(CN)C1(C(=O)C(N)C(C)(N)C(=O)S)NC(=N)C(NCO)=C1NN,-6.40,-6.40,0.0740,5.6210
CCC(=O)N(C(C)=O)C1=C(C(O)=C2C=C(N(C)C)CC2)OC(Cl)=C(C(C)C)N1C(C)(S)NC,-6.40,-6.40,0.2752,4.7509
CCCN(C=O)C1(F)N=C(C)C2(C=O)C(=CCN2C)C1(CC)C(C)CCl,-6.40,-6.40,0.2791,5.5559
CNC1=C(C2=NNC(C)=CC2C)C(N)=C(C=O)C(C)(C=O)C1(CCl)NC,-6.40,-6.40,0.4011,5.4429
CC(=O)C1(F)C(C(N)=O)=C(S)C(N)=C(S)N1C1=C(C)C(N)=C(N)C(C)=C1,-6.40,-6.40,0.2577,4.3820
CCCC1(Cl)C(C(N)CO)=C(C)C(O)=C(C2(O)C(N)=CCC2(C)S)C1N,-6.40,-6.40,0.2719,5.5268
CCNC1(C2=C(NC(O)(O)CC)C(S)=C(O)C(N)=N2)OC(N)=C(CO)O1,-6.30,-6.30,0.2055,4.8591
CC1=CC=C(N2N(C)C=C(CO)C(C#N)C2(Cl)C(O)(Cl)N2CC2=O)C=N1,-6.30,-6.30,0.4380,4.9579
CNC1=C(CN)C(N2C(C(=O)C(N)CF)=C(C(=O)S)CC(=O)C2(OC)N(C)CNC(C)(C)O)=C(Cl)C1=O,-6.30,-6.30,0.1238,5.3212
CC(=O)C1=C(C)C(N)=CC(C)(C2(C)CC2)C1(ONC(=O)C(=O)S)C(=O)O,-6.30,-6.30,0.3041,4.8014
COC(C)(C(=O)C1=C(N)C(=O)C(NC=O)=C1SC)C(CC(N)=O)C(C)S,-6.30,-6.30,0.2954,4.9295
COC1(C2(Oc3cccc(C)n3)CC(=O)N(C)C(CO)=C2C(O)S)C=NCC1,-6.30,-6.30,0.4743,5.0930
CCC(N)C1(NC(=O)C(=O)OC)N=C(N)C(C2(S)NC=C(N)N2)=C(C)N1,-6.30,-6.30,0.1467,5.3100
CNC1(C2=C(C)N(C(=O)O)C=CC2(C(=O)NS)c2ncc(N)cn2)CCN=N1,-6.30,-6.30,0.4645,5.2069
CCN(CF)C(F)(CN)C1=C(C)C2(N(C)CC)OC2(C(N)S)N(CC)C1,-6.30,-6.30,0.1791,5.6384
CCN(C)C(O)(NC)C1=C(N(C(C)=O)C(C)S)C(F)(CC[SH]=O)C(C)=C1,-6.30,-6.30,0.3414,5.7213
CC(C)C1=C(C(=O)O)SC(N)(C2(N)NC(N)=C(N)C(N)=C2S)C(C=O)=C1,-6.20,-6.30,0.2136,5.1667
CCCC(C)NSC(C)C12N=C(Br)C(C(C)=O)=C(NC)N1N2C(Cl)NC,-6.20,-6.20,0.1973,5.7619
NCCC(CC=O)C1=NC(S)=C(N)ON1C1=C(N)OC(F)=C(SC(O)(S)Cl)N1C(=O)F,-6.20,-6.20,0.0687,5.5858
COC1=C([SH](=O)=O)C(C(C)=O)=C(C(N)(S)C2=CNC(C=O)=C2)C(N)=C1C,-6.20,-6.20,0.1606,4.5968
CC(CCN)CC1(C(=O)O)NC(N)(O)CC(C2=CNNN=C2)=C1N(C)C,-6.20,-6.20,0.2676,5.2963
N#CC1C(N)=C(CCCO)C(F)=C(O)C1(C(N)=O)C1(N)CNC=C2CN21,-6.20,-6.20,0.3280,5.4537
CNc1c(N)c(C)c(N)c(C(F)(C(C)=O)C2(C)CC(C)=CC2=O)c1CSN,-6.20,-6.20,0.4317,4.8287
CNC1(O)C(=O)C(C=O)=C(C)C(C)=C1C(F)(OC)N1C=CN(C)C(N)=N1,-6.20,-6.20,0.2581,5.1688
CSC1=C(N(C(N)S)C2(NCBr)C=CC=C2)C(C)=C(O)C(O)(C(C)O)N1,-6.20,-6.20,0.1302,5.6542
CCC1=C(O)NC(N)=C(C2=C(N)C(C(N)=O)(C(=O)C=O)C(O)=C(S)S2)N1,-6.30,-6.10,0.1262,4.8516
CNC1=C(C(C#N)(NC(=O)CN)C(N)CO)C(N)(N2NC(F)=C(N)C(F)=C2O)CC=C1,-6.30,-6.10,0.1854,5.5480
CCN(C)C(=O)c1c(OC[SH]=O)c(N(C)C)c(C)c(Cl)c1N1CCC(O)=C1C,-6.20,-6.10,0.6487,4.0711
CC1(C(=O)C2(C(C)(C)F)CSC=C2O)C(N)=C(N)CC(C(=O)O)=C1C(=O)O,-6.10,-6.10,0.4590,4.9523
NC(=O)C1(N)C(=O)C(C(NCO)(C2=NCNC2)N(N)NCF)=C(N)C(O)=C1Cl,-6.10,-6.10,0.0599,5.6448
CNC1=CC(O)=C(C(S)(NC)C2(CN)C=CC(N)=CN2)OC1(O)NOC,-6.10,-6.10,0.1386,5.8272
CC(N)(N)C(=O)N(C1(O)CC=CC=C1S)C1(F)C(CO)=C(O)NC2CC21,-6.10,-6.10,0.1927,5.7154
CCC(O)(F)C(N)(C(C)O)C1(N(C(C)=O)C2=C(NC=O)C(O)C(=O)O2)C(C)=C(Cl)C(N)=C(C)N1C,-6.10,-6.10,0.1739,5.6754
CNC1=C(C=O)C(C2=CNC=C(C)N2C(C)S)(C2=CCNC2(N)C=O)NC(N)=C1,-6.10,-6.10,0.1660,5.8559
CNc1c(F)c(C2=C(C(C)CN)OCC2)c(SC(=O)O)c(C(C)O)c1NC,-6.20,-6.00,0.4427,4.5981
CCC1=C(C2(O)C(NC)=C(N)C(S)=C(O)C2(C=S)NC)C=C(N)C(C)=C1,-6.10,-6.10,0.2292,4.8141
CNC1=C(C2(CS)C=C(C)CN2)SC(CS)(NC(=O)C(=O)O)C(N)(S)N1C,-6.10,-6.10,0.1236,5.7249
CC1=NC(Cl)=C(N)C(N(C)C2=CC=CC=C2)(N(N)C2(Cl)C=CC=C2)N1C,-6.10,-6.10,0.2706,4.4204
CCCN(C)C1(N)SC(C(N)(C(=O)C=O)C(C)OC)=C(Cl)C1(N)CCN,-6.10,-6.10,0.2168,5.2799
CCC(=O)C1(C(C)(N)O)CSC=C1C1(O)N(CO)C(=O)N=C(CC)N1CN,-6.10,-6.10,0.3469,5.4745
CN(CO)C1(C(=O)C(=O)S)NC(C(N)(O)S)=CC=C1C1=CN=CC(N)=C1,-6.10,-6.10,0.1757,4.9304
CC1=CNC(C2(N)C=C(O)SC(N)(O)N2C2(C)C(N)=CC(N)=CC2N)=C1,-6.00,-6.10,0.3049,5.7032
CCNC(C)C(F)(CC)CC(OC)C(N)(N)C1=NCC(NC)(NSC)O1,-6.10,-6.00,0.2367,5.6665
CCCC(C=O)(C(C)C1CC1)C1(CN(C)OCC)CC=C(CNC)CO1,-6.10,-6.00,0.3265,5.0899
CN(C)C(CN)N(C1=CSC(O)(Br)C(O)(C2=CNC(Cl)O2)C1=O)C(O)O,-6.10,-6.00,0.1483,5.8199
CC(=O)C1=CN(C)C(C)C(S)=C1C(=O)C1(NC(N)Cl)C=CNC(N)=C1S,-6.00,-6.10,0.1679,5.5120
CCN(C)C1(C2=C(F)N(C(=O)C=O)C(Cl)=NC2(CN)C(O)S)C=CC=C1,-6.00,-6.00,0.1982,5.3279
CNC1=C(C2(CS)CC2N)C(OCN)=C(S)C(C2=C(N)SC=CO2)=C1S,-6.00,-6.00,0.2741,5.4231
CC1=C(CN)C(NC2(NC(=N)F)CC(S)=C(O)C(Cl)=C2C=O)(C(N)N)CN1,-6.00,-6.00,0.0683,5.5464
CC(CC(=O)F)NC1=C(O)C(C2(O)CC=CC2)=NC(CC=O)C1(S)C(N)(N)N,-6.00,-6.00,0.0895,5.5482
CC(S)C(C)(C)CNCC1=C(N)C(O)=C(O)C(O)(CC=O)C1(O)C1=NCCO1,-6.00,-6.00,0.2148,5.2672
CCCC1=C(Br)C(F)(NCS)C(SC)=C(Br)C1(O)C1(O)C=C(C(S)CC)CC1,-6.00,-6.00,0.1154,5.6649
CNCC1=C(OC)CC=C(C)C1(C(=O)C(=O)C(=O)O)N(CS)C1=C(C)CCC1,-6.00,-6.00,0.1767,4.6268
CC(=O)CNC1(N(CN)C2=C(C(CC(N)CCl)N(C)CN)N(C)C(C)C2=O)CC=CC(C)=C1N,-6.30,-5.70,0.1768,5.6135
CCC1=C(C(C)(CF)C(O)O)C2(C(C(=O)S)C(C)N)C(=O)C2(C(C)(O)CNC)C1,-6.00,-6.00,0.1665,5.6832
CC12C=CCC1=C(Br)NC(C(=O)F)(C(Cl)(NCN)C(=O)C(=O)O)C2C(N)=O,-6.00,-6.00,0.0842,5.4356
CC(=O)c1c(N2CC=CC2)c(N[SH]=O)c(C)c(C(OCO)(c2cc(N)ccc2C=O)c2cc(CO)c(C)nc2C)c1N1N=C(CN)CC=C1CO,-5.99,-5.99,0.0320,5.2516
C=C(C)CN(CC)C1(C(N)(O)C2=C([SH]=O)C(=O)C(N)N=C2)C(N)=CC(N)=C1C(N)=O,-5.90,-5.90,0.1164,5.6977
C=C(F)C1(N(C2=CC=CC=C2)C(C)S)CC(C)=C(OC)C(C)=C1OC=O,-5.90,-5.90,0.4223,4.5151
CC1=CCCN1C(S)C1=C(C(N)N)C=C(N)C(N)(C(C)(C)S)N1C(=O)C(C)N,-6.10,-5.70,0.2356,5.4524
CNCNC1=C(C)NN=C(C(C)(Br)C=N)C1(F)C1(S)NC(N)=C(C)N1C,-5.70,-5.90,0.1393,5.7282
CC(N)(F)SC(C)(O)C1(C(=O)OCCC=O)C(O)=C(F)C(CF)=C1CN,-5.60,-6.00,0.1492,5.1540
CCN(CCN)C(C=O)N(C(=O)C1=C(C)C(F)=C(C)C1=O)C(C)NCO,-5.80,-5.80,0.2734,4.6921
C=C(C)C(=N)C(C)(N)C1(CN)C([SH]=O)=C(O)CN1c1sc(C#N)c(Cl)c1O,-5.80,-5.80,0.2949,5.5660
CCCC(N)C1=C(S)C(N(C)C)=C(C(F)=C2C(CCO)=C(S)C(N)=C2C(COC)=NC)C1=O,-5.80,-5.80,0.2345,4.8717
COC(C(=O)C(CO)=S=O)(C1=CCC=CC1)C1(C)C(N)=CSC=C1CS,-5.80,-5.80,0.3359,5.6064
CCN(C(=O)C=O)C1(O)N(C)C(O)=CN(C(N)(O)N2CCC=C2C)N1CCN,-5.80,-5.80,0.1759,5.2206
CCC1(C2(N(C)C=O)CCC(N)=C2C)N=C(F)OC(C=O)(CN)N1C(Br)CN,-5.80,-5.70,0.2642,5.8910
CCC1=C(C(O)(O)O)C=CC(=O)C1=C(NC)C1(N=CS)C=NC(C)=C1C,-5.70,-5.70,0.1613,5.0499
CNC(C)OC1(C(C(C)=O)N(C)CN(C)S)C(O)=CC(CN)=C2CNC=C21,-5.70,-5.70,0.2764,5.6130
CN1C=CCC(c2c(C(O)=CN)cnc(O)c2N)(C(S)(C=O)N2C=NCC2)N1,-5.70,-5.70,0.2239,5.4877
CCC(CC)C1(C2=C(C)C=CS2)SC(CN)=C(C(N)=O)C(O)=C1OCO,-5.70,-5.70,0.5001,4.3940
CCC1(C2=C(C(C)=O)C(CO)=NC(Cl)(CC)N2C(C)C)CNC(C)=C1N,-5.60,-5.80,0.4846,4.7776
CNC(C)(C(=O)N(C)C)N(C)C(C1=C(OC)CN(CC=O)C1)C(C)NC(C)O,-5.60,-5.70,0.3020,5.0521
CNC(C)C(=O)C1(C2(C(C)=O)C=CN=C2C=O)C=CC(=O)N=C1C(=O)Br,-5.60,-5.60,0.4669,5.3576
CNC(C)C1=C(ON)C(O)(C(C)(C(C)=O)N(C#N)CN)C(C(C)CN)=C1,-5.60,-5.60,0.1497,5.4671
CCC1=C(C2(OC(O)(NC)C3=NCCN3CO)C(O)=C(Cl)C([SH]=O)=C(C)N2C)C(C)=CC(=O)C1,-5.60,-5.60,0.2371,5.5169
CCC(S)C1(NN)C(N)=CNN=C1N(C1=NC(=O)CS1)C(CS)(C(C)C)C(C)(N)OC,-5.60,-5.60,0.1092,5.9941
CCN1N(C#N)C(OCS)(C(=O)O)[SH](CN)C1(N)C(CC)(CC)CNC,-5.50,-5.50,0.1700,5.8181
CCOC1=C(C)C(CC)(C(C)(O)CC(C)C)C(C#N)(N(S)C(C)(N)F)C1,-5.40,-5.40,0.3342,5.2520
CC(C(=O)N(C(C)C#N)C1(O)C(N)=NC(C=O)=C1CN)C(CF)C(=O)O,-5.40,-5.40,0.2942,5.2351
CCC(C(=O)CN)N(C1=NN(C(=O)F)CC1)C1=C(C(C=O)(C(=O)C=O)N(CC)CN)C=CC(C)(N)C1=O,-5.40,-5.40,0.0692,5.6609
CCCC1(C)OC(C)=C(F)CN1C(O)(C#N)C(N)(CC)C(O)(CC)NC,-5.50,-5.30,0.3784,5.4131
CCN(C1=C(N)C=C(O)C=C1)C1=C(C2=C(OC)C(C3=CC(C)=CC=C3)=C(C)C(C(C)=O)=C2C=O)C=CC(N2CC(C(C)=O)=CC=C2C2=CCC=N2)=C1C,-5.19,-5.19,0.0899,4.1101
CC(N)C(S)(C(=S)C1=C(C(=O)Cl)COC1)C(O)(C(Cl)C(S)Cl)C(C)(C=O)CN,-5.10,-5.10,0.0995,5.9540
CCOC1=C(C)C=C(C2=CC(N)N(C3=C(C(=NC(N)CC)OC)C(C4=COC(=O)OC4)=NC(CC)=C3S)C(CO)=C2N)C(N)=C1,-5.00,-5.00,0.0729,5.2732
CCC1=CCCC1(N)C1=C(c2cc(C)c(CN)c(N)c2)[SH](C)(=O)C(F)=C(N(C)C2=C(NC)C=CC(=O)C2)C1=O,-4.93,-4.93,0.1963,5.1615
CCSC(NCS)(C(=O)C=O)C1(C2(CC)C=CC=CN2)NCC=CC1=O,-4.90,-4.90,0.2003,5.5931
C=C(CN)N1C(=O)NC(C)=C(CNC)C1(C(=O)C(C)N)N(CC)C(C)C,-5.20,-4.60,0.4669,4.6285
COC(C)(Br)C1(C(O)(Cl)C(=O)Cl)SC(=O)N1C(C(C)=O)(C(C)N)N(C)O,-4.70,-4.70,0.2576,5.6133
CCC1(N(C)C)C(C)(C(=O)NC)C(C=O)(OC)C(=O)C2(C=O)N(C)C21S,-4.40,-4.50,0.2654,5.7288
