smiles,qed,sa,egfr,her2
COc1ccccc1CNC(=O)NCc1cc(-c2ccccc2)nc2ccccc12,0.4759,2.9708,-10.4,-10.3
Cc1cccc(-n2cc(C(=O)N3CCC(C(=O)Nc4ccccc4C)CC3)nc2C)c1,0.6799999999999999,3.2734,-9.8,-10.8
C[C@@H](NC(=O)C1=CCN(c2ccccc2)CC1)c1ccc2c(c1)CCC(=O)N2,0.8486,3.9412,-9.4,-10.6
CNC(=O)Cc1cccc(NC(=O)Nc2ccccc2C(=O)Nc2ccccc2F)c1,0.4748,2.9597,-9.9,-9.9
CCNC(=O)c1cc(NC(=O)N2CCC[C@H](C(=O)Nc3ccccc3)C2)cc(C)c1C,0.6717,3.5837,-9.5,-10.2
C[C@@H]1Oc2ccccc2C(=O)N1CCCNC(=O)C(=O)Nc1ccc(F)c(F)c1,0.5824,3.9006,-9.5,-9.8
Cc1cccc(-c2cc(C(=O)Nc3cccc(C)c3)no2)c1,0.7763,2.8615,-9.3,-9.9
C[C@H]1CN(c2ccc(C(=O)Nc3ccccc3C(F)(F)F)cc2)C[C@@H](C)O1,0.8407,3.7765,-9.6,-9.6
Cc1cccc(C)c1NC(=O)c1ccc(NC(=O)CN2CCN(c3ccccc3O)CC2)cc1,0.5095999999999999,3.0496,-9.0,-10.2
Cc1ccc(S(=O)(=O)N2CCC(C(=O)Nc3ccccc3C(=O)NC3CCCCC3)CC2)cc1,0.6367,3.0952,-9.1,-10.0
C[C@@H](c1nc(-c2cccc(F)c2)no1)N(C)C(=O)c1cccc(S(N)(=O)=O)c1,0.6871,3.8195,-9.0,-10.1
CNC(=O)N1CCC(C(=O)N2CCC(c3nc4ccccc4cc3C(C)C)CC2)CC1,0.7993,3.5256,-9.7,-9.4
C[C@@H](c1ccccc1)N(C)C(=O)[C@@H]1CCCN(C(=O)c2ccccc2F)C1,0.8113,3.7143,-9.3,-9.7
CCOc1cc(F)cc(C(=O)N2CCC(c3nc4ccccc4o3)CC2)c1,0.6755,3.2208,-9.2,-9.8
C[C@H]1CN(c2cccc(CC(=O)NCc3ccc(N4CCOCC4)cc3)c2)C[C@@H](C)O1,0.7642,3.948,-9.1,-9.9
Cc1cccc(NC(=O)C(=O)NC2CCC(C(=O)Nc3ccccc3)CC2)c1,0.7028,2.9294,-8.8,-10.1
COc1ccccc1NC(=O)c1ccc(CNC(=O)c2ccc(C)cc2)cc1,0.6698999999999999,2.6086,-9.4,-9.5
COc1ccccc1-n1c(SCC(=O)Nc2ccc(C)cc2C)nnc1-c1ccccc1,0.3823,3.0296,-8.7,-10.2
C[C@@H]1COc2ccccc2N1C(=O)CSc1nc2ncccc2c(=O)[nH]1,0.5533,4.0617,-9.5,-9.4
C[C@H]1CCCN(S(=O)(=O)c2cccc(C(=O)Nc3ccccc3)c2)C1,0.9012,3.2136,-9.2,-9.7
CNC(=O)c1cccc(NC(=O)C(=O)N2CCC[C@@H]2c2ccccc2)c1,0.8234,3.4621,-9.0,-9.8
CC(C)NC(=O)N1CCC(NC(=O)CN2C(=O)CCc3ccccc32)CC1,0.8334,3.2348,-8.9,-9.9
C[C@H]1CCCCN1S(=O)(=O)c1ccccc1C(=O)NCCc1ccccc1,0.8189,3.3985,-9.3,-9.5
Cc1cc(O)c(C(=O)NCC(=O)N2CCC[C@H](C(=O)Nc3ccccc3)C2)c(C)c1,0.6969,3.6158,-8.9,-9.9
Cc1cc(C)cc(NC(=O)CSc2nnc(NC(=O)c3ccccc3)n2C)c1,0.6145,3.1717,-8.7,-10.1
COc1ccccc1[C@H]1C[C@@H](C)N(C(=O)C(=O)Nc2ccccc2C(C)C)C1,0.8004,4.065,-8.7,-10.1
CCOc1ccccc1NC(=O)C(=O)N1CCC[C@@H](C(=O)N(C)Cc2ccc(F)cc2)C1,0.6892,3.6722,-8.6,-10.2
C[C@H]1CN(c2ccccc2CN2C(=O)CCC2=O)CC(=O)N1c1ccc(F)cc1,0.7372,3.9079,-9.2,-9.6
Cc1ccc(NC(=O)CCNC(=O)Nc2cccc(C(F)(F)F)c2)c(C)c1,0.7071999999999999,2.9159,-9.1,-9.7
CN(C(=O)Cc1ccccc1)[C@H]1CCCc2c1cnn2Cc1ccccc1,0.6803,3.6718,-9.2,-9.6
CNC(=O)NC1CCN(C(=O)[C@@H]2CCCN(C(=O)c3ccccc3F)C2)CC1,0.8126,3.6312,-9.4,-9.3
Cc1cc(C)nc(SCC(=O)Nc2cccc(C(=O)Nc3ccccc3)c2)n1,0.4778,2.9045,-9.0,-9.7
C[C@H]1CCCC[C@H]1NC(=O)NCCc1ccc(NC(=O)c2ccccc2)cc1,0.6879,3.5597,-8.7,-10.0
Cc1ccc(OCC(=O)N2CCC(Cc3ccccc3)CC2)cc1C,0.8096,2.8457,-8.7,-10.0
Cc1ccc(-c2nnc(SCC(=O)Nc3cccc(C)c3)n2C)cc1,0.6990999999999999,2.8817,-8.6,-10.1
CN(CC(=O)NCc1ccc(Cl)cc1)C(=O)CN1C(=O)c2ccccc2C1=O,0.739,3.0094,-8.8,-9.8
C[C@H]1CN(c2ccccc2CNC(=O)NC[C@@H](C)Cc2ccccc2)C[C@@H](C)O1,0.7356,4.1392,-9.0,-9.6
C[C@H]1CN(c2ccccc2C[NH+]2CCC(OCc3ccccc3)CC2)C[C@@H](C)O1,0.8042,4.9153,-8.7,-9.9
C[C@@H]1Oc2ccccc2C(=O)N1CC(=O)N1CCC(CC(=O)N2CCCCC2)CC1,0.7506,3.9894,-9.2,-9.4
Cc1ccc(NC(=O)CSc2nnc(NC(=O)c3ccccc3)o2)cc1F,0.6194999999999999,3.1045,-8.8,-9.7
C[C@@H]([NH2+][C@@H]1CCCc2ccccc21)c1ccc2c(c1)CCC(=O)N2,0.8852,4.8142,-8.9,-9.6
Cc1cccc2nc(C(=O)Nc3cccc(C#N)c3)c(C)cc12,0.7684,3.0968,-9.1,-9.4
C[C@@H](NC(=O)NC[C@@H](C)[NH+](C)C1CCCCC1)c1ccc2c(c1)CCC(=O)N2,0.5939,5.1891,-8.4,-10.1
Cc1ccc(CN(C)C(=O)N[C@@H]2CCCc3c2cnn3C)cc1C,0.9311,3.8722,-8.9,-9.5
COc1ccc(C(=O)Nc2cccc(C(=O)N3CCCC3)c2)cc1OCC(F)(F)F,0.7505,3.0304,-8.8,-9.6
C[C@@H]1COC[C@@H](C)N1C(=O)c1cccc(NC(=O)c2ccccc2)c1,0.9248999999999999,3.7456,-8.8,-9.6
CC1CCN(C(=O)C(=O)Nc2ccc(-c3ccccc3)cc2)CC1,0.8497,2.8206,-8.4,-10.0
Cc1ccc(S(=O)(=O)Nc2cccc(C(=O)NCC(C)C)c2)cc1C,0.8179,2.8592,-8.9,-9.5
Cc1cc([N+](=O)[O-])cc(C)c1OC(=O)CCN1C(=O)c2ccccc2C1=O,0.254,3.2449,-8.8,-9.5
C[C@@H](CCc1ccccc1)NC(=O)NCc1cccc(NC(=O)C2CC2)c1,0.6547999999999999,3.3142,-8.8,-9.5
C[C@@H](OC(=O)c1ccc(NC(=O)Cc2ccccc2)cc1)c1ccccc1Cl,0.5572,3.2505,-8.6,-9.7
C[C@H]1CN(c2ccccc2CNC(=O)CCc2nnc(-c3ccccc3)o2)CCO1,0.639,3.7188,-8.6,-9.7
C[C@@H](NC(=O)Nc1cccc(OCc2ccccc2)c1)c1ccccc1,0.6385,3.0834,-8.6,-9.7
C[C@H]1CN(c2ccccc2C(=O)N2CCC(C(=O)N[C@@H]3CCCC[C@@H]3C)CC2)C[C@@H](C)O1,0.7611,4.4018,-8.8,-9.4
CC1=C(C(=O)Nc2cccc(C(=O)NCc3ccc(Cl)cc3)c2)SC1,0.8153,3.2241,-8.9,-9.3
C[C@H]1CN(c2cccc(-c3nc4ccccc4s3)c2)C[C@@H](C)O1,0.6799,3.8425,-8.8,-9.4
C[C@H]1CN(c2cccc(N3CCCC3)c2)C(=O)N1CCc1ccccc1,0.8003,3.6933,-8.9,-9.3
C[C@@H]1OCC[C@@H]1C(=O)N1CCC[C@@H](c2ncc(-c3ccccc3)nn2)C1,0.8394,4.6098,-8.4,-9.8
C[C@@H]1Oc2ccc(C(=O)Nc3ccccc3)cc2N[C@H]1c1ccccc1,0.7023,3.7709,-9.0,-9.2
COc1ccccc1N1CCN(C(=O)CSc2nccc(-c3ccccc3)n2)CC1,0.4387,3.1003,-8.6,-9.6
COc1ccc(-n2nc(C(=O)NCc3ccccc3)c(=O)c3c2c(=O)[nH]n3C)cc1,0.5107,3.5675,-9.2,-9.0
Cc1ccccc1CS(=O)(=O)c1ccc(C(=O)NCCc2ccccc2)cc1,0.6512,2.82,-8.5,-9.6
C[C@H]1CC(C(=O)Nc2cccc(NC(=O)c3ccccc3)c2)C[C@@H](C)O1,0.8611,3.8754,-8.5,-9.6
Cc1cccc2c1N[C@H](c1ccc(F)cc1)[C@@H]1CC=C[C@@H]21,0.7174,4.23,-8.7,-9.4
C[C@H]1CN(c2ccccc2NC(=O)NCCC(=O)N2CCCCC2)C[C@@H](C)O1,0.8035,3.9202,-8.7,-9.4
C[C@H]1CN(c2cccc(C(=O)NCCc3ccccc3)c2)C(C)(C)CO1,0.8828,3.7524,-8.4,-9.7
COc1ccc2cc(C(=O)NC[C@H](c3ccccc3)[NH+](C)C)ccc2c1,0.7079,4.0778,-8.6,-9.5
COc1ccc2ccccc2c1/C=C(\C#N)C(=O)Nc1ccc(C)cc1C,0.5178,3.1219,-8.7,-9.4
Cc1cc(C)c(NC(=O)NCCCN2C(=O)[C@@H]3CC=CC[C@@H]3C2=O)c(C)c1,0.4656,4.1227,-8.6,-9.5
C[C@H]1CCCC[C@@H]1NC(=O)Nc1cccc(C(=O)N2CCCCC2)c1,0.8608,3.6366,-8.8,-9.2
COc1cccc(C(=O)N2CCN(c3ccc(C(F)(F)F)cc3)CC2)c1,0.8230999999999999,2.8405,-8.7,-9.3
Cc1ccc(-c2nc3ccccc3nc2OC(=O)c2ccc(Cl)cc2)cc1,0.4355,3.0004,-9.1,-8.9
Cc1cc(N2CCN(C(=O)Cc3ccc(F)cc3)CC2)nc(C(C)C)n1,0.8351,3.147,-8.5,-9.5
C[C@H]1CN(c2ccccc2NC(=O)N2CCN(c3ccccc3OC(F)F)CC2)C[C@@H](C)O1,0.7129,4.0941,-8.8,-9.2
C[C@@H](CC(=O)N1CCN(c2ccccc2)CC1)c1ccc(F)cc1,0.8458,3.2507,-8.7,-9.3
C[C@@H]1OCC[C@H]1C(=O)Nc1cccc(NC(=O)c2ccccc2F)c1,0.8843,3.8221,-8.2,-9.8
CN(C(=O)[C@@H]1CCCN(C(=O)c2ccc(Cl)cc2)C1)c1ccccc1F,0.8045,3.4804,-9.0,-9.0
CNC(=O)c1ccc(NC(=O)N2CCC(OCc3ccccc3)CC2)cc1,0.8421,2.9259,-8.2,-9.8
Cc1cc([N+](=O)[O-])ccc1NC(=O)CCNC(=O)c1ccc(C(C)C)cc1,0.5626,2.9008,-8.6,-9.4
CNC(=O)c1cccc(NC(=O)Cn2ccc(=O)c3ccccc23)c1,0.7552,2.9727,-8.7,-9.3
Cc1cc(C(=O)N2CCC([C@@H](C)O)CC2)nc(-c2ccccc2)n1,0.9319999999999999,3.6601,-9.0,-9.0
Cc1ccccc1CCNC(=O)c1cnc(-c2ccc(F)cc2)nc1,0.7655,2.9243,-8.3,-9.6
C[C@@H]1CCCN(C(=O)C(=O)Nc2ccc(NC(=O)c3ccccc3)cc2)C1,0.8105,3.3118,-8.2,-9.7
CNC(=O)c1ccccc1NC(=O)C1CCN(S(=O)(=O)c2ccc(Cl)cc2)CC1,0.7443,2.9552,-8.5,-9.4
Cc1ccc(C(=O)NCC(=O)NCc2cccc(C(F)(F)F)c2)cc1,0.8608,2.7842,-8.5,-9.4
CCOC(=O)c1ccc(NC(=O)CN2C(=O)N[C@](C)(c3cccc(Cl)c3)C2=O)cc1,0.5323,3.5276,-8.7,-9.2
CC[C@@H]1CCCC[NH+]1Cc1ccc(NC(=O)c2ccc(C)cc2)cc1,0.8487,4.6583,-8.4,-9.5
COC(=O)c1ccc(-c2cc(C(=O)NCc3ccccc3)no2)cc1,0.7143,2.8426,-8.4,-9.5
CN(C)C(=O)c1ccc(CNC(=O)N(Cc2ccccc2)Cc2ccco2)cc1,0.6544,3.0646,-9.1,-8.8
C[C@H]1CCC[C@@H](C)C1NC(=O)N1CCC(C(=O)N(C)Cc2ccc(F)cc2)CC1,0.8152,4.2831,-8.8,-9.1
C[C@H]1CCC[C@]2(CCCN(C(=O)CCC(=O)N3CCCCC3)C2)C1,0.7811,4.556,-9.0,-8.9
C[C@@H]([NH2+][C@@H](C)c1ccc(N2CCCC2=O)cc1)c1ccc(C(C)(C)C)cc1,0.8223,4.5598,-8.6,-9.3
Cc1cccc2nc(C(=O)NCc3cccc(C(=O)N(C)C)c3)nn12,0.7753,3.3134,-8.6,-9.3
C[C@H]1CN(c2cccc(F)c2C#N)C(=O)N1c1ccc(F)cc1,0.839,3.8848,-9.0,-8.9
C[C@H]1CN(c2ccccc2CC(=O)NCc2ccc(F)cc2)C[C@@H](C)O1,0.8838,3.7759,-8.5,-9.4
C[C@@H]1Oc2ccc(C(=O)NCc3ccccc3F)cc2NC1=O,0.9044,3.5074,-9.1,-8.8
C[C@H]1CN(c2cccc(C(=O)NCCc3ccc(F)cc3)c2)C[C@@H](C)O1,0.8825999999999999,3.6998,-8.3,-9.6
C[C@@H](Oc1ccc(Cl)cc1)C(=O)Nc1ccccc1C(=O)NC1CC1,0.818,3.1955,-8.5,-9.3
C[C@H]1CN(c2ccccc2CNC(=O)NCc2cccc(C#N)c2)CCO1,0.8452,3.6779,-8.5,-9.3
C[C@H]1CCCN(C(=O)Nc2ccccc2C(=O)N2CCCC2)C1,0.901,3.3324,-9.0,-8.8
CC1=C(C(=O)Nc2cccc(C(=O)NCCc3ccc(Cl)cc3)c2)SC1,0.7689,3.2558,-8.7,-9.1
Cc1cc(O[C@@H]2CCCN(C(=O)c3ccccc3)[C@H]2c2ccccc2)ccc1F,0.5747,3.8461,-9.7,-8.1
Cc1ccccc1C(=O)N1CCC(C(=O)NCCc2ccccc2)CC1,0.8901,2.7307,-8.4,-9.3
Cc1ccccc1-n1ncc(NC(=O)C(=O)NCCc2cccc(F)c2)c1C,0.6585,3.2297,-8.4,-9.3
COc1ccc2nc(NC(=O)CSc3nc4sc(C)cc4c(=O)[nH]3)sc2c1,0.3694,3.4914,-8.4,-9.3
Cc1ccc(N2CCC[C@H](NC(=O)C3CCN(C(N)=O)CC3)C2)cc1,0.8684999999999999,3.5334,-8.4,-9.3
CN(CC(=O)N1CCCCC1)C(=O)Nc1cccc(C(=O)NC2CCCCC2)c1,0.7862,3.1212,-8.6,-9.1
C[C@H]1CN(c2cccc(NC(=O)C(=O)Nc3ccc(C#N)cc3)c2)C[C@@H](C)O1,0.7911,3.9143,-8.5,-9.2
Cc1ccc(C2=N/C(=C/c3ccc([N+](=O)[O-])cc3)C2=O)cc1,0.4846,3.3123,-8.5,-9.2
CCOc1cc(NC(=O)c2cccc(Cl)c2)ccc1OCC(=O)N1CCCC1,0.7498,2.902,-8.5,-9.2
CN(C(=O)C1CCN(S(=O)(=O)c2ccc(Cl)cc2)CC1)c1ccccc1,0.7907,2.968,-8.0,-9.7
CCc1ccc(C(=O)Nc2ccc(C(=O)NC3CCCC3)cc2)cc1,0.8506,2.6444,-8.2,-9.4
C[C@H]1CCC[C@@H](C)C1NC(=O)c1ccc(CNC(=O)N2CCCC2)cc1,0.8556,4.0673,-8.4,-9.2
C[C@@H](c1ccccc1)N(C)C(=O)CCc1ccc(-n2cccn2)cc1,0.6731,3.4729,-8.4,-9.2
CN(C)c1cccc(C(=O)N2CCC(Cc3ccccc3)CC2)c1,0.8435,2.8563,-8.6,-9.0
CNC(=O)CCNC(=O)c1ccc(C(=O)N2CCc3ccccc32)cc1,0.8515,2.9348,-8.6,-9.0
Cc1cccc(C)c1NC(=O)CNC(=O)CCc1ccc(Cl)cc1,0.83,2.7646,-8.4,-9.2
CN(C)c1ccc(CNC(=O)N2CCC(OCc3ccccc3)CC2)cc1,0.8377,3.015,-8.3,-9.3
CC[C@@H]1CCCCN1C(=O)CN1CCN(C(=O)CCc2ccccc2)CC1,0.7619,3.4532,-8.4,-9.2
COc1ccccc1[C@@H]1CCCN1C(=O)c1cccc(C(F)(F)F)c1,0.7944,3.3883,-8.1,-9.5
CCN1CCN(C(=O)CNc2cccc(C(=O)Nc3ccccc3)c2)CC1,0.8146,2.858,-8.8,-8.8
CNC(=O)c1ccc(NC(=O)C(=O)N[C@@H](C)c2ccc(Cl)cc2)cc1,0.7229,3.2793,-8.2,-9.4
C[C@H]1CN(c2cccc(NC(=O)C(=O)NCc3ccccc3)c2)CCO1,0.8167,3.4513,-8.2,-9.4
CN(C(=O)CSc1nnc(-c2ccccc2)n1-c1ccccc1)c1ccccc1,0.43069999999999997,2.997,-8.1,-9.5
COc1ccc(C(=O)Nc2cccc(OCc3ccccc3)c2)cc1OC,0.6597,2.615,-8.2,-9.3
C[C@@H](CNC(=O)C(=O)Nc1cccc(C(=O)NC2CC2)c1)[NH+]1CCCCC1,0.5228,4.6202,-8.6,-8.9
Cc1cccc(O[C@@H](C)C(=O)NNC(=O)c2ccccc2F)c1,0.841,3.2799,-8.4,-9.1
Cc1ccc(C)c(NC(=O)CN2CCN(C(=O)Cc3ccccc3)CC2)c1,0.8762,2.7884,-8.6,-8.9
C[C@H]1CN(c2ccccc2)[C@@H](C)CN1C(=O)CCc1ccccc1,0.8458,3.7004,-8.3,-9.2
CNC(=O)C1CCN(C(=O)c2cc(C)nc3ccccc23)CC1,0.9141,2.9556,-8.5,-9.0
C[C@H]1CCCC[C@@H]1NC(=O)C(=O)Nc1cccc(C(=O)NC2CC2)c1,0.7226,3.7254,-8.7,-8.8
C[C@@H]([NH2+]C1CCN(C(=O)c2ccccc2)CC1)c1ccccc1Cl,0.8985,4.1771,-8.4,-9.1
C[C@@H]1CN(S(=O)(=O)c2ccc(C(=O)NCC(=O)NC3CCCC3)cc2)C[C@@H](C)O1,0.7071,3.8904,-8.5,-9.0
Cc1cc([N+](=O)[O-])ccc1NC(=O)CN1CCN(c2ccccc2F)CC1,0.635,2.9448,-8.5,-9.0
Cc1ccc(S(=O)(=O)N2CCN(C(=O)c3ccccc3F)CC2)cc1,0.8317,2.7751,-8.3,-9.2
C[C@@H]1Oc2ccccc2O[C@@H]1C(=O)N1CCN(C(=O)c2ccccc2Cl)CC1,0.7674,3.9082,-8.9,-8.5
C[C@H]1CCCC[C@@H]1NC(=O)N1CCC(OCc2ccccc2)CC1,0.8978,3.7609,-8.5,-8.9
CC(C)(C)[C@@H](O)CNC(=O)Nc1ccccc1C(=O)NCc1ccccc1,0.6204,3.446,-8.5,-8.9
COc1ccc2ccccc2c1C(=O)NCCC(=O)N1CCCCC1,0.9002,2.9272,-8.3,-9.1
COc1ccc(NC(=O)CSc2nc3ccccc3c(=O)[nH]2)cc1OC,0.5011,3.0395,-8.4,-9.0
COc1ccc(N2CCN(C(=O)CN(C)C(=O)c3ccccc3)CC2)cc1OC,0.7373,2.9679,-8.4,-9.0
C[C@@H]1OCC[C@H]1C(=O)Nc1cccc(C#Cc2ccccc2)c1,0.8531,4.0389,-8.4,-9.0
Cc1cccc2nc(C(=O)NCCCNC(=O)c3ccc(Cl)cc3)nn12,0.6403,3.234,-8.3,-9.1
C[C@H]1CCC[C@](C#N)(C(=O)NCC2(c3ccccc3)CCOCC2)C1,0.9012,4.4707,-8.7,-8.7
C[C@H]1CCCC[C@H]1NC(=O)C(=O)Nc1cccc(CCC(=O)N2CCCC2)c1,0.7552,3.8407,-8.2,-9.2
CCN1C[C@H](C(=O)N2CCC(C(=O)Nc3ccccc3C)CC2)CC1=O,0.8865,3.5061,-8.1,-9.3
CN(C(=O)CN1CCN(c2ccccc2)C1=O)Cc1ccccc1,0.8387,2.9593,-8.5,-8.9
Cc1cc(O)ccc1NC(=O)Cc1nccn1Cc1ccccc1,0.6996,3.0246,-8.3,-9.1
CC(=O)c1cccc(OCc2ccc(C(=O)N3CCCC3)cc2)c1,0.7782,2.7088,-8.4,-9.0
CN(C(=O)C1=NN(C(=O)c2cccs2)[C@H](C(=O)NCc2ccccc2)C1)c1ccccc1,0.6208,3.9811,-9.0,-8.3
Cc1ccccc1C(=O)N/N=C/c1ccc(C(F)(F)F)cc1,0.6703,2.8829,-8.4,-8.9
C[C@H]1CCC[C@](C#N)([C@]2(O)CCCN(C(=O)c3ccccc3)C2)C1,0.896,4.7154,-8.0,-9.3
Cc1ccc(/C=C/C(=O)NC[C@@H](C)c2ccc(Cl)cc2)cc1,0.7942,3.3255,-8.3,-9.0
C[C@@H]1CN(c2ccc(NC(=O)C(=O)Nc3ccccc3)cc2)C[C@@H](C)O1,0.8227,3.6685,-8.0,-9.3
C[C@H]1CN(c2cccc(C#N)c2)C[C@@H](c2ccccc2)O1,0.8329,3.8616,-8.3,-9.0
C[C@@H](NC(=O)N1CCC(C(=O)N2CCCC2)CC1)c1ccccc1,0.9168999999999999,3.3299,-8.2,-9.1
COc1ccc(C(=O)N2CCC(Cc3ccccc3)CC2)cc1OC,0.8216,2.7471,-8.2,-9.1
C[C@H]1CCC[C@H](C)N1C(=O)CC[NH+]1CCC(Cc2ccccc2)CC1,0.8635,5.0522,-7.9,-9.3
CC1CCC(CNC(=O)c2cccc(NC(=O)CCC(=O)N(C)C)c2)CC1,0.761,3.0977,-8.3,-8.9
CN(C)c1ccc(C(=O)Nc2ccc(C(=O)Nc3ccc(Cl)cc3)cc2)cc1,0.637,2.6703,-8.1,-9.1
CC(C)CC(=O)N1CCc2cc(NC(=O)C(=O)NC3CCCCC3)ccc21,0.7888,3.2736,-8.2,-9.0
CNC(=O)c1ccc(NC(=O)c2ccc(Cl)c(S(=O)(=O)N(C)C)c2)cc1,0.8008,2.8997,-8.7,-8.5
CNC(=O)COc1cccc(C(=O)Nc2ccc(-c3cscn3)cc2)c1,0.6912,3.0949,-8.5,-8.7
Cc1cc([N+](=O)[O-])ccc1NC(=O)COC(=O)C(C)(C)c1ccccc1,0.476,3.0775,-8.1,-9.1
Cc1cc([N+](=O)[O-])ccc1NC(=O)CN1CCN(c2ccc(Cl)cc2)CC1,0.6174999999999999,2.9142,-8.2,-9.0
C[C@H]1CN(c2ccccc2)S(=O)(=O)N1CC(=O)Nc1ccccc1,0.9123,3.8812,-8.0,-9.2
C[C@H]1CCCN(S(=O)(=O)CC2CCN(C(=O)c3ccccc3)CC2)C1,0.8150999999999999,3.5773,-8.0,-9.2
COc1ccc2nc(NC(=O)c3cccc(C)c3)sc2c1,0.7884,2.7517,-8.1,-9.1
C[C@H]1CN(c2ccccc2)S[C@@H]1NC(=O)C(=O)Nc1ccccc1,0.6556,4.322,-8.5,-8.7
Cc1cccc(C(=O)NCC(=O)NCc2ccc(F)cc2)c1,0.879,2.6115,-8.2,-8.9
CNC(=O)C1CCN(C(=O)CCc2ccc(F)cc2F)CC1,0.913,3.0235,-8.5,-8.6
CNC(=O)c1ccc(OCC(=O)N2CCC[C@@H]2c2ccccc2)cc1,0.9019,3.2821,-8.3,-8.8
CN(C(=O)NC1CCN(C(=O)[C@@H]2CC=CCC2)CC1)c1ccccc1,0.8487,3.8206,-8.0,-9.1
COC(=O)Cn1nc(C(=O)NCc2ccccc2)c2c1CCCC2,0.841,3.1387,-8.4,-8.7
C[C@H]1CCCN(C(=O)C2(C(=O)NCCNC(=O)c3ccccc3)CC2)C1,0.5892,3.7176,-8.0,-9.1
C[C@@H]([NH2+]CC1(CO)CCC1)C(=O)N1CCc2[nH]c3ccccc3c2C1,0.7531,4.7233,-8.3,-8.8
C[C@@H]([NH2+]Cc1ccc(N2CCCCC2)cc1)c1ccc(F)c(F)c1,0.8737,4.2208,-8.1,-9.0
Cc1cc(N2CCO[C@@H](C(=O)NCc3ccc(C)cc3)C2)no1,0.9218999999999999,3.7717,-8.3,-8.8
CN(C)c1ccc(C(=O)N2CCC([C@@H](O)c3ccc(Cl)cc3)CC2)cc1,0.872,3.4943,-8.5,-8.6
C[C@@H](CC#N)N(C)C(=O)c1cccc(NC(=O)c2ccccc2)c1,0.9079,3.3961,-8.4,-8.7
C[C@H]1CCC[C@@H](CCC(=O)N2CCCC[C@@H]2C2CCCC2)C1,0.6919,4.1716,-8.1,-9.0
C[C@@H](NC(=O)Cn1ccccc1=O)c1ccccc1-c1cccnc1,0.7706999999999999,3.5593,-8.4,-8.6
Cc1cc(CCCC(=O)N[C@@H](C)c2ccc(F)cc2)ccc1F,0.8264,3.2772,-8.1,-8.9
COc1ccc2c(c1)CN(C(=O)CCNC(=O)c1ccc(C)o1)CC2,0.895,3.17,-8.0,-9.0
C[C@H]1CCC[C@](C#N)([C@]2(O)CCCN(Cc3ccccc3)C2=O)C1,0.917,4.7455,-8.1,-8.9
CNC(=O)c1cc(NC(=O)N[C@@H](C)c2ccccc2)ccc1OC,0.7797999999999999,3.2206,-8.1,-8.9
CC[C@@H](NC(=O)Nc1ccc(C)c(F)c1)c1ccc(C)cc1,0.8328,3.257,-8.0,-9.0
CN(C(=O)COc1ccc(C(=O)Nc2ccccc2)cc1)C1CCCCC1,0.8269,2.8435,-8.0,-9.0
C[C@H]1CCC[C@H]([C@H](C)NC(=O)C(=O)Nc2ccccc2F)C1,0.8331,4.0748,-8.2,-8.8
CC1(C)CCC[C@@H]1NC(=O)N[C@@H]1CCCN(c2ccccc2)C1,0.886,4.0358,-8.0,-9.0
COc1ccc(CNC(=O)[C@H]2CC(=O)N(CC(=O)NC3CCCCC3)C2)cc1,0.7341,3.5315,-7.9,-9.1
Cc1cccc2sc(C)c(C(=O)NCCC[NH+]3CCC(C)CC3)c12,0.7928,4.642,-8.3,-8.7
Cc1cccc(-c2noc(CNc3ccccc3)c2N)c1,0.7512,3.2931,-8.1,-8.9
CCOc1cc(/C=N/NC(=O)c2ccccc2)ccc1OCc1ccccc1,0.4587,2.8286,-7.8,-9.2
CNC(=O)NC(=O)[C@H](C)NC(=O)c1cccc(-n2cccn2)c1,0.7513,3.606,-8.4,-8.5
CN(CCc1ccccc1)C(=O)C(=O)Nc1ccc(C(=O)N(C)C)cc1,0.8264,2.993,-7.8,-9.1
COc1ccc(NC(=O)CCNC(=O)N2CCN(c3ccccc3)CC2)cc1,0.7953,2.8133,-8.3,-8.6
CC(=O)N1CCc2cc(NC(=O)C(=O)N[C@@H](C)CO)c(C)cc21,0.6897,3.8425,-8.3,-8.6
CC1=NN(c2ccc(C(=O)N(C)C)cc2)[C@@H](C(=O)Nc2ccc(F)cc2)C1,0.8918,3.7131,-9.0,-7.9
C[C@H]1CCC[C@@H](OCC(=O)N2CCN(C(=O)Cc3ccccc3)CC2)C1,0.8025,3.7968,-7.8,-9.1
COC(=O)c1cccc(NC(=O)CSc2nnc(-c3ccccc3)o2)c1,0.5163,2.9299,-7.9,-9.0
C[C@H]1CN(c2ccccc2)NC(=O)N1CCCc1ccccc1,0.9079,3.7739,-7.9,-9.0
COc1ccc2c(c1)CC[C@H](NC(=O)CCc1ccccc1OC)C2,0.8682,3.4357,-8.0,-8.9
C[C@@H](NC(=O)NCc1ccc(Cl)cc1)c1cccc(C#N)c1,0.892,3.3121,-8.2,-8.7
C[C@@H](Oc1ccccc1)C(=O)Nc1ccc(N2CCCC2=O)cc1,0.9085,3.229,-8.0,-8.9
C[C@H]1CN(c2ccccc2C[NH2+]Cc2ccccc2)C[C@@H]1C,0.8885,4.6819,-8.5,-8.4
CCOc1cc(C(=O)N2CCCCC2)ccc1OCC(=O)N1CCCCC1,0.7577,2.9523,-8.4,-8.5
CCCNS(=O)(=O)c1ccc(NC(=O)c2ccc(C)c(C)c2)cc1,0.833,2.7401,-8.2,-8.7
CNC(=O)c1ccccc1OCC(=O)NCc1ccc(Cl)cc1C,0.8347,2.8777,-8.1,-8.8
C[C@H]1CN(c2cccc(C[NH2+]Cc3ccccc3)c2)C[C@H](C)O1,0.9093,4.6081,-8.2,-8.7
COc1ccc(-c2nc(C)c(C(=O)N(C)[C@@H](C)c3ccccc3)s2)cc1,0.6308,3.4679,-8.2,-8.7
C[C@H]1CCC[C@@H](CNC(=O)NCCNC(=O)c2ccccc2)[C@@H]1C,0.6916,4.0475,-7.8,-9.1
C[C@@H](C(=O)NCC1(c2ccccc2)CC1)c1ccccc1,0.8792,3.3951,-8.3,-8.5
CN(Cc1cccs1)C(=O)c1ccc(NC(=O)COc2ccc(Cl)cc2)cc1,0.5997,2.9183,-8.0,-8.8
C[C@@H](Oc1ccccc1)C(=O)NCc1ccc(N2CCCC2)c(F)c1,0.8634,3.3063,-7.8,-9.0
CNC(=O)CCNC(=O)c1ccccc1NC(=O)c1ccccc1,0.7467,2.6662,-8.3,-8.5
CC[C@@H](C)NC(=O)CN(C)C(=O)Nc1ccccc1C(=O)Nc1ccccc1,0.6761,3.3721,-8.3,-8.5
Cc1ccc(C(=O)NCCNC(=O)c2ccccc2F)cc1,0.8224,2.5909,-8.3,-8.5
C[C@H]1CCC[C@H](OCC(=O)N2CCC(Cc3ccccc3)CC2)C1,0.8049999999999999,3.8227,-7.7,-9.1
C[C@@H](CC1CCCCC1)C(=O)N1CCN(c2ccc(F)cc2)CC1,0.8193,3.5383,-8.0,-8.8
COc1ccccc1C[C@@H](C)NC(=O)C(=O)Nc1ccc(C(C)=O)cc1,0.6068,3.3744,-8.0,-8.8
CCCc1cc(C(=O)N2CCC(C(=O)NCC3CCCCC3)CC2)no1,0.8343,3.3131,-8.1,-8.7
C[C@H]1CCCN(C(=O)Nc2ccc(C(=O)NC3CCCC3)cc2)[C@@H]1C,0.8609,3.7496,-8.2,-8.6
C[C@H]1CN(c2ccc(NC(=O)C=C3CCSCC3)cc2)CCO1,0.8525,4.1754,-8.6,-8.2
Cc1cc(O[C@@H](C)C(=O)Nc2ccc(F)c(Cl)c2)ccc1Br,0.7967,3.3383,-8.1,-8.7
C[C@@H]([NH2+]C[C@@H]1CCC[NH+](Cc2ccccc2)C1)c1ccccc1,0.8019,5.6603,-8.1,-8.7
Cc1ccc(/C=C/CC(=O)NCc2ccc(C#N)cc2)cc1,0.9046,3.0494,-7.9,-8.8
COc1ccc(CN(C)C(=O)NCc2ccc(N3CCCC3)[nH+]c2)cc1,0.8559,3.9334,-7.9,-8.8
COc1ccc(-c2nc(C(=O)N[C@@H](C)c3nc(C)no3)cs2)cc1,0.755,3.7027,-7.9,-8.8
CN(Cc1ccc(Cl)cc1)C(=O)CCCC(=O)Nc1cccc(Cl)c1,0.7441,2.831,-7.9,-8.8
CN(Cc1ccccc1)C(=O)CSc1nc(-c2ccccc2)n[nH]1,0.6910999999999999,3.1249,-7.9,-8.8
C[C@H]1CCC[C@@H](C(=O)Nc2ccccc2C(=O)NC2CC2)C1,0.8857,3.6045,-7.9,-8.8
C[C@H]1CN(c2ccc(C#N)cc2)CC[C@@H]1NC(=O)CCc1ccccc1,0.8902,3.7807,-8.0,-8.7
C[C@@H]1C[C@@H]1C(=O)Nc1cccc(OCc2ccccc2)c1,0.8934,3.3367,-8.1,-8.6
COc1ccccc1OCCN(C)C(=O)c1cc(C)nc2ccccc12,0.6701,2.9487,-8.1,-8.6
C[C@H]1CCC[C@@H](NC(=O)C(=O)Nc2ccc(C(=O)NCC(C)C)cc2)C1,0.6965,3.7572,-7.5,-9.2
C[C@@H]1CO[C@H](CO)CN1Cc1cccc(-c2cccnc2)c1,0.9308,4.0189,-8.1,-8.6
C[C@@H](O)C[C@@H](C)CNC(=O)NCc1ccccc1OCc1ccccc1,0.6342,3.752,-8.5,-8.2
C[C@H]1CN(c2ccccc2C#N)CC[NH+]1CC(=O)N1CCCCC1,0.8775,5.0015,-8.2,-8.5
CCCN1C(=O)CCc2cc(OCC(=O)NCc3ccccc3)ccc21,0.8230999999999999,2.9895,-7.7,-9.0
C[C@H]1CCC[C@](CNC(=O)C(=O)Nc2ccc(F)c(F)c2)C1,0.8336,4.0216,-8.1,-8.6
CN(C)/C=C/C(=O)N1CCC[C@H](c2nc(-c3ccccc3)no2)C1,0.798,3.8814,-7.8,-8.9
Cc1ccccc1NC(=O)C(=O)NC[C@@H](O)c1ccccc1,0.7429,3.1963,-7.8,-8.8
CN(C(=O)c1ccccc1Br)C1CCC(N2CCCCC2)CC1,0.7711,3.1567,-7.7,-8.9
C[C@H]1CCC[C@H](NC(=O)c2cccc(-n3cccn3)c2)C1,0.9301,3.7871,-8.2,-8.4
CN(C(=O)CCC(=O)N1CCCCC1)c1ccc(C(=O)NC2CC2)cc1,0.8395,3.0664,-8.0,-8.6
CCNC(=O)COc1ccc(C(=O)N2CCN(c3ccccc3OC)CC2)cc1,0.7654,2.8937,-7.9,-8.7
CCOC(=O)C1=C(C)NC(=O)N[C@@H]1c1ccccc1OCc1ccccc1,0.7579,3.5154,-7.6,-9.0
CN(Cc1ccccc1)C(=O)[C@H](C)Sc1nnc(Cc2ccccc2)n1C,0.5784,3.5231,-8.0,-8.6
C[C@@H]1OCC[C@@H]1C(=O)NC[C@@H](c1ccc(F)cc1)[NH+]1CCCC1,0.8424,5.647,-8.0,-8.5
COC(=O)c1cccc(NC(=O)NC[C@@H](O)c2ccccc2)c1,0.7292,3.2005,-8.1,-8.4
CCN(CC)c1cccc(C(=O)N2CCC[C@@H](c3nc(C)c(C)[nH]c3=O)C2)c1,0.8518,4.0087,-8.3,-8.2
Cc1cc([N+](=O)[O-])ccc1C(=O)N(C)Cc1cccc([N+](=O)[O-])c1,0.6086,3.0877,-8.1,-8.4
Cc1ccc(CNC(=O)C[C@@H]2C(=O)NCCN2C(=O)C(C)(C)C)cc1,0.8551,3.7079,-7.8,-8.7
C[C@H]1CCC[C@H](C)N1C(=O)NCCCNC(=O)C(=O)Nc1ccc(Cl)cc1,0.5194,3.9361,-8.2,-8.3
CNC(=O)c1ccc(NC(=O)N[C@H](C)c2ccccc2)cc1,0.8018,3.0582,-8.0,-8.5
C[C@@H](NC(=O)c1ccc(F)cc1)c1ccc(OC(F)F)cc1,0.8989,3.1838,-8.3,-8.2
C[C@@H](c1ccc(F)cc1)N(C)C(=O)CCc1ccc(F)cc1,0.8035,3.2533,-8.1,-8.4
Cc1cc(CCC(=O)N[C@@H](C)c2ccccc2)ccc1[N+](=O)[O-],0.6425,3.2916,-7.9,-8.6
Cc1cc(O[C@@H](C)C(=O)Nc2ccc([N+](=O)[O-])cn2)ccc1Cl,0.6575,3.5431,-7.9,-8.6
CN(C)c1ccc(CNC(=O)N2CCC[C@@H]2c2ccc(F)cc2)cc1,0.9042,3.418,-8.2,-8.3
C[C@@H]1CN(C(=O)CCc2ccccc2)c2ccccc2S1,0.8381,3.4991,-8.1,-8.4
C[C@H]1CCC[C@H](NC(=O)[C@@H](C)CC(=O)NCc2ccccc2)C1,0.8373,3.9363,-7.9,-8.6
CCCc1nn(C)c2nc(C(=O)NCc3ccccc3)nn12,0.761,3.6272,-8.3,-8.1
C[C@@H]1COCCN1C(=O)CN1CCN(C(=O)CCc2ccccc2)CC1,0.7774,3.5396,-7.6,-8.8
Cc1cc(O)c(C(=O)NCCc2ccccc2)c(C)c1,0.8861,2.8019,-8.0,-8.4
CN(C(=O)Cc1cccc(Cl)c1)[C@H]1CCC[C@H](S(C)(=O)=O)C1,0.8341999999999999,4.128,-7.7,-8.7
CN(CCc1ccccc1)C(=O)CCS(=O)(=O)Cc1ccccc1,0.7291,2.9558,-7.7,-8.7
COCC[C@@H](C)C(=O)Nc1cccc(C(=O)Nc2ccc(C)cc2)c1,0.7941,3.2471,-7.5,-8.9
CC1(C)CCC[C@@H]1NC(=O)C(=O)Nc1ccc(F)c(F)c1,0.8142,3.8293,-7.8,-8.5
C[C@@H]1C[C@@H](C)CN(C(=O)CCCNC(=O)c2ccc(Cl)cc2)C1,0.8281,3.6371,-7.7,-8.6
COc1ccc(CNC(=O)c2ccc(-n3cccc3)cc2)cc1OC,0.7403,2.8561,-7.8,-8.5
COc1ccc([C@@H](CNC(=O)c2ccc(C)o2)[NH+]2CCCC2)cc1,0.8388,4.7709,-8.0,-8.3
C[C@H]1CCC[C@H](C)C1NC(=O)c1ccc(-n2cccn2)cc1,0.9332,3.9664,-7.5,-8.8
COc1ccc2nc(NC(=O)CCOc3ccc(Cl)cc3)sc2c1,0.6970999999999999,2.8823,-7.9,-8.4
COC(=O)CC1=NC(=O)C2=C(C(=O)CCC2)[C@@H]1c1ccc(OC)cc1,0.7754,4.2494,-7.8,-8.5
CNC(=O)c1ccccc1NC(=O)CN1C(=O)N[C@@](C)(C(C)C)C1=O,0.6799999999999999,3.7506,-7.8,-8.5
C[C@@H](c1nc(C(=O)NCCC2=CCCCC2)cs1)N1CCCC1=O,0.7918999999999999,4.1725,-7.8,-8.5
C[C@H]1CCC[C@]2(CCN(C(=O)c3ccccc3)C2)C1,0.7404,4.2565,-7.8,-8.5
COc1ccccc1C(=O)NCCC(=O)NCCc1ccccc1,0.7711,2.6202,-7.9,-8.4
C[C@H]1CCCC[C@@H]1NC(=O)Nc1ccc(C(=O)NC2CC2)cc1,0.7878,3.5641,-8.1,-8.2
C[C@H]1CN(c2cccc(C(=O)NCCCn3cccn3)c2)C[C@@H](C)O1,0.8087,3.9796,-7.6,-8.7
CNC(=O)c1ccc(CNC(=O)N2CCOC[C@@H]2C2CC2)cc1,0.8709,3.6959,-8.1,-8.2
C[C@H]1CCC[C@H](N(C)C(=O)NCc2ccc(S(N)(=O)=O)cc2)C1,0.8691,3.9118,-8.1,-8.2
CC1=NC(=O)[C@@H]2C(=C1)NC(=O)C[C@H]2c1ccccc1C(F)(F)F,0.8542,4.7621,-7.6,-8.7
CC1(C)CCC[C@@H]1NC(=O)N1CCC[C@@H]1c1ccccc1,0.8613999999999999,4.0339,-7.9,-8.3
C[C@H]1CN(c2cccc(F)c2C(=O)NC2CCCC2)C[C@H](C)O1,0.9203,3.9995,-7.9,-8.3
CNC(=O)NCCC(=O)N1CCC(C(=O)Nc2ccc(OC)cc2)CC1,0.6977,2.9575,-7.9,-8.3
COCCCn1cc(C(=O)N2CCC(C(=O)NCc3ccccc3)CC2)cc1C,0.6867,3.2533,-7.4,-8.8
C[C@H]1CN(c2ccccc2)CCN1C(=O)CSc1ccccc1,0.7934,3.3535,-7.9,-8.3
CC1CCN(C(=O)c2ccn(-c3ccccc3)n2)CC1,0.8305,2.9475,-7.9,-8.3
CN(C(=O)CCC(=O)c1ccccc1)c1ccc([N+](=O)[O-])cc1,0.4557,2.9351,-7.9,-8.3
CN(C)c1cccc(C(=O)N2CCC(C(=O)NCCC(C)C)CC2)c1,0.8524,3.01,-7.7,-8.5
C[C@@H](CNC(=O)c1ccc(C(=O)N2CCCC2)cc1)n1cccn1,0.9049,3.5446,-7.7,-8.5
CC(=O)c1ccc(NC(=O)CNc2ccccc2C(C)C)cc1,0.781,2.7782,-7.7,-8.5
CC1CCC(NC(=O)C(=O)Nc2ccc(C(N)=O)cc2)CC1,0.7259,2.9557,-7.6,-8.6
COc1ccccc1NC(=O)CNC(=O)c1cccc(Br)c1,0.8486,2.6338,-7.7,-8.5
CNC(=O)NC(=O)CSc1nnc(COc2ccccc2C)s1,0.7623,3.2706,-7.8,-8.4
Cc1cc(NC(=O)Cc2ccccc2)ccc1NC(=O)CCC(C)C,0.7678,2.7376,-7.5,-8.7
CCCOC(=O)CCCNC(=O)c1ccc(-c2ccccc2)cc1,0.5828,2.6875,-7.8,-8.4
Cc1cc(N2CCN(C(=O)c3ccccc3)CC2)nc(C)[nH+]1,0.8334,3.7632,-7.6,-8.6
CC1=Nc2nc(NC(=O)c3cccc(Cl)c3)sc2C1,0.9071,3.6345,-7.6,-8.6
C[C@H]1CCC[C@@H](C)C1NC(=O)NCCc1ccccc1,0.8583,3.9529,-7.7,-8.5
Cc1cc(C(=O)NCCCC(=O)NCc2ccccc2)ccc1F,0.7579,2.7071,-8.2,-7.9
Cc1cc([N+](=O)[O-])ccc1NC(=O)CSc1ccccc1OC(F)(F)F,0.438,3.1886,-7.6,-8.5
COC(=O)c1cc(NC(=O)C(=O)N[C@@H]2CCCC[C@@H]2C)ccc1OC,0.632,3.755,-7.8,-8.3
COC(=O)Cc1ccccc1NC(=O)c1cccc(C#N)c1,0.8687,2.8547,-8.1,-8.0
COc1ccc2nc(C)c(C(=O)NCCCC(=O)NC(C)C)cc2c1,0.7474,3.0599,-7.7,-8.4
COCCCNC(=O)c1ccc(-c2ccccc2)cc1[N+](=O)[O-],0.4737,2.8476,-7.9,-8.1
Cc1ccccc1C(=O)N1CCCC[C@@H]1c1nc2ccccc2[nH]1,0.7578,3.4318,-8.3,-7.7
C[C@H]1CCCC[C@@H]1NC(=O)CCNC(=O)CCc1ccccc1,0.8025,3.5367,-7.8,-8.2
Cc1cc(NC(=O)C(=O)N2CCCC[C@@H]2C(=O)NC2CC2)ccc1N(C)C,0.7779,3.7649,-7.7,-8.3
C[C@@H]1OCC[C@@H]1C(=O)NCc1cccc(N2CCCC2=O)c1,0.9133,4.0967,-7.8,-8.2
C[C@@H](NC(=O)CCC[NH+]1CCCC1)c1cccc(-n2cccn2)c1,0.7998,4.8536,-7.9,-8.1
C[C@@H]1CO[C@@H](C(=O)NCCc2ccccc2)[C@@H](C)C1,0.8936,4.1609,-7.8,-8.2
C[C@@H](CC(=O)NCCc1ccccc1)c1ccccc1,0.8419,3.0106,-7.7,-8.3
COC(=O)[C@@H]1CC[C@H](CNc2ncnc3c2c(C)nn3C(C)(C)C)C1,0.8482,4.4318,-7.7,-8.3
CNC(=O)CCc1cccc(NC(=O)NC[C@@H]2CCCO2)c1,0.7377,3.4688,-7.6,-8.4
Cc1ccc(OCC(=O)N2CC[C@@H](C)C[C@@H]2C)cc1C,0.8365,3.7383,-7.4,-8.5
CC[C@@H]1CCc2c(sc(NC(=O)c3cccc(C)n3)c2C(=O)NC(C)C)C1,0.7934,3.8731,-7.9,-8.0
C[C@@H]1CN(C(=O)c2ccccc2)[C@@H]2CCCC[C@@H]21,0.7305,3.9393,-8.0,-7.9
CNC(=O)CCNC(=O)NCc1cccc(C(=O)NC2CC2)c1,0.5794,2.9441,-8.0,-7.9
CN(Cc1ccc(Cl)s1)C(=O)CN1CCN(c2cccc[nH+]2)CC1,0.8033,4.2295,-7.8,-8.1
C[C@@H]([NH2+][C@@H]1CCCC[C@H]1C(N)=O)c1ccccc1,0.8188,4.9882,-8.2,-7.7
CNC(=O)N1CC[C@@H](CNC(=O)N2CCC(C(=O)NC)CC2)C1,0.6615,3.7802,-7.7,-8.2
C[C@@H](c1ccccc1)[NH+](C)CC(=O)NCc1ccccc1,0.819,4.3422,-7.8,-8.0
CN(C(=O)c1cccc(N2CCCC2=O)c1)[C@@H]1CCS(=O)(=O)C1,0.8175,3.7509,-7.5,-8.3
Cc1cc(C(=O)N(C)Cc2ccc(C#N)cc2)ccc1[N+](=O)[O-],0.6312,3.0294,-8.0,-7.8
Cc1cc(N2CCCCC2)nc(SCC(=O)N2CCCC2)n1,0.62,3.1686,-7.8,-8.0
Cc1ccc(O[C@@H](C)C(=O)Nc2ccc(C#N)cc2)cc1,0.9245,3.1228,-7.7,-8.1
COc1ccc2nc(SCC(=O)N[C@H](C)c3ccccc3)sc2c1,0.6585,3.3796,-7.5,-8.3
CCN1C(=O)C(C(=O)C(=O)Nc2ccccc2)=C(C)N=C1C,0.6779999999999999,3.2272,-7.6,-8.2
COCCN1C(=O)c2ccccc2N[C@@H]1c1ccccc1OC,0.9121,3.5796,-7.6,-8.2
CC[C@@H](NC(=O)NCCc1nc(C)c(C)s1)c1ccccc1,0.8422,3.6073,-7.6,-8.2
C[C@H]1CN(c2ccccc2C(=O)N2CCCC2)C[C@@H](C)O1,0.8281999999999999,3.7192,-8.2,-7.6
Cc1cc(NC(=O)C(=O)NCCc2ccccc2)no1,0.8118,2.9268,-7.6,-8.2
CCOc1cc(OC)ccc1C(=O)N1CCN(c2ccccc2)CC1,0.8289,2.7625,-7.6,-8.2
Cc1ccc(/C=N/NC(=O)C2CCCCC2)cc1,0.6342,2.8476,-7.6,-8.2
COCCN1C(=O)NC(=O)C12CCN(C(=O)c1ccc(OC)cc1)CC2,0.7764,3.7781,-7.4,-8.3
CCN(CC)C(=O)CN1CCN(C(=O)Nc2ccccc2N2CCCC2)CC1,0.8038,3.13,-7.4,-8.3
CC[C@@H]1C(=O)NCCN1C(=O)c1ccccc1NC(C)=O,0.8609,3.5641,-7.4,-8.3
C[C@@H]([NH2+][C@@H](C)c1ccc(F)cc1)c1ccc(F)cc1,0.8599,4.4437,-7.7,-8.0
Cc1cc(OCC(=O)Nc2ccccc2OCC(F)F)ccc1[N+](=O)[O-],0.5597,3.1541,-7.5,-8.2
CCC[C@@]1(C)NC(=O)N(CCC(=O)Nc2ccc(F)cc2)C1=O,0.779,3.5808,-7.5,-8.2
CN(CCCNC(=O)C1CCCC1)c1nc2ccccc2[nH]1,0.7964,3.2599,-7.3,-8.4
Cc1cc(OCC(=O)Nc2cccc(C#N)c2)ccc1F,0.9283,2.8275,-7.7,-8.0
CNC(=O)NC(=O)CN(c1ccc(Cl)c(C(F)(F)F)c1)S(C)(=O)=O,0.8095,3.4039,-7.8,-7.9
CCOC(=O)c1ccc(NC(=O)NCc2ccccc2Cl)cc1,0.8074,2.6553,-7.5,-8.2
COc1ccccc1C(=O)NC(=S)Nc1ccc(C)cc1,0.8452,2.641,-7.6,-8.1
Cc1cc([N+](=O)[O-])ccc1NC(=O)C(=O)NC[C@@H](C)C[NH+]1CCCCC1,0.3822,4.8409,-7.7,-8.0
CC[C@@H](C(=O)Nc1ccc(Cl)c(C(F)(F)F)c1)c1nc(C)cs1,0.796,3.8703,-7.5,-8.2
COC(=O)[C@H]1CCCC[C@H]1NC(=O)c1ccc(C)cc1,0.8521,3.5628,-7.8,-7.9
CCN1C[C@@H](C(=O)Nc2ccc(C)cc2C)CC1=O,0.8946,3.3491,-7.9,-7.8
CC1=NN(c2ccccc2)C(=S)N1CC(=O)Nc1ccc(F)cc1,0.7286,3.1849,-7.5,-8.2
CC(=O)Nc1ccc(NC(=O)C(=O)NC2CCC([NH+](C)C)CC2)cc1,0.5747,3.9285,-7.5,-8.2
C[C@H]1CCC[C@@H](C)N1C(=O)COC(=O)c1ccccc1Cl,0.795,3.7039,-7.7,-7.9
COc1ccc(CNC(=O)CCC(=O)Nc2ccccc2)cc1,0.8158,2.5286,-7.3,-8.3
C[C@H]1CCCCN1C(=O)CN1CCN(C(=O)c2ccncc2)CC1,0.8267,3.5077,-7.2,-8.4
CNC(=O)c1ccc(OCC(=O)N2CCC(C)CC2)cc1,0.9076,2.803,-7.3,-8.3
C[C@@H]1OCC[C@H]1C(=O)NCCCn1nnc2ccccc21,0.8335,4.1629,-7.9,-7.7
CCOc1cc(C(=O)NCCc2ccccc2)ccc1OC(C)C,0.791,2.7176,-7.4,-8.2
CCC1(CC)CC[NH+](CCC(=O)NCc2ccc(F)cc2)CC1,0.7837999999999999,4.3971,-7.5,-8.1
CN(CC1CC1)C(=O)CCN1C(=O)/C(=C/c2ccccc2)SC1=O,0.7346,3.2394,-7.4,-8.2
CC(C)C[C@@H](C)NC(=O)N1CCN(c2ccccc2F)CC1,0.9176,3.4271,-7.5,-8.1
CC(C)c1nnc(NC(=O)c2cccc(C#N)c2)s1,0.9214,3.134,-7.5,-8.1
CCOC(=O)C1(C)CC[NH+](Cc2ccc(C(=O)NC)cc2)CC1,0.7792,4.4366,-7.8,-7.8
CN(CC(=O)Nc1ccc(OCC#N)cc1)C(=O)c1ccccc1Cl,0.8512,2.9721,-7.6,-8.0
CCOC(=O)c1ccc(CNC(=O)N2CCC[C@H](C)C2)cc1,0.8602,3.2671,-7.5,-8.1
CC(C)CCNC(=O)C1CCN(C(=O)c2cccc(Cl)c2)CC1,0.886,2.8556,-7.3,-8.2
COc1ccc(NC(=O)CNC(=O)c2ccccc2)cc1OC,0.8456,2.5395,-7.4,-8.1
CNC(=O)CN1C(=O)C(=Cc2ccccc2OC)C(C)=NC1=O,0.837,3.5305,-8.2,-7.3
CNC(=O)c1ccc(NC(=O)N(C)CC(=O)N2CCCC2)cc1,0.863,2.9576,-7.3,-8.2
COc1ccccc1OCC(=O)Nc1cccc(S(=O)(=O)N(C)C)c1,0.8018,2.785,-7.6,-7.9
CCOc1ccc(C(=O)Nc2ccc(C(=O)NC)cc2)cc1OC,0.8446,2.6359,-7.4,-8.1
COCCCNC(=O)c1ccc(NC(=O)c2ccc(Cl)cc2)cc1,0.7453,2.6008,-7.6,-7.9
Cc1cccc2sc(N(CC[NH+](C)C)C(=O)c3cccc(Cl)c3)nc12,0.7349,3.9716,-7.6,-7.9
CCN(Cc1ccccc1)C(=O)c1ccnc(OCC(F)F)c1,0.7752,3.2254,-7.6,-7.9
CN(C(=O)Cn1cnc2sccc2c1=O)C1CCC(C)(C)CC1,0.8577,3.6635,-7.4,-8.1
CC(C)n1nnnc1SCC(=O)Nc1cccc(-n2cccn2)c1,0.6799,3.3596,-7.4,-8.0
Cc1cc(OCC(=O)Nc2ccc(C)c([N+](=O)[O-])c2)c(C)s1,0.6639,3.2179,-7.5,-7.9
C[C@H]1CCCN(S(=O)(=O)CC(=O)NCCc2ccccc2)[C@H]1C,0.8499,3.9653,-7.0,-8.4
CC[C@@H]1C(=O)NCC[NH+]1Cc1cccc(C(=O)NC)c1,0.6735,5.2602,-7.5,-7.9
COc1ccc(CC(=O)Nc2cccc(Cl)c2C(=O)[O-])cc1,0.9027999999999999,3.1509,-7.4,-8.0
CCOc1cc(C(=O)NCc2ccc(Cl)cc2)cc(OC)c1OC,0.8179,2.7575,-7.4,-8.0
Cc1ccc(OCCC(=O)NCCCN2CCCC2=O)cc1C,0.7377,3.0366,-7.2,-8.1
COc1ccc2c(c1)OCC[C@H]2[NH2+][C@H]1CCCC[C@@H]1CCO,0.8649,5.2346,-7.8,-7.5
Cc1cc(N2CCC[C@@H](C(=O)NCC(=O)N(C)C)C2)c(C)s1,0.9089,3.9745,-7.5,-7.8
Cc1ccc(CC(=O)NCCc2nc(C)c(C)s2)cc1,0.9087999999999999,2.9982,-7.4,-7.9
Cc1cc(O)ccc1NC(=O)c1ccc(C#N)cc1,0.797,2.7261,-7.6,-7.7
CC1CC[NH+](CCNC(=O)C(=O)Nc2ccc(C#N)cc2)CC1,0.6698,4.4005,-7.3,-8.0
CC1(C)CCC[C@@H]1NC(=O)c1ccc(C(N)=O)cc1,0.8631,3.5812,-7.6,-7.7
C[C@@H]1OCC[C@@H]1C(=O)Nc1cccc(N2CCCC2)c1,0.911,3.931,-7.3,-8.0
COc1ccccc1C[C@H](C)N(C)C(=O)Cn1ccc(C(=O)N(C)C)n1,0.7453,3.8666,-7.4,-7.9
C[C@@H](CNC(=O)C(=O)Nc1cccc(N2CCCC2)c1)N(C)C,0.7932,3.554,-7.3,-7.9
CNC(=O)c1ccc(NC(=O)Cc2ccccc2)cc1,0.883,2.4474,-7.3,-7.9
COC(=O)C(C)(C)[C@H]1CCCN(C(=O)N[C@H]2CCCC[C@H]2OC)C1,0.7888,4.5523,-7.5,-7.7
CCN(C(=O)Cc1ccccc1)c1ccc(C)cc1,0.8051,2.6438,-7.4,-7.8
CCCOc1ccc(NC(=O)N2CCN(C(=O)C(C)C)CC2)cc1,0.8911,2.8877,-7.1,-8.1
CN(Cc1ccccc1)C(=O)CSc1ccc(Cl)cc1Cl,0.7227,2.8693,-7.2,-7.9
COCCOc1ccc(NC(=O)NC[C@H](C)c2ccccc2)cc1,0.7175,3.2287,-7.2,-7.9
CNC(=O)N1CCN(Cc2ccc(C(=O)N(C)C)cc2)CC1,0.8904,2.9212,-7.7,-7.4
C[C@H]1CCC[C@](C#N)([C@@H](O)c2ccccc2F)C1,0.8577,4.7638,-7.6,-7.5
COCCn1cc(C(=O)N2CCC[C@H](COC)C2)n(-c2ccccc2)c1=O,0.7322,3.9774,-7.1,-8.0
C[C@H]1CCC[C@@H](C)N1C(=O)CCNC(=O)Cc1cccs1,0.8986999999999999,3.9676,-7.5,-7.6
C[C@@H]1OCC[C@@H]1C(=O)NCc1ccc(N2CCCC2)[nH+]c1,0.8946,5.2192,-7.2,-7.8
C[C@@H]1C[C@@H](NC(=O)c2ccccc2OC(F)F)C[C@@H](C)O1,0.9195,3.9684,-7.5,-7.5
Cc1ccc(NC(=O)CSc2nnc(C)n2C)cc1,0.8593999999999999,2.8398,-7.1,-7.9
COc1cccc(C(=O)Nc2ccc(OC)cc2F)c1,0.9223,2.5324,-7.4,-7.6
CNC(=O)CNC(=O)C1CCN(C(=O)N2CCCCC2)CC1,0.7693,3.078,-7.4,-7.6
CNC(=O)CN1CCN(C(=O)Cc2ccccc2)CC1,0.839,2.7274,-7.2,-7.8
CN(C(=O)COc1ccccc1)C1CCC(C[NH3+])CC1,0.8723,3.5562,-7.3,-7.7
CC1=N/C(=C/c2ccc(-c3ccccc3)o2)S1,0.7678,3.5443,-7.4,-7.6
COCC[C@]1(C)CCN(C(=O)Nc2cccc(C(C)=O)c2)C1,0.84,3.8386,-6.9,-8.1
COC(=O)C1(N(C)C(=O)c2ccc(Cl)c(Cl)c2)CCSCC1,0.7625,3.7555,-6.9,-8.0
CCC(CC)C(=O)N1CCC[C@@H](c2nc(C)c(C)o2)C1,0.8373,3.9893,-7.2,-7.7
CNC(=O)c1ccc(NC(=O)c2ccc(C)o2)cc1,0.8761,2.7382,-7.3,-7.6
CCCOc1ccc(C(=O)NCc2cccc(Cl)c2)cc1,0.8637,2.5511,-7.3,-7.6
COCC[C@@H](C)C(=O)N1CCC[C@H](C(=O)NCCC2CCCCC2)C1,0.7205,4.0079,-7.1,-7.8
COc1ccc2nc(C[NH+]3CCC(C)CC3)c(=O)oc2c1,0.9061,4.5869,-7.1,-7.8
COc1cccc([C@@H](CO)NC(=O)N2CCC[C@@H]2CO)c1,0.7432,3.8858,-7.1,-7.7
C[C@@H]1OCC[C@@H]1C(=O)NCc1ccc(N2CCCC2)cc1,0.9143,3.9103,-7.1,-7.7
COC(=O)CN1CCN(C(=O)C[NH+](C)Cc2ccccc2C)CC1,0.6912,4.3908,-7.4,-7.4
Cc1cc(C(=O)N2CCCC[C@@H]2C(=O)NC2CC2)c(C)s1,0.9231,3.6631,-7.1,-7.6
CC(C)CCN1CCN(C(=O)c2ccc(F)cc2Cl)CC1,0.8416,2.8843,-7.2,-7.5
CNC(=O)N1CCC(C(=O)NCCC[NH+]2CCCCC2)CC1,0.5957,4.485,-7.3,-7.4
Cc1cc(N2CCC(C(=O)NCC(C)C)CC2)no1,0.894,3.1961,-7.1,-7.6
COC(=O)[C@@H](C)CN(C)C(=O)Nc1ccc(C)c(C(=O)[O-])c1,0.7945,4.0295,-7.1,-7.6
C[C@@H](NC(=O)c1cccc(C#N)c1)c1ccc(Cl)s1,0.9254,3.5192,-7.3,-7.4
C[C@H]1CCCN(C(=O)Cn2ccc(=O)n(CC(C)C)c2=O)C1,0.8209,3.831,-6.9,-7.7
C[C@H]1CCC[C@H](Nc2ccc([N+](=O)[O-])c(C#N)c2N)C1,0.49039999999999995,4.3889,-7.2,-7.4
Cc1cc(NC(=O)CCCCC(F)(F)F)ccc1[N+](=O)[O-],0.4809,3.0944,-7.3,-7.3
C[C@@H]1CC[C@@H](C)[NH+](CC(=O)N[C@@H]2CCCC[C@@H]2O)C1,0.671,5.8485,-7.1,-7.5
COCCn1ccc(C(=O)NCCc2ccc(F)cc2)c1C,0.8441,3.1453,-7.0,-7.6
CNC(=O)CCCNC(=O)C(=O)Nc1cccc(C#N)c1,0.5183,3.0646,-7.0,-7.6
CCCCOc1ccccc1CNC(=O)c1ccc(Cl)s1,0.7512,2.9057,-7.2,-7.3
COCCCNC(=O)N1CCC(C(=O)NCc2ccccc2)CC1,0.7371,2.8567,-7.0,-7.5
CCOc1ccc(NC(=O)c2ccc(OC)c(OC)c2)cc1,0.8785999999999999,2.4824,-7.1,-7.4
CN(C)/C=N/NC(=O)c1ccc(C(=O)N(C)C)cc1,0.4814,3.1584,-6.9,-7.6
CC(=O)Nc1cccc(NC(=O)C(=O)NCCCCn2cccn2)c1,0.5115,3.1331,-7.0,-7.5
C[C@H]1CN(C(=O)c2ccc(Cl)cc2)C[C@@H](C)O1,0.76,3.5212,-7.4,-7.0
C[C@H]1CCC[C@@H]([C@H]([NH3+])c2ccccc2)C1,0.757,4.5751,-7.2,-7.2
COC(=O)C1CCN(C(=O)c2ccc(Cl)cc2F)CC1,0.7784,2.8818,-7.0,-7.4
Cc1cc(CC(=O)Nc2ccc(F)cc2)c(C)s1,0.8888,2.9503,-7.2,-7.2
COCCOc1ccccc1C(=O)NCCc1nc(C)c(C)s1,0.7442,3.1174,-7.1,-7.3
C[C@@H](c1nnc(C2CC2)n1C)N(C)C(=O)C[n+]1ccccc1,0.7696999999999999,4.423,-6.6,-7.8
CN(CC(F)(F)F)C(=O)CSc1ccccc1OCC(F)(F)F,0.5611,3.4937,-7.3,-7.1
C[C@@H]1C[C@@H]([NH3+])CN(C(=O)C2CCCCC2)C1,0.7021,4.62,-7.2,-7.1
CCN(CC)C(=O)c1ccc(NC(=O)NCCCn2cccn2)cc1,0.7131,3.1003,-6.8,-7.5
Cc1ccccc1NC(=O)C(=O)NCCC(F)(F)F,0.8182,2.9599,-7.0,-7.3
Cc1cc(NC(=O)Cn2nc(C)c(C#N)c2C)c(C)s1,0.9336,3.7082,-6.6,-7.6
C[C@@H]([NH2+]CCCc1ccccc1)c1ccc(F)cc1,0.7568,4.0926,-7.2,-7.0
C[C@@H](Cn1cncn1)NC(=O)NCc1ccc(F)cc1,0.8551,3.5663,-6.9,-7.3
C[C@@H]1CCC[C@@H](C)C1NC(=O)NCCCN1CCOCC1,0.7513,4.0821,-6.9,-7.3
CN(CC(C)(C)O)C(=O)CCc1cccc(OC(F)F)c1,0.8314,3.3886,-6.9,-7.3
COC(=O)[C@H](C)CN(C)C(=O)c1cn2ccccc2n1,0.7769,3.8693,-6.9,-7.3
CCCN(CC(=O)NC(C)C)C(=O)c1ccc(Br)cc1C,0.8424,3.0833,-6.7,-7.4
CCCNC(=O)CN(C)C(=O)NCc1cccc(OC)c1,0.7873,2.8983,-7.0,-7.1
CCN(C[C@@H]1CCOC1)C(=O)c1ccc(N(C)C)cc1,0.8167,3.5825,-6.9,-7.1
COCCN(Cc1ccc(Cl)cc1)C(=O)CCCn1cccn1,0.6974,3.1511,-6.6,-7.4
COc1ccccc1NC(=O)CN1C(=O)C[NH+](C)C1=O,0.6903,4.4041,-6.7,-7.3
C[C@H]1CCC[C@](C[NH3+])([C@@H](O)c2ccccc2)C1,0.8169,4.8881,-6.9,-7.1
CNC(=O)CC1CCC([NH2+]CCCC(=O)NC2CC2)CC1,0.5538,4.3798,-6.9,-7.1
CCN(C(=O)c1ccccc1)c1ccccc1C,0.79,2.6326,-6.9,-7.0
CC(C)[C@@H](C#N)NC(=O)c1cccc(F)c1,0.8376,3.5819,-7.0,-6.9
C[C@@H]1C[C@@H](C)C[NH+](CCCCNC(=O)CC2(CS)CCCC2)C1,0.4496,5.6451,-6.8,-7.1
CCN1C(=O)N(C(C)C)CC(=O)N1c1ccccc1,0.826,3.6979,-6.6,-7.3
CC[C@@H](C)C(=O)NCc1cccc([N+](=O)[O-])c1,0.6192,3.2973,-6.8,-7.0
CCOc1ccc(/C=C(/C#N)C(=O)NCCC(N)=O)cc1,0.5657,3.1128,-6.9,-6.9
CNC(=O)CN(C)C(=O)N[C@@H](C)c1ccc(OC)cc1,0.8389,3.3882,-6.6,-7.2
CCCN(CC(=O)NC(C)C)C(=O)c1ccc(C#N)cc1,0.8586,3.0257,-6.9,-6.9
C[C@H]1CCCN(C(=O)CCC2CCCC2)C1,0.7091,3.3904,-6.4,-7.3
C[C@@H](O)CCNC(=O)C(=O)Nc1ccccc1N(C)C,0.6786,3.5732,-6.8,-6.9
CNC(=O)CN(C)C(=O)CCc1ccc(F)cc1,0.8383,2.8453,-6.6,-7.1
CC[C@@H](C)NC(=O)c1cc(C)cc(C)c1OC,0.8611,3.3159,-6.8,-6.8
COC(=O)[C@H](C)CN(C)C(=O)Cc1ccc(Cl)cc1,0.7681,3.4109,-6.6,-7.0
C[C@H]1CN(c2cccc(N)c2)CC[C@@H]1[NH3+],0.6554,4.709,-7.0,-6.6
CNC(=O)N1CCOC[C@@H]1c1ccc(F)cc1,0.7958999999999999,3.6736,-6.6,-7.0
CNC(=O)N1CCC(C(=O)N[C@@H](C)CCC(C)C)CC1,0.8002,3.5843,-6.6,-7.0
COC(=O)[C@@H](C)CN(C)C(=O)Cc1ccc(Cl)cc1,0.7681,3.4109,-6.7,-6.8
Cc1ccccc1OC1(C[NH2+]C2CC2)CCC1,0.8155,4.4568,-6.8,-6.7
C[C@@H]1OCC[C@@H]1[C@H]([NH3+])c1cccc(F)c1,0.7794,5.1432,-6.8,-6.7
COc1ccccc1CCNC(=O)N(CCC#N)C1CC1,0.8267,3.1889,-6.7,-6.8
C[C@H]1CN(C(=O)Cn2c(=O)c(O)cs2)C[C@H](C)O1,0.8275,4.8263,-6.6,-6.8
COC(=O)C[C@@H](C)NC(=O)Cc1ccccc1Br,0.8366,3.4194,-6.6,-6.8
CC[C@@H](C)CN(C)C(=O)NCC1(CC)CCCC1,0.7608,4.1006,-6.3,-7.1
C[C@@H](CCCO)NC(=O)c1ccc(Cl)cc1,0.8207,3.1215,-6.8,-6.6
COC(=O)CCCNC(=O)N[C@H]1CCCC[C@H]1C,0.5720999999999999,3.7139,-6.6,-6.6
COC(=O)[C@H](C)CNC(=O)Cc1ccccc1,0.769,3.1672,-6.4,-6.7
C[C@@H]([NH2+]C(C)(C)CO)C(=O)Nc1ccc(C#N)cc1,0.6988,4.5297,-6.5,-6.6
COCCNC(=O)CNC(=O)c1cccc(OC)c1,0.6806,2.6686,-6.4,-6.6
CNC(=O)CC(=O)N[C@H](C)COc1ccccc1,0.7205,3.3888,-6.4,-6.6
CN(C)C(=S)Nc1ccc(C(=O)NC2CC2)cc1,0.8068,2.9147,-6.3,-6.6
C[C@@H](C(=O)NCCc1ncc[nH]1)N1CC[NH+](C)CC1,0.5844,5.0959,-6.2,-6.6
CC[C@@H](CSC)N(C)C(=O)c1ccc(Cl)cc1,0.8063,3.7181,-6.5,-6.2
C[C@@H]1CN(CCC(=O)NCc2ccco2)CCO1,0.8394,3.5999,-6.3,-6.3
COCCOC(=O)C(=O)Nc1ccc(OC)c(OC)c1,0.4629,2.874,-6.3,-6.3
CNC(=O)N1CCN(C(=O)C(C)(C)CO)CC1,0.6758,3.3982,-6.5,-5.9
COCCCC(=O)Nc1cccc(C#N)c1,0.7579,2.7648,-6.2,-5.9
COCC[C@](C)(O)C[NH2+][C@H]1CCC[C@H](C)C1,0.7025,5.718,-6.1,-5.9
C[C@@H]1C[C@@H]1C(=O)NCC(C)C,0.6456999999999999,3.7006,-5.1,-5.2
