Tue Aug 25 15:22:14 2026,8,0.21704777760455252,348.6669957637787,82.6003044449666,0.8470807279258663,0.8470807279258663,
Tue Aug 25 15:32:12 2026,11,0.21710736934300923,946.4686324596405,41.839738414879406,0.8693920292149425,0.8693920292149425,
Tue Aug 25 15:34:38 2026,13,0.21717836414436803,1092.2176446914673,42.84860277387315,0.8715158000490831,0.8715158000490831,
Tue Aug 25 15:37:20 2026,17,0.21761807275827494,1254.0435538291931,48.80213275936646,0.8734742478973465,0.8734742478973465,
Tue Aug 25 15:41:44 2026,18,0.21761807275827494,1518.2777650356293,42.67993742138438,0.8773430041577529,0.8773430041577529,
Tue Aug 25 15:46:30 2026,18,0.21761807275827494,1804.644203901291,35.90735495668064,0.8773430041577529,0.8773430041577529,
Tue Aug 25 15:51:53 2026,20,0.21763697265737522,2127.088740825653,33.849081431389834,0.8802464666997564,0.8802464666997564,
Tue Aug 25 15:53:17 2026,24,0.21786538669098382,2211.4822063446045,39.06881988565126,0.8778648377797014,0.8778648377797014,
Tue Aug 25 15:55:58 2026,27,0.21819090634232063,2372.168448448181,40.97516770513748,0.876063556928882,0.876063556928882,
Tue Aug 25 15:59:21 2026,29,0.21827342647337866,2574.9683532714844,40.54418760811578,0.8797603661168446,0.8797603661168446,
Tue Aug 25 16:02:02 2026,32,0.21885529456041478,2736.6799762248993,42.09480136545308,0.8805176639658788,0.8805176639658788,
Tue Aug 25 16:06:04 2026,34,0.21885594734947822,2977.8519439697266,41.10345386642377,0.882738095968065,0.882738095968065,
Tue Aug 25 16:23:39 2026,35,0.21886258386862636,4033.4207928180695,31.238992029881004,0.8823994228608552,0.8823994228608552,
Tue Aug 25 16:33:20 2026,37,0.2188707010383839,4613.9491312503815,28.868978874915072,0.8811669310651185,0.8811669310651185,
Tue Aug 25 16:41:19 2026,38,0.2188707044711916,5092.834413528442,26.861269951484946,0.8812812034009647,0.8812812034009647,
Tue Aug 25 16:43:19 2026,40,0.21887711833248868,5213.191138267517,27.62223677988048,0.8829729379509225,0.8829729379509225,
Tue Aug 25 16:45:15 2026,41,0.2188780033673791,5329.520017623901,27.694801691692604,0.8842291148745302,0.8842291148745302,
Tue Aug 25 16:47:13 2026,44,0.2188788013315946,5447.140001535416,29.079480232810415,0.8857806128700227,0.8857806128700227,
Tue Aug 25 16:48:51 2026,44,0.2188788013315946,5545.2987844944,28.564736753754982,0.8857806128700227,0.8857806128700227,
Tue Aug 25 16:50:13 2026,45,0.21887957310510617,5627.407198190689,28.787680417384024,0.8841005171777485,0.8841005171777485,
Tue Aug 25 16:52:23 2026,46,0.21888004088817592,5757.041460037231,28.76477460680456,0.8841285991490442,0.8841285991490442,
Tue Aug 25 16:54:03 2026,47,0.2188811651692903,5857.410190582275,28.88648643252695,0.8838160144175089,0.8838160144175089,
Tue Aug 25 16:55:55 2026,49,0.21890867044556808,5969.206188201904,29.551668084217532,0.8834246062086019,0.8834246062086019,
Tue Aug 25 16:57:53 2026,50,0.21890902847753627,6087.105525493622,29.570704704581782,0.8837051302170733,0.8837051302170733,
Tue Aug 25 17:00:36 2026,51,0.21891007525470949,6250.140782594681,29.3753383141844,0.88371728106348,0.88371728106348,
Tue Aug 25 17:02:34 2026,52,0.2189101370668702,6368.427010536194,29.395013822139823,0.8831191525095613,0.8831191525095613,
Tue Aug 25 17:04:34 2026,54,0.21891017033901292,6488.183126449585,29.962162937034442,0.8835159218432039,0.8835159218432039,
Tue Aug 25 17:06:33 2026,54,0.21891017033901292,6607.082817316055,29.42297007243654,0.8835159218432039,0.8835159218432039,
Tue Aug 25 17:08:53 2026,55,0.2189107999955867,6746.962766647339,29.346538116200247,0.8828599868690009,0.8828599868690009,
Tue Aug 25 17:10:28 2026,55,0.2189107999955867,6842.793651819229,28.9355503139218,0.8828599868690009,0.8828599868690009,
Tue Aug 25 17:12:30 2026,56,0.21901091696882735,6963.849047660828,28.949507466379945,0.8830575376105211,0.8830575376105211,
Tue Aug 25 17:14:33 2026,57,0.21966422258424823,7087.7314467430115,28.951435525155865,0.8825738930588785,0.8825738930588785,
Tue Aug 25 17:16:34 2026,57,0.21966422258424823,7207.81499838829,28.469099171646878,0.8825738930588785,0.8825738930588785,
Tue Aug 25 17:18:29 2026,57,0.21966422258424823,7323.783213376999,28.018306116052038,0.8825738930588785,0.8825738930588785,
Tue Aug 25 17:20:57 2026,60,0.21966677763891607,7471.068903684616,28.9115256176358,0.8824180900259758,0.8824180900259758,
Tue Aug 25 17:22:56 2026,62,0.2196669606134588,7590.5236032009125,29.405086087325635,0.882238275680395,0.882238275680395,
Tue Aug 25 17:24:32 2026,63,0.21971628417112016,7686.242928981781,29.507264094506684,0.8818313601580718,0.8818313601580718,
Tue Aug 25 17:26:54 2026,66,0.22011544394052657,7828.793799877167,30.349502883027515,0.8821935840888327,0.8821935840888327,
Tue Aug 25 17:33:57 2026,66,0.22011544394052657,8251.056748867035,28.79631145824142,0.8821935840888327,0.8821935840888327,
Tue Aug 25 17:39:05 2026,66,0.22011544394052657,8559.46513581276,27.758743826863995,0.8821935840888327,0.8821935840888327,
Tue Aug 25 17:49:55 2026,68,0.2204068448487638,9209.660472393036,26.580784463641713,0.8826734460335924,0.8826734460335924,
Tue Aug 25 17:53:59 2026,71,0.2204122994335606,9452.987701416016,27.03907040540339,0.8826198943893092,0.8826198943893092,
Tue Aug 25 18:01:18 2026,72,0.2204122994335606,9892.144408464432,26.202609797953393,0.8824752623258011,0.8824752623258011,
Tue Aug 25 18:29:19 2026,73,0.22041267414537202,11573.666553497314,22.706719498548836,0.8825354805235299,0.8825354805235299,
Tue Aug 25 18:36:00 2026,75,0.22041268827826127,11974.164563417435,22.548545960766536,0.8821925517548531,0.8821925517548531,
Tue Aug 25 18:47:09 2026,77,0.22041269525854526,12642.926994085312,21.925302592483632,0.8822417076974017,0.8822417076974017,
Tue Aug 25 19:02:34 2026,78,0.2204130249589497,13567.975664615631,20.69579183667815,0.8816284778335541,0.8816284778335541,
Tue Aug 25 19:13:00 2026,79,0.2204130249589497,14194.086035490036,20.036513748676978,0.8814506526823431,0.8814506526823431,
Tue Aug 25 19:36:50 2026,81,0.22041387688564534,15624.364529132843,18.6631590332067,0.8812919132356679,0.8812919132356679,
Tue Aug 25 19:42:56 2026,83,0.2204505836172228,15990.438936948776,18.68616622584193,0.880886688436407,0.880886688436407,
Tue Aug 25 19:59:56 2026,87,0.22051614921636042,17010.064146757126,18.41262897645861,0.8814099720932046,0.8814099720932046,
Tue Aug 25 20:06:41 2026,87,0.22051614921636042,17415.155180215836,17.98433587062176,0.8814099720932046,0.8814099720932046,
Tue Aug 25 20:11:58 2026,88,0.2205161525617028,17731.98231959343,17.866022776818546,0.8813144749501858,0.8813144749501858,
Tue Aug 25 20:15:39 2026,91,0.22388304704586356,17953.396537065506,18.247243596700862,0.8801269557307757,0.8801269557307757,
Tue Aug 25 20:24:30 2026,91,0.22388304704586356,18484.44870519638,17.723006253786977,0.8801269557307757,0.8801269557307757,
Tue Aug 25 20:30:59 2026,92,0.22388304704586356,18873.408626556396,17.548499402168144,0.8798880730168976,0.8798880730168976,
Tue Aug 25 20:39:43 2026,92,0.22388304704586356,19396.860589504242,17.074928103531057,0.8798880730168976,0.8798880730168976,
Tue Aug 25 20:46:50 2026,93,0.22388939583946105,19824.16150021553,16.88848226929346,0.8805404457541234,0.8805404457541234,
Tue Aug 25 20:58:33 2026,93,0.22388939583946105,20526.97037935257,16.310249092421586,0.8805404457541234,0.8805404457541234,
Tue Aug 25 21:04:56 2026,93,0.22388939583946105,20910.600239753723,16.01101815162161,0.8805404457541234,0.8805404457541234,
Tue Aug 25 21:12:22 2026,94,0.22388939583946105,21356.24009370804,15.845485839977009,0.8805029242055943,0.8805029242055943,
Tue Aug 25 21:21:13 2026,98,0.22462338419101968,21887.21612048149,16.118998325687425,0.8802690062080744,0.8802690062080744,
Tue Aug 25 21:27:57 2026,98,0.22462338419101968,22291.777517795563,15.826463354856253,0.8802690062080744,0.8802690062080744,
Tue Aug 25 21:49:44 2026,102,0.22466220311410884,23598.760102510452,15.560139532963726,0.8796676319475377,0.8796676319475377,
Tue Aug 25 21:54:17 2026,102,0.22466220311410884,23871.37278532982,15.382441692907717,0.8796676319475377,0.8796676319475377,
Tue Aug 25 22:09:16 2026,104,0.22467187406367997,24770.345559597015,15.11484767538669,0.8797210036813703,0.8797210036813703,
Tue Aug 25 22:10:54 2026,104,0.22467187406367997,24868.23478412628,15.055350862256795,0.8797210036813703,0.8797210036813703,
Tue Aug 25 22:12:47 2026,107,0.22467192460186391,24981.011718273163,15.419711753236683,0.8791393094267019,0.8791393094267019,
Tue Aug 25 22:14:30 2026,110,0.22472983204370786,25084.551439523697,15.786608780097813,0.87934200545383,0.87934200545383,
Tue Aug 25 22:16:47 2026,110,0.22472983204370786,25221.70878815651,15.70076013985031,0.87934200545383,0.87934200545383,
Tue Aug 25 22:18:23 2026,110,0.22472983204370786,25317.31413125992,15.641469626157892,0.87934200545383,0.87934200545383,
Tue Aug 25 22:19:50 2026,111,0.22472983204370786,25404.57493495941,15.729450345973225,0.8793148513038072,0.8793148513038072,
Tue Aug 25 22:21:15 2026,112,0.2247298328827522,25488.764763355255,15.818734400957457,0.8794349101703932,0.8794349101703932,
Tue Aug 25 22:23:25 2026,113,0.22473032781421254,25619.08115053177,15.878789625972052,0.8794206821000694,0.8794206821000694,
Tue Aug 25 22:25:52 2026,113,0.22473032781421254,25765.80583691597,15.788367054181442,0.8794206821000694,0.8794206821000694,
Tue Aug 25 22:27:54 2026,113,0.22473032781421254,25888.421544075012,15.7135883818727,0.8794206821000694,0.8794206821000694,
Tue Aug 25 22:29:39 2026,113,0.22473032781421254,25992.82669734955,15.650471752711713,0.8794206821000694,0.8794206821000694,
Tue Aug 25 22:31:13 2026,113,0.22473032781421254,26087.54965543747,15.593645450530461,0.8794206821000694,0.8794206821000694,
Tue Aug 25 22:33:03 2026,114,0.22473102994353722,26197.371134757996,15.665694007575128,0.8793517904788671,0.8793517904788671,
Tue Aug 25 22:34:25 2026,115,0.22473109760982085,26279.37346458435,15.75380024025044,0.8790964477984428,0.8790964477984428,
Tue Aug 25 22:36:08 2026,116,0.22473109760982085,26382.40722346306,15.828729973836868,0.8786912946846083,0.8786912946846083,
Tue Aug 25 22:38:07 2026,116,0.22473109760982085,26500.833233594894,15.757995090909512,0.8786912946846083,0.8786912946846083,
Tue Aug 25 22:39:43 2026,116,0.22473109760982085,26596.83681845665,15.701115243531893,0.8786912946846083,0.8786912946846083,
Tue Aug 25 22:41:54 2026,116,0.22473109760982085,26728.754677534103,15.623623511012234,0.8786912946846083,0.8786912946846083,
Tue Aug 25 22:43:53 2026,116,0.22473109760982085,26847.33381795883,15.554617185884478,0.8786912946846083,0.8786912946846083,
Tue Aug 25 22:45:14 2026,116,0.22473109760982085,26927.891670703888,15.508083778215973,0.8786912946846083,0.8786912946846083,
Tue Aug 25 22:47:28 2026,117,0.22476877714214588,27062.563335180283,15.563935861628316,0.8786371277638584,0.8786371277638584,
Tue Aug 25 22:52:38 2026,117,0.22476877714214588,27372.45114850998,15.387734102246377,0.8786371277638584,0.8786371277638584,
Tue Aug 25 23:00:17 2026,117,0.22476877714214588,27830.93807888031,15.13423653942985,0.8786371277638584,0.8786371277638584,
Tue Aug 25 23:05:25 2026,118,0.22477748093005379,28139.23067831993,15.096361547911478,0.8788344907302186,0.8788344907302186,
Tue Aug 25 23:11:29 2026,119,0.22477748093005379,28503.417590379715,15.029776644909793,0.8792160919442674,0.8792160919442674,
Tue Aug 25 23:14:46 2026,119,0.22477748093005379,28700.205446004868,14.92672241688201,0.8792160919442674,0.8792160919442674,
Tue Aug 25 23:20:45 2026,120,0.22480547299164488,29058.85713982582,14.866379566178267,0.8795178743683502,0.8795178743683502,
Tue Aug 25 23:28:33 2026,122,0.22480547711027116,29527.449238061905,14.874295319551543,0.879196265730676,0.879196265730676,
Tue Aug 25 23:33:26 2026,123,0.22480560592583826,29819.856674432755,14.849165937797826,0.8789668864840778,0.8789668864840778,
Tue Aug 25 23:39:31 2026,125,0.2248369917060468,30185.745800495148,14.907698586417515,0.8787489519415315,0.8787489519415315,
Tue Aug 25 23:45:06 2026,125,0.2248369917060468,30520.66659927368,14.744107850210222,0.8787489519415315,0.8787489519415315,
Tue Aug 25 23:52:02 2026,125,0.2248369917060468,30936.622619390488,14.545867063004755,0.8787489519415315,0.8787489519415315,
Wed Aug 26 00:07:44 2026,126,0.2248369917060468,31878.287992954254,14.229120462813272,0.8789769493017217,0.8789769493017217,
Wed Aug 26 00:12:40 2026,126,0.2248369917060468,32174.389039993286,14.098169803198683,0.8789769493017217,0.8789769493017217,
Wed Aug 26 00:49:47 2026,126,0.2248369917060468,34401.666624069214,13.185407700062926,0.8789769493017217,0.8789769493017217,
Wed Aug 26 01:01:52 2026,127,0.22483767182563075,35126.66603755951,13.015752747816565,0.878945859304109,0.878945859304109,
Wed Aug 26 01:07:03 2026,129,0.22483778316727782,35437.420281887054,13.10479138452881,0.8790280586494678,0.8790280586494678,
Wed Aug 26 01:16:17 2026,130,0.22484992691123248,35991.48865413666,13.003074268399585,0.8789862117035583,0.8789862117035583,
Wed Aug 26 01:22:33 2026,130,0.22484992691123248,36367.05408716202,12.868790495879328,0.8789862117035583,0.8789862117035583,
Wed Aug 26 01:38:53 2026,135,0.22500498283311632,37347.127086400986,13.013049139647602,0.8782984808242958,0.8782984808242958,
Wed Aug 26 01:46:00 2026,136,0.22500498283311632,37774.25274729729,12.961209405658737,0.8784426366757605,0.8784426366757605,
Wed Aug 26 01:55:27 2026,137,0.22500498283311632,38341.02887511253,12.863504565996143,0.878308919802712,0.878308919802712,
Wed Aug 26 02:10:04 2026,139,0.22500498283311632,39218.65487861633,12.75923413357145,0.8778954520004799,0.8778954520004799,
Wed Aug 26 02:23:03 2026,139,0.22500498283311632,39997.71593046188,12.510714383540588,0.8778954520004799,0.8778954520004799,
Wed Aug 26 02:37:22 2026,141,0.225005779187508,40856.27311825752,12.424040698248803,0.8778325688325254,0.8778325688325254,
Wed Aug 26 02:44:42 2026,141,0.225005779187508,41296.41965699196,12.291622475171586,0.8778325688325254,0.8778325688325254,
Wed Aug 26 03:05:04 2026,145,0.22503297268348058,42518.42097091675,12.277031650753353,0.8784863638990953,0.8784863638990953,
Wed Aug 26 03:17:40 2026,147,0.22503394810219096,43274.146198272705,12.22901077182022,0.8791611493085146,0.8791611493085146,
Wed Aug 26 03:30:12 2026,147,0.22503394810219096,44026.595707178116,12.020007259242146,0.8791611493085146,0.8791611493085146,
Wed Aug 26 03:44:39 2026,147,0.22503394810219096,44892.747675180435,11.788095570113109,0.8791611493085146,0.8791611493085146,
Wed Aug 26 03:56:25 2026,148,0.22503416913007668,45599.46715402603,11.684347060466878,0.8792705748862658,0.8792705748862658,
Wed Aug 26 04:11:36 2026,148,0.22503416913007668,46510.39259004593,11.455504250334556,0.8792705748862658,0.8792705748862658,
Wed Aug 26 04:27:54 2026,149,0.225037502781943,47488.495797634125,11.295367246117815,0.8788738441152519,0.8788738441152519,
Wed Aug 26 04:40:11 2026,149,0.225037502781943,48225.387493133545,11.122772213626568,0.8788738441152519,0.8788738441152519,
Wed Aug 26 04:55:57 2026,152,0.22503773827327078,49171.10306382179,11.128487381903147,0.8793169045139145,0.8793169045139145,
Wed Aug 26 05:05:40 2026,154,0.22503773829197257,49754.07025051117,11.142806954458246,0.8797764861315331,0.8797764861315331,
Wed Aug 26 05:19:29 2026,155,0.22503775826867412,50583.237216472626,11.031322444074124,0.8799637957699661,0.8799637957699661,
Wed Aug 26 05:37:06 2026,158,0.2250470513726908,51639.851306676865,11.01474898953584,0.8792665085717253,0.8792665085717253,
Wed Aug 26 05:51:31 2026,158,0.2250470513726908,52505.55999851227,10.833138433646205,0.8792665085717253,0.8792665085717253,
Wed Aug 26 06:04:58 2026,159,0.22506266992919444,53312.09385967255,10.736775815008587,0.8790709561679755,0.8790709561679755,
Wed Aug 26 06:17:37 2026,159,0.22506266992919444,54071.22164463997,10.58603786986458,0.8790709561679755,0.8790709561679755,
Wed Aug 26 06:25:59 2026,161,0.22523483934661798,54573.59140539169,10.620521484366472,0.878868062455953,0.878868062455953,
Wed Aug 26 06:39:12 2026,161,0.22523483934661798,55366.09313440323,10.46850097573256,0.878868062455953,0.878868062455953,
Wed Aug 26 06:48:47 2026,161,0.22523483934661798,55941.26084661484,10.360867653469652,0.878868062455953,0.878868062455953,
Wed Aug 26 07:08:12 2026,161,0.22523483934661798,57106.48889088631,10.149459566800632,0.878868062455953,0.878868062455953,
Wed Aug 26 07:23:59 2026,161,0.22523483934661798,58053.15444421768,9.983953594751307,0.878868062455953,0.878868062455953,
Wed Aug 26 07:36:17 2026,162,0.22523652308168818,58791.595941782,9.919785143739084,0.8791380729292086,0.8791380729292086,
Wed Aug 26 07:51:02 2026,163,0.22523847031563723,59676.1934132576,9.833066863638745,0.8795754978330735,0.8795754978330735,
Wed Aug 26 08:04:50 2026,163,0.22523847031563723,60504.17315649986,9.698504572274468,0.8795754978330735,0.8795754978330735,
Wed Aug 26 08:16:27 2026,164,0.2252384705474536,61201.49539709091,9.646823107333148,0.8796366428932291,0.8796366428932291,
Wed Aug 26 08:29:58 2026,164,0.2252384705474536,62012.44959163666,9.520668896131214,0.8796366428932291,0.8796366428932291,
Wed Aug 26 08:41:39 2026,166,0.22553055279799436,62713.602118730545,9.529033252923549,0.87946744708552,0.87946744708552,
Wed Aug 26 08:53:45 2026,167,0.22553055279799436,63439.58558225632,9.476732776264418,0.879545012136679,0.879545012136679,
Wed Aug 26 08:56:34 2026,167,0.22553055279799436,63608.382244348526,9.451584504861628,0.879545012136679,0.879545012136679,
Wed Aug 26 08:57:33 2026,167,0.22553055279799436,63667.46598482132,9.442813385149167,0.879545012136679,0.879545012136679,
Wed Aug 26 08:58:49 2026,167,0.22553055279799436,63743.13864374161,9.431603350441964,0.879545012136679,0.879545012136679,
Wed Aug 26 09:00:08 2026,167,0.22553055279799436,63821.91982078552,9.41996106804987,0.879545012136679,0.879545012136679,
Wed Aug 26 09:01:14 2026,167,0.22553055279799436,63888.114654541016,9.410200993578202,0.879545012136679,0.879545012136679,
Wed Aug 26 09:02:49 2026,167,0.22553055279799436,63982.73661875725,9.396284556915178,0.879545012136679,0.879545012136679,
Wed Aug 26 09:04:07 2026,167,0.22553055279799436,64061.169937849045,9.384780212151496,0.879545012136679,0.879545012136679,
Wed Aug 26 09:05:24 2026,167,0.22553055279799436,64138.52368116379,9.373461774527257,0.879545012136679,0.879545012136679,
Wed Aug 26 09:06:45 2026,167,0.22553055279799436,64219.656352996826,9.361619699354632,0.879545012136679,0.879545012136679,
Wed Aug 26 09:08:08 2026,167,0.22553055279799436,64302.68806099892,9.349531382415751,0.879545012136679,0.879545012136679,
Wed Aug 26 09:09:19 2026,167,0.22553055279799436,64372.97046780586,9.339323564393714,0.879545012136679,0.879545012136679,
Wed Aug 26 09:10:31 2026,167,0.22553055279799436,64444.848266363144,9.328907060423557,0.879545012136679,0.879545012136679,
Wed Aug 26 09:11:56 2026,167,0.22553055279799436,64530.366948604584,9.316543953311587,0.879545012136679,0.879545012136679,
Wed Aug 26 09:13:09 2026,167,0.22553055279799436,64603.64338302612,9.30597669910918,0.879545012136679,0.879545012136679,
Wed Aug 26 09:14:27 2026,167,0.22553055279799436,64681.35079717636,9.294796608147601,0.879545012136679,0.879545012136679,
Wed Aug 26 09:15:51 2026,167,0.22553055279799436,64765.59400129318,9.282706493636047,0.879545012136679,0.879545012136679,
Wed Aug 26 09:21:12 2026,167,0.22553055279799436,65086.60985469818,9.23692294532073,0.879545012136679,0.879545012136679,
Wed Aug 26 09:28:22 2026,167,0.22553055279799436,65516.31611800194,9.176340118348138,0.879545012136679,0.879545012136679,
Wed Aug 26 09:35:40 2026,167,0.22553055279799436,65954.42240309715,9.11538571781607,0.879545012136679,0.879545012136679,
Wed Aug 26 09:45:02 2026,167,0.22553055279799436,66516.577013731,9.038348438704151,0.879545012136679,0.879545012136679,
Wed Aug 26 09:52:08 2026,167,0.22553055279799436,66941.85756969452,8.980927954890982,0.879545012136679,0.879545012136679,
Wed Aug 26 09:57:04 2026,167,0.22553055279799436,67238.6154100895,8.941290601141482,0.879545012136679,0.879545012136679,
Wed Aug 26 10:10:33 2026,167,0.22553055279799436,68047.18991875648,8.83504521961583,0.879545012136679,0.879545012136679,
Wed Aug 26 10:18:55 2026,168,0.22563149781663688,68548.87586641312,8.822901796064809,0.8798337773579947,0.8798337773579947,
Wed Aug 26 10:26:03 2026,169,0.22563184249121754,68977.36548447609,8.820284679282587,0.8798461207491184,0.8798461207491184,
Wed Aug 26 10:36:15 2026,169,0.22563184249121754,69589.26952886581,8.742727206636852,0.8798461207491184,0.8798461207491184,
Wed Aug 26 10:47:25 2026,169,0.22563184249121754,70259.2916071415,8.659352892453006,0.8798461207491184,0.8798461207491184,
Wed Aug 26 10:57:52 2026,169,0.22563184249121754,70886.58519124985,8.582724056442489,0.8798461207491184,0.8798461207491184,
Wed Aug 26 11:07:59 2026,170,0.22569810876637025,71493.44382119179,8.560225487677423,0.8799579621805538,0.8799579621805538,
Wed Aug 26 11:22:08 2026,170,0.22569810876637025,72342.62112045288,8.459743240170956,0.8799579621805538,0.8799579621805538,
Wed Aug 26 11:39:38 2026,172,0.2257904249544037,73392.70546293259,8.436805757388662,0.8796212141280875,0.8796212141280875,
Wed Aug 26 11:51:47 2026,172,0.2257904249544037,74121.2049047947,8.353884705400219,0.8796212141280875,0.8796212141280875,
Wed Aug 26 12:04:09 2026,173,0.23049001048281187,74863.551217556,8.31913514481997,0.8791552072712507,0.8791552072712507,
Wed Aug 26 12:11:53 2026,174,0.23049880607644746,75326.98221611977,8.31574532221141,0.8788842861750922,0.8788842861750922,
Wed Aug 26 12:25:49 2026,176,0.23060710035191145,76163.44104719162,8.318951865730636,0.8797507464486923,0.8797507464486923,
Wed Aug 26 12:42:02 2026,176,0.23060710035191145,77135.75855517387,8.21408918338175,0.8797507464486923,0.8797507464486923,
Wed Aug 26 13:00:41 2026,177,0.2306071017425732,78255.38157439232,8.142570992312589,0.8798272994633799,0.8798272994633799,
Wed Aug 26 13:08:43 2026,177,0.2306071017425732,78737.71799898148,8.092690722993046,0.8798272994633799,0.8798272994633799,
Wed Aug 26 13:16:49 2026,178,0.23060710518402447,79222.73195838928,8.08858750713838,0.8796405844286176,0.8796405844286176,
Wed Aug 26 13:26:53 2026,178,0.23060710518402447,79827.7019803524,8.02728857405562,0.8796405844286176,0.8796405844286176,
Wed Aug 26 13:42:47 2026,180,0.23061276710353118,80781.61120295525,8.021627575265471,0.8792404189298405,0.8792404189298405,
Wed Aug 26 13:49:55 2026,181,0.23061276710353118,81209.1600086689,8.023725401548829,0.878989622448903,0.878989622448903,
Wed Aug 26 14:08:43 2026,182,0.2306127986552678,82337.68661665916,7.9574739942649195,0.8792727301478308,0.8792727301478308,
Wed Aug 26 14:18:44 2026,182,0.2306127986552678,82937.72162389755,7.899903532088487,0.8792727301478308,0.8792727301478308,
Wed Aug 26 14:34:36 2026,183,0.23061282333951855,83890.40824961662,7.853102800974993,0.8790337839000892,0.8790337839000892,
Wed Aug 26 14:56:51 2026,184,0.23061559576654095,85225.44950151443,7.772326269610691,0.8787452741652884,0.8787452741652884,
Wed Aug 26 15:05:55 2026,185,0.23061559576654095,85769.47981834412,7.76499987420418,0.8789087160409368,0.8789087160409368,
Wed Aug 26 15:21:26 2026,186,0.23061559733735726,86700.50802230835,7.723138136949665,0.8788081931218238,0.8788081931218238,
Wed Aug 26 15:37:53 2026,187,0.23061559733735726,87687.10020852089,7.6772980107578315,0.8787148762542355,0.8787148762542355,
Wed Aug 26 15:44:43 2026,187,0.23061559733735726,88096.968470335,7.641579633091318,0.8787148762542355,0.8787148762542355,
Wed Aug 26 15:55:49 2026,189,0.2306156316490076,88763.52433919907,7.665310780134572,0.8784443438940018,0.8784443438940018,
Wed Aug 26 16:21:12 2026,190,0.2306156316490076,90286.37533974648,7.57589389790117,0.878551472569073,0.878551472569073,
Wed Aug 26 16:34:18 2026,190,0.2306156316490076,91071.85963392258,7.51055268608156,0.878551472569073,0.878551472569073,
Wed Aug 26 16:45:19 2026,191,0.23061565767217612,91733.19045305252,7.49565120981922,0.8788265138693578,0.8788265138693578,
Wed Aug 26 16:55:27 2026,192,0.23062032681868946,92341.55319619179,7.485254211952171,0.8786221456835515,0.8786221456835515,
Wed Aug 26 16:55:56 2026,192,0.23062032681868946,92370.67227578163,7.482894548351398,0.8786221456835515,0.8786221456835515,
