smiles,qed,sa,egfr,her2,true_docking_score
Oc1cc(Cl)cc(OCc2nc(-c3ccc4c(c3)OCCO4)nc3c2c2ccccc2C3)c1,0.3872,2.7471,-11.2,-11.99,
O[C@@H](C=C1CCOCC1)[C@@H]1CCCN(S(=O)(=O)c2ccc3c(c2)CC[C@H](C(=O)N2CCCCC3)C2)C1,0.4902,5.2866,-10.4,-12.190000000000001,
Fc1cc(-c2noc(-c3cccnc3)n2)c(C[NH+]2CCCC[C@@H](CCc3ccccc3)C2)cc1,0.435,3.9166,-10.4,-12.09,
CC[C@@]1(c2ccccc2)NC(=O)N(Cc2cccc(Cn3cc(CNc4ncccc4C(Cl)(F)F)cn3)c2)C1=O,0.1936,3.3299,-10.6,-11.59,
F[C@H]1[C@@H][C@@H](C(=O)N2CCC[C@@H](c3nc4ccccc4[nH]c3=O)C2)CCc2ccc(Cl)cc21,0.5699,3.9443,-9.6,-12.49,
O=C1/C(=C/c2ccc(-c3ccc(F)cc3)o2)C(=O)N(c2cccc(Cl)c2)N=C1C(=O)N1CCCCCCC1,0.3092,2.7409,-9.7,-12.39,
O=C(Oc1ccccc1C(=O)Nc1ccccc1)c1cnc(C[NH+]2Cc3ccccc3C2)s1,0.3427,3.0949,-10.2,-11.89,
O=C1c2ccccc2C(=O)C1=C1CCN(C(=O)c2cc3ccccc3o2)CC1,0.4781,2.3917,-10.0,-11.99,
Fc1cc(/C=C2\CC(C(=O)N3CCOCC3)=NC2=O)nc2c1c1ccccc1C2,0.6292,3.229,-9.6,-12.190000000000001,
NC(=O)c1cccc(CNC(=O)C[C@@H]2CC(=O)N(c3cccc4ccccc34)C2)c1,0.665,2.6462,-9.5,-11.89,
O=C([C@H]1CSCN1C(=O)c1ccco1)Nc1nc2c(c(C(F)(F)F)c1Br)c1ccccc12,0.3962,3.4784,-9.8,-11.49,
[NH3+]c1c(C[NH+]2CCN(Cc3ccccc3)CC2)[nH]nc1-c1cnc2nc(-c3ccccc3)[nH]c2c1,0.3062,3.684,-9.6,-11.690000000000001,
c1n[nH]c2[nH]nc(-c3ccc(C(=O)Nc4ccc(C(F)(F)F)cc4)cc3F)c12,0.4551,2.6361,-9.9,-11.290000000000001,
O=[N+](Cn1cccc1[C@@H]1CC[NH2+]C1)N1CCC(C(=O)N(Cc2ccccc2)c2ccc3c(c2)CCC3)CC1,0.4682,4.1603,-9.3,-11.89,
F[C@@]1(Cc2ccccc2)Cc2ccccc2C[C@H]1[NH2+]Cc1c(F)cccc1F,0.6829,3.7869,-10.0,-11.190000000000001,
[NH3+]Oc1cccc([C@@H]2c3ccccc3OC[C@H]2[C@H]2COc3ccccc32)c1,0.7271,3.7609,-10.5,-10.59,
[NH3+][C@H]1[C@H](C(=O)N[C@@H]2C[C@@H](c3ccc4c(c3)OCO4)[C@@H]2CCO1)c1ccccc1,0.8305,4.7248,-9.3,-11.790000000000001,
F[C@@H]1N[C@@H](c2nc(CCc3ccccc3)[nH]n2)NC(Nc2ccc(F)cc2)C1,0.4916,3.9987,-9.6,-11.49,
c1coc(C[NH+]2CCC[C@H](c3nc4ccccc4c(-c4ccccn4)c3)c2)c1,0.5933,3.9842,-10.2,-10.790000000000001,
FC(F)(F)c1ccc(CN2CCC[C@@H](C(=O)Nc3cccc4c3OC(CC([O-])=O)C4)C2)cc1,0.7155,3.4596,-9.8,-11.09,
c1nn2c(-c3ccccc3C[NH2+]Cc3ccccc3)c3ccccc3nc2c1Cc1cc(F)cc(F)c1,0.3123,3.1619,-11.0,-9.89,
Oc1c(/C=C/c2ccccc2O)oc2cc3ccccc3nc12,0.5693,2.6087,-9.8,-11.09,
O=C1O[C@H](CNC(=O)NC[C@H]2CSCN2C(=O)c2ccc(Cl)cc2)CC12CCN(C(=O)c1ccccc1Cl)CC2,0.4817,4.1541,-9.9,-10.89,
F[C@H]1[C@H]c2ccccc2O[C@@H]2[C@H]1Nc1ccccc1N2C(=O)COc1ccc(Br)cc1Br,0.4445,3.9313,-9.6,-11.190000000000001,
F[C@H]1C[C@@H](c2ccc(Cl)cc2)[C@H]2COc3c(O)cccc3[C@H]2C1,0.7911,3.7978,-10.4,-10.290000000000001,
Cc1csc(Cn2c(=O)n([C@@H](C)C(=O)C(=O)NC(c3ccccc3)c3ccccc3)c3ccccc32)c1C,0.2705,3.287,-9.8,-10.89,
FC1c2ccccc2Oc2ccc(COc3nc(-c4cccs4)no3)cc21,0.4651,3.2671,-9.3,-11.39,
c1nnn(-c2ccccc2)c1-c1cccc(C(=O)Cc2ccccc2[N+](=O)[O-])c1,0.2813,2.294,-9.7,-10.99,
F[C@H]1[NH2+][C@H](Cc2nc(-c3ccccc3)n[nH]2)[C@@H](c2cccc(Br)c2)N1,0.586,4.1586,-9.1,-11.59,
Oc1ccc2c(c1)CCC[C@@H]2[NH2+]Cc1cc2nc3ccccc3nc2s1,0.5842,3.7074,-9.7,-10.89,
O[C@@H]([NH2+]Cc1c[nH]nc1-c1cccc(Cl)c1)c1cnc2ccccc2c1,0.4756,3.6974,-9.7,-10.89,
F[C@@]1(Nc2cc(-c3cccnc3)nnc2-c2nc3ccccc3s2)CCN1Cc1ccco1,0.3437,3.5833,-9.6,-10.99,
F[C@H]1[NH2+]c2ccccc2C[C@H]1S(=O)(=O)c1cccc(NC(=O)c2ccco2)c1,0.5187,3.8099,-9.4,-11.190000000000001,
c1nc(-c2ccc(CO)c(S(=O)(=O)c3ccc(F)cc3)n2)c2c(Cl)cccc2n1,0.4957,2.6551,-9.3,-11.190000000000001,
N[C@H]([C@H]1CCc2ccccc21)[C@H]1CCCN(C(=O)c2ccc(F)c(Cl)c2)C1,0.8499,3.3496,-9.6,-10.89,
Oc1ccc2[nH]cc(CCc3ccccc3)c2c1C(=O)NC1CCCCC1,0.6147,2.2894,-9.8,-10.59,
NOC(=O)c1nccnc1NCC1NCC[C@H]1C/C=C1\CCc2ccccc2C1,0.5115,4.122,-9.6,-10.690000000000001,
C/C(=N\NC(=O)c1ccc2c(c1O)CCCC2)c1cccc(F)c1,0.669,2.3091,-9.2,-11.09,
F[C@@H]1N2CCC[C@H]2CN1Cc1nnc(-c2ccc3c(c2)CCC3)n1C1CC1,0.7773,3.6532,-9.1,-11.190000000000001,
Oc1cc2ncc(Br)cc2c([C@@H]2CC(=O)N(c3ccc(Br)cc3)C2=O)c1,0.5532,2.9967,-9.3,-10.89,
Oc1cc(S(=O)(=O)Nc2ccc3c(c2)OCO3)ccc1NC(=O)[C@@H]1CCCN(S(=O)(=O)N2CCCC2)C1,0.4403,3.0431,-9.3,-10.89,
O=C(NC[C@H]1CCc2ccccc2C1)c1ccc(-n2cccc2)cc1,0.7703,2.544,-9.0,-11.190000000000001,
OC(=O)c1ccc2c(c1)CC[NH+](Cc1cc(=O)[nH]c3ccccc13)C2,0.6767,3.6857,-9.6,-10.49,
Oc1c(O)cc(Cl)cc1OCc1cn(C2CCCCC2)nc1-c1ccccc1,0.5408,2.4718,-9.6,-10.49,
F[C@@]1([NH2+][C@@H]2CC(=O)N(Cc3ccco3)C2)Cc2cc3ccccc3[nH]c2=[NH+]1,0.6632,4.7649,-9.0,-11.09,
O=C(Nc1nc2cccc(Cl)c2s1)[C@H]1CCCN(S(=O)(=O)c2ccccc2)C1,0.6715,2.6059,-9.0,-11.09,
FC1[NH+](C2CCN(c3cccc[nH+]3)CC2)C/C1=C\c1ccc2c(c1)OCCO2,0.8174,4.9235,-9.6,-10.49,
Cn1nnc2c(F)ccc(C(=O)Nc3cccc4c3OCCO4)c(=O)c12,0.7475,2.728,-9.2,-10.790000000000001,
c1c(Cl)cccc1OCCn1c(-c2ccccc2)nnc1-c1cccc(Br)c1,0.3529,2.0646,-9.2,-10.790000000000001,
Fc1ccccc1CN1CCN(S(=O)(=O)c2cccc3ccccc23)CC1,0.6915,1.9085,-9.1,-10.89,
O=C1[NH+]=c2ccccc2=C1CCNC(=O)CSc1nnc(-c2ccc3c(c2)OCCO3)o1,0.4485,3.2737,-9.1,-10.89,
Oc1cc(C[NH+]2CCC[C@@H]2c2ccnc(OCc3cccc(F)c3)c2)ccc1Cl,0.6398,4.1006,-9.5,-10.49,
N#Cc1cccc(S(=O)(=O)Cc2nc(-c3ccc(CO)s3)c3ncccc3n2)c1,0.5251,2.8118,-9.2,-10.690000000000001,
[NH3+]c1ccc(/C=N/NC(=O)c2ccc3cccnc3c2)c([N+](=O)[O-])c1,0.4277,2.8419,-9.2,-10.690000000000001,
CC1CCN(c2ccc(CNC(=O)c3csc4ccccc34)nn2)C[C@@H]1C,0.7402,3.217,-8.8,-11.09,
FCC[C@@H](Cc1ncnc2c1cnn2-c1nc2ccccc2s1)c1ccccc1,0.3952,3.2168,-8.9,-10.99,
O=C(NCCc1n[nH]c2c1CN(Cc1ccccc1)CC2)c1cccc(F)c1,0.693,2.2712,-8.8,-11.09,
c1cc(=O)[nH]c2ccc(NCc3ccnc(O[C@@H]4CCCCO4)c3)cc12,0.7363,2.9571,-9.2,-10.690000000000001,
C/N=C(/NCc1ccccc1)c1cccc(OCc2nc3ccccc3n2C)c1,0.3979,2.3151,-8.8,-10.99,
O=[N+]([O-])c1cccc(NC(=O)N[C@@H]2CCC(c3ccccc3)c2)c1F,0.6446,2.9118,-8.8,-10.99,
O[C@H](CSc1ccc(Cl)cc1)n1cnc2cc(-c3ccccc3)cn2c1=O,0.5149,3.1396,-8.8,-10.99,
O=C1c2ccccc2CN1C(=O)C1C[C@@H]2CCCO[C@]2(O)C1,0.8017,3.8665,-9.3,-10.39,
c1coc(=O)c(C[NH+]2CCC[NH+](Cc3c[nH]nc3-c3cc(C)ccc3F)CC2)c1,0.5812,5.201,-9.3,-10.39,
O[C@H](N[C@@H]1CCSc2ccccc21)[C@@H]1CCCc2ccccc21,0.8275,3.5126,-9.0,-10.690000000000001,
N[C@H](c1cccc(NC(=O)Nc2ccc3c(c2)OCCO3)c1)c1nccn1C,0.6467,2.7832,-9.6,-10.09,
Fc1c(NS(=O)(=O)c2ccc3c(c2)CC(=O)N3)c2ccccc2[nH]1,0.6813,2.589,-9.1,-10.59,
CNC(=O)c1cccc([C@@H](NC(=O)[C@@H]2CC(=O)N(Cc3ccccc3)C2)CCCC)c1,0.651,2.9017,-8.8,-10.790000000000001,
N=C1c2ccccc2C(=O)N1CCNC(=O)c1ccccc1Br,0.8663,2.2438,-9.3,-10.290000000000001,
c1nn(CCC[NH+]2CC[C@H]3CC[C@@H](C2)[C@@]3(O)C2CCC2)c2cc(-c3ccccc3)nn12,0.644,5.6274,-9.2,-10.39,
Fc1cc(/C=N/c2noc(-c3cccc([N+](F)(F)F)c3)n2)ccc1Cl,0.3578,3.3741,-8.7,-10.89,
Fc1c(N[NH+]2CCC(Cc3cc[nH+]cc3)CC2)c(-c2ccccc2)n[nH]1,0.6561,4.3775,-9.0,-10.59,
Oc1ccccc1[C@H]1C(c2ccc3c(c2)OCCO3)=Nc2ncnn21,0.7785,3.1566,-9.5,-10.09,
FC1c2ccccc2C[C@H]1CCN1C(=O)c2ccccc2C1=O,0.8131,3.0407,-8.7,-10.89,
c1cc(=O)n2c(n1)CCC[C@@H]2[NH2+][C@H]1CCc2ccccc2C1,0.9051,4.1219,-9.4,-10.190000000000001,
NS(=O)(=O)c1ccc(F)c(NC(=O)c2ccc(C3CCCCC3)cc2)c1,0.851,1.9587,-8.7,-10.790000000000001,
NNc1cc(Br)ccc1C(=O)NCc1nc(-c2ccc3c(c2)OCCO3)no1,0.4035,2.464,-9.0,-10.49,
c1coc(S[C@@H](CC(=O)c2ccco2)C(=O)Nc2nc3cc(Cl)ccc3s2)c1,0.306,3.2394,-9.2,-10.290000000000001,
NO[C@]1(C(=O)Nc2cccc3cc(C(F)(F)F)ccc23)C(=O)NC1=O,0.4345,2.9089,-9.4,-10.09,
c1cc2cc(C[NH+]3CCC[C@@H](S(C)(=O)=O)C3)ccc2cccc1OCc1cc([N+](=O)[O-])sc1,0.4776,4.8281,-8.9,-10.59,
Nn1c(SCC(=O)N/N=C/c2ccc3c(c2)OCCO3)nc2c(F)cccc21,0.2929,2.6456,-8.9,-10.59,
Cc1cc(-c2cc(C)ccc2CNC(=O)c2ccc(-n3cncn3)cn2)no1,0.5767,2.5839,-8.9,-10.59,
CS[C@H]1Cc2ccccc2NC(=O)/C1=N/Nc1cc2ccccc2[nH]c1=O,0.611,3.3371,-9.1,-10.39,
F[C@@]1(CBr)c2ccc(-c3ccccn3)nc2CSc2[nH]c3ccccc3c2C1,0.3761,3.6859,-9.4,-10.09,
Oc1cc(-c2noc([C@H]3CCC[NH2+]3)n2)cc(OCc2ccccc2)c1,0.7462,3.5485,-8.8,-10.690000000000001,
O[C@@H](CNC(=O)c1c[nH]c2cc(Cl)ccc12)c1ccc(F)c(C(F)(F)F)c1,0.5667,2.8063,-8.6,-10.89,
Cc1noc(C)c1CC(=O)Nc1cccc(Oc2ccc3c(c2)OCCO3)c1,0.7194,2.2234,-9.1,-10.39,
F[C@]1(C[NH2+]Cc2c[nH]nc2-c2ccccc2)CCC[NH+]1Cc1ccc(Cl)c(Cl)c1,0.4914,4.8324,-9.1,-10.290000000000001,
Fc1c([C@H](COc2nc3ccccc3s2)Nc2ccccc2)cnn1-n1cncn1,0.4308,3.6039,-9.1,-10.290000000000001,
Fc1c([C@@H]2OCCC[C@@H]2c2c[nH]c3ccccc23)sc2ccccc12,0.4597,3.3356,-9.4,-9.99,
O=C1N[C@H](C(=O)Nc2ccc(CNC(=O)c3ccccn3)cc2)Nc2ncoc21,0.5103,3.2369,-8.6,-10.790000000000001,
c1coc2sc3ccnc3c(C(=O)Nc3ccccc3F)c(=O)c12,0.6032,2.8339,-9.0,-10.39,
c1coc([C@]2(Cc3cccc(OCc4ccccc4)c3)CCc3ccc(F)cc32)n1,0.4068,3.057,-9.0,-10.39,
Fc1cc([N+](=O)[O-])ccc1OCC(=O)N1CCO[C@@H](c2ccc(F)c(F)c2)C1,0.5733,2.8062,-8.9,-10.49,
Cc1oc2ccc([C@@H](C)Nc3nc4ccccc4n3C)cc2c1,0.5909,2.7636,-8.7,-10.690000000000001,
c1cc(N[C@@H]2CC[C@H](C)C2)ccc1SCc1nc2ncccc2n1Cc1ccco1,0.375,3.3081,-8.8,-10.59,
O=C1CN(c2cccc(Cl)c2C(=O)Nc2ccc(Br)cc2)CC[S@@]1=O,0.7921,3.177,-9.3,-9.99,
F[C@@]1(O)CC[C@H](CNC(=O)c2ccccc2F)[C@@H]1CC(=O)N(Cc1ccccc1)C,0.7279,3.4947,-8.8,-10.49,
C[C@@H](c1ccccc1)S(=O)(=O)c1cccc(NC(=O)NCc2ccco2)c1,0.6686,2.6417,-8.8,-10.49,
[NH3+][C@@H](C(=O)Nc1ccccc1-c1ccccn1)c1ccc(F)cc1F,0.7666,2.9685,-9.1,-10.190000000000001,
NOC(=O)C1(C(=O)NCc2ccc(Oc3ccccc3)cc2)CCN(c2cc[nH+]cc2)CC1,0.4258,3.2755,-8.6,-10.690000000000001,
Nn1c(SCc2[nH+]ccn2Cc2ccccc2)nc2c3ccccc(=O)n3nc21,0.3553,3.5536,-8.7,-10.59,
N#Cc1ccccc1CS(=O)(=O)c1ccc(S(=O)(=O)Nc2ccccc2C(F)(F)F)cc1,0.5649,2.3067,-8.7,-10.59,
Fc1cc(Br)c(C[NH+]2CCN(Cc3ccccc3Cl)CC2)c(OCc2ccccc2)c1,0.5014,3.1223,-9.7,-9.59,
O=[N+](C)c1ccc(F)c(S(=O)(=O)N2CCC(C(=O)NCc3ccccc3)CC2)c1,0.7281,2.3017,-8.3,-10.89,
CNC(=O)[C@@](C)(O)c1ccc(F)c(NC(=O)c2ccc(Br)cc2)c1,0.7453,2.6448,-8.8,-10.39,
Fc1cc([C@H]CC2CCC2)cnc1N1CCO[C@H](c2cccc(F)c2)C1,0.7768,3.309,-8.1,-11.09,
F[C@@]1(Cn2ccc3ccccc32)CCC[C@H](OCc2ccccc2)C1,0.5987,3.2215,-9.0,-10.190000000000001,
NO/C(=N/c1ccc(Cl)cc1)C(=O)NNC(=O)C1CCN(c2cc[nH+]cc2)CC1,0.3923,3.5422,-8.6,-10.49,
O[C@@H](c1ccc2ccccc2c1)N1C[C@H](O)c2c(O)cccc21,0.6806,3.3128,-8.9,-10.190000000000001,
O[C@H](NCc1ccc(F)cc1)[C@@H](Cc1ccccc1)c1ccccc1Cl,0.5796,2.837,-9.2,-9.89,
Oc1c(-c2cccc(O)c2)nc2[nH]n3c([O-])ccc3c2c1O,0.4261,3.4418,-9.4,-9.690000000000001,
O=[N+](C/C=C/C[NH2+][C@@H]1CCc2ccc([N+](=O)[O-])cc2C1)[C@H]1Cc2ccccc2O1,0.3372,4.6072,-8.3,-10.790000000000001,
F[C@H]1[NH2+][C@@H](c2ccccc2Br)CN1Cc1cnn(Cc2ccccc2)c1,0.6497,3.7416,-9.1,-9.99,
O=C(c1ccc(F)c(F)c1)N1CCN(c2cc(F)c(Br)cc2)CC1,0.7668,1.9868,-9.1,-9.99,
Oc1cc(S(=O)(=O)N2CCC[C@H]2c2ccc(N3CCCC3=O)c[nH+]2)c(Cl)c(OC)c1OC,0.677,3.9545,-9.0,-10.09,
O[C@@H](C[C@H]1O[C@H]2c3ccccc3C[C@H]2[C@@H]1c1cccs1)C1CCC1,0.8744,4.0408,-8.9,-10.190000000000001,
Cn1c2c(nc1NCCCc1ccccc1)CN(c1ccccc1O)C2,0.6672,2.533,-8.7,-10.39,
NOS(=O)(=O)c1ccc(NC(=O)Nc2ccc(NC(=O)c3ccco3)o2)cc1,0.4527,2.7735,-8.7,-10.290000000000001,
F[C@H]1c2oc3ccccc3c2CC[C@H]1CCOc1ccccc1,0.6368,3.1644,-8.5,-10.49,
[NH3+][C@@H]1CCCn2cc(C(=O)NC[C@@H](c3ccccc3)[NH+]3CCCC3)cc21,0.7276,4.7936,-8.7,-10.290000000000001,
c1ccc2c(c1)[C@H]1C=CC[C@H]1[C@H](c1ccc(Br)cc1)N2,0.7035,3.1777,-8.8,-10.190000000000001,
NC(=O)c1cccc(N[C@@]2(C)CCCN(Cc3cn4ccccc4n3)C2)n1,0.7251,3.2847,-8.9,-10.09,
F[C@@]1(c2nc(-c3ccco3)cs2)CN(Cc2cccc3[nH]cnc23)CC1,0.5818,3.4931,-8.9,-10.09,
Fc1c(N/C=C/c2ccccc2Cl)c(=O)n(-c2cccc(Cl)c2)n1C1CC1,0.6099,2.8759,-8.7,-10.290000000000001,
c1noc([C@@H](Cc2ccccc2)[NH+]2CCCC[C@H]2c2cnn(-c3ccccc3)c2)n1,0.5392,4.3718,-9.4,-9.59,
C[C@@H]([C@@H](C)[NH+](C)Cc1ccccc1)C(=O)N[C@H]1CC(=O)N(CCc2ccccc2)C1,0.6635,3.9757,-8.3,-10.690000000000001,
C=Cc1ccc2[nH]c(=O)cc([C@H](O)C[NH+](Cc3ccco3)C(=O)C3CC3)c2c1,0.5844,4.3134,-8.8,-10.190000000000001,
Cn1nnnc1CNC(=O)C1(c2ccc3ccccc3c2)CC1,0.7962,2.4199,-8.7,-10.190000000000001,
C[NH+](Cc1ccc(CNC(=O)[C@@H]2C=C[C@@H]([NH3+])C2)c(Cl)c1)c1ccc(F)cc1F,0.6278,4.7962,-8.9,-9.99,
N[C@H](C(=O)N1CCO[C@H](c2cccc(F)c2F)C1)c1c(F)cccc1F,0.8481,3.3081,-8.6,-10.290000000000001,
O[C@H](Cc1ccc2oc(=O)ccc2c1)c1ccc(F)c(F)c1,0.7549,2.5799,-9.0,-9.89,
O=C1c2ccccc2O[C@H](c2ccc(Cl)cc2)[C@H]1Oc1ccc(Cl)cc1Cl,0.4918,2.985,-9.4,-9.49,
F[C@@]1([C@H]2CCCC[NH2+][C@@H]2CCc2cccs2)C[C@@H](c2ccccc2)CN1Cc1ccc[nH+]c1C,0.4811,5.2153,-9.7,-9.190000000000001,
F[C@@]1(N2CCc3ccccc3C2)CC[C@H]([NH+]2CCCC2)CC1,0.8241,4.141,-8.8,-10.09,
F[C@]12N(CCCc3ccccc3Cl)CC[C@H]2N1c1cc(F)cc(F)c1,0.5552,3.7991,-8.6,-10.290000000000001,
F[C@@H]1N[C@H](c2cccc(F)c2F)N(C[C@@H]2COc3ccccc32)CC1,0.8557,3.9905,-9.4,-9.49,
F[C@@H]1Nc2ccccc2[C@H]1[NH2+]C1Cc2ccccc2C1,0.8038,4.1178,-8.9,-9.99,
O[C@H](C1CCCC1)C1CCN(c2nnc(-c3ccccc3)o2)CC1,0.9309,2.921,-8.5,-10.39,
O=C(/C=C/c1ccc(F)cc1)N1CCC(n2cc(-c3ccccn3)nn2)CC1,0.6543,2.4406,-8.4,-10.49,
O=C(c1ccccc1)N1CCCC[C@@H]1CNc1ccccc1[N+](=O)[O-],0.6655,2.4211,-8.7,-10.190000000000001,
[NH3+][C@]1([C@@H](O)c2ccccc2)CCc2c1[nH]c1ccccc12,0.6619,3.515,-8.9,-9.99,
c1c(O[C@@H]2CCCC[NH2+]2)nn(-c2ccccc2)c1-c1cccc(Br)c1,0.7264,3.6176,-9.1,-9.790000000000001,
c1cc(CC(C)C)c2sc(N3CCCC3)nc2c1C(=O)OCc1ccccc1[N+](=O)[O-],0.2798,2.5998,-8.4,-10.49,
N=c1[nH]c2ccccc2nc1NC[C@@H](C)Oc1cccc(F)c1,0.6777,3.0117,-8.9,-9.89,
F[C@H]1c2ccccc2N1C(=O)[C@H](CC(F)(F)F)Nc1ccc(Cl)cc1,0.5988,3.3857,-8.9,-9.89,
O[C@@H](c1cccc2ccc(=O)cnc12)[NH+]1CCN(c2ccccn2)CC1,0.7157,3.9429,-8.5,-10.290000000000001,
Fc1cc2c(cc1OCCCc1ccccc1C(F)(F)F)COCCO2,0.5608,2.4581,-8.5,-10.290000000000001,
c1n[nH]cc1[C@@H]1CCC[C@H]1[NH2+][C@H]1CCC[C@@H]1c1ccccc1F,0.8948,4.5968,-8.9,-9.89,
c1noc2[C@H](C[NH2+]Cc3ccc4ccccc4c3)ccc12,0.7965,4.0298,-8.8,-9.99,
N[C@H](Sc1nc(-c2ccccc2F)n[n-]1)C(=O)Nc1ccccc1,0.5454,3.5703,-8.3,-10.49,
Fc1cc(-c2nc3ccccc3n2C[C@@H](CO)C2CC2)nc(C2CC2)n1,0.6895,3.3978,-8.4,-10.39,
[NH3+]O[C@@]1(Cc2ccc3c(c2)OCO3)CN(C(=O)Cc2ccccc2)CC1,0.8217,3.2264,-8.6,-10.190000000000001,
O=[N+](Cn1c(=O)oc2ccccc21)NC(=S)Nc1ccc(C(F)(F)F)cc1,0.3998,2.8447,-8.7,-10.09,
c1cc2cc3c(c2n1)CCN(C(=O)COCCc1ccccc1)C3,0.7829,3.0821,-8.6,-10.190000000000001,
CN(C)C(=O)c1cccc([C@@H]2NC(=O)Nc3ccccc32)c1,0.8943,2.6748,-9.2,-9.59,
c1c(O)cc(/C=C2\CN(C[C@@H](O)c3ccc(F)cc3)CC2)cc1,0.9095,2.8406,-9.1,-9.690000000000001,
[NH3+]Cc1cc2c(s1)[C@@H](c1ccc(Cl)cc1)CCN2C(=O)COCc1ccccc1,0.6396,3.4281,-7.9,-10.790000000000001,
Fc1ccc(CN2CCN(Cc3nnnn3-c3ccc(F)cc3)CC2)nn1,0.6625,2.5235,-8.8,-9.89,
N[C@H](CN1CCCCCCC1=O)c1ccc2ccccc2c1,0.9398,2.5057,-8.4,-10.290000000000001,
CCCn1cnnc1C1CCC(NC(=O)c2cc3ccccc3[nH]2)CC1,0.7369,2.4834,-8.9,-9.790000000000001,
c1nnn(-c2ccc(Cl)c(O)c2)c1-c1nc2ccccc2n1CCNC(=O)C(C)(C)C,0.4935,2.7679,-9.3,-9.39,
Fc1cccc(C[NH2+][C@@H]2CC[C@@H]3[NH2+]CCC[C@@H]3[C@H]2c2ccco2)c1,0.8818,5.2111,-8.9,-9.790000000000001,
FC(=O)c1ccccc1NC(=O)c1cnn2ccccc12,0.7516,2.2955,-8.9,-9.790000000000001,
CNC(=O)CS(=O)(=O)c1ccc(CNC(=O)N2C[C@H]3CCCC[C@@H]3C2)cc1Cl,0.7524,3.2452,-8.8,-9.89,
Cc1occc1C(=O)N[C@H](C)c1cn(-c2ccccc2)nn1,0.803,2.7912,-8.8,-9.89,
Nc1ccc2c(c1)CCCN2C(=O)c1cc(O)ccc1F,0.7921,2.1821,-9.7,-8.99,
Nc1nc(C(=O)c2cc(Cl)c3ccccc3c2)n[nH]1,0.7018,2.5362,-9.2,-9.49,
F[C@@]1([C@@H]2COc3ccc([N+](=O)[O-])cc32)CN(c2ccccc2)C1=O,0.4933,3.4533,-8.7,-9.99,
O[C@H](C[C@@H]1CN(c2cccc(Cl)c2)CC[NH2+]1)c1ccc(F)cc1,0.9001,3.7518,-9.1,-9.59,
c1noc(-c2ccc(CNCc3nnc4n3CCCCC4)cc2)n1,0.7756,2.6195,-8.6,-10.09,
C[C@@H](NC(=O)Cc1ccc(NC(=O)c2ccc(Cl)s2)cc1)c1ccccc1,0.6083,2.3282,-8.6,-10.09,
Fc1cc2c(cc1OCCOCC1=Cc3ccccc3OC2)[C@@H]=C1[O-],0.7405,4.6194,-8.6,-10.09,
N/C(CC(=O)Nc1cccc(O)c1)=[NH+]\CCCn1ccc2ccccc21,0.2927,2.9946,-8.3,-10.290000000000001,
NOC(=O)c1c(C(=O)N2CC[C@H](Oc3ccc(Cl)c(Cl)c3)C2)sc2c1CCCC2,0.6973,3.2393,-8.8,-9.790000000000001,
N=c1c(S(=O)(=O)c2ccc3c(c2)OCO3)c2c3c(sc2n1)CCCC3,0.8637,3.229,-8.6,-9.99,
c1c(NCc2ccc(Br)cc2)sc2c1CN(C(=O)[C@@H]1CC[NH2+]C1)OC2,0.7948,4.4277,-8.7,-9.89,
c1nnoc1-c1ccsc1[C@@H]1CN(C(=O)Nc2ccc3c(c2)CCCN3C)C[C@H](CO)N1,0.5564,4.0835,-8.8,-9.790000000000001,
C#CCn1/c(=N/C(=O)c2ccc(COc3ccccc3O)[nH]2)sc2cc(Cl)ccc21,0.4556,2.916,-8.5,-10.09,
C#Cc1cccc(NC(=O)c2cc3ccccc3nc2N)c1,0.7118,2.0914,-8.6,-9.99,
O=C1/C(=N/N=C/c2ccc(F)cc2)S/C(=C/c2ccc(Cl)cc2)C1=O,0.352,2.7178,-8.7,-9.89,
F[C@@]1([NH2+]Cc2ccccc2-c2ccccc2)CCCCC1,0.8158,2.8648,-8.9,-9.690000000000001,
F[C@@H]1N[C@](O)(c2ccccc2)C(=O)N1c1ccccc1F,0.8301,3.4186,-9.1,-9.49,
c1cc2nc3c(cc2cc1COc1ccccc1)CCC3,0.7106,1.9118,-8.6,-9.99,
N[C@H](c1ccc(F)cc1C(=O)NN1CCOCC1)c1ccc2c(c1)OCO2,0.8464,3.0251,-8.9,-9.690000000000001,
F[C@H]1[C@@H]2CCC[C@H]2[C@@H]1S(=O)(=O)[C@@H]1CCN(c2ccccc2Cl)C1,0.8308,4.1242,-8.5,-10.09,
c1nnnn1[C@@H](COc1ccccc1)C[C@@H]1Cc2ccccc2O1,0.6981,3.3002,-8.5,-10.09,
Oc1cc2c(cc1Br)NC(=O)c1ccccc1C2=O,0.669,2.2111,-8.6,-9.99,
C[C@@]1(Cc2ccccc2)CCN(C(=O)c2cc(C#N)ccc2Cl)C1,0.8367,2.7269,-8.2,-10.39,
OCc1ccccc1CN1CCO[C@H](c2cc(Cl)ccc2C)C1,0.9266,2.6575,-8.8,-9.790000000000001,
C=CCc1ccc(CNC(=O)N[C@@H](c2ccc(F)cc2)C2CC2)cc1,0.7169,2.5902,-8.5,-9.99,
[NH3+]S(=O)(=O)c1cncc(N[C@@H]2CCN(c3ccc(F)c(F)c3)C2=O)c1,0.8165,3.4035,-8.5,-9.99,
O=C(CN1C(=O)CCC[C@H]1C1CC1)N1CCN(c2ccc(F)cc2)CC1,0.8284,2.6745,-8.1,-10.39,
c1csc2[nH+]c3c(c2c1)C[C@@H](Cc1ccccc1)CC3,0.6731,3.6861,-8.9,-9.59,
C[C@@H](CNC(=O)c1ccc(Br)cc1[N+](=O)[O-])c1ccc(Cl)c(Cl)c1,0.522,2.5919,-8.6,-9.89,
Fc1cc(S(=O)(=O)N2CCC[C@@H]2Cc2ccccc2)ccc1F,0.8578,2.4143,-8.8,-9.690000000000001,
CNc1nc(-c2ccccc2Br)ncc1NC(=O)CC1(Nc2ccccc2)CC1,0.4744,2.6162,-8.2,-10.290000000000001,
Fc1c(N[C@@H](Cc2ccccc2Br)c2ccccc2)noc1C,0.6594,2.8076,-8.7,-9.790000000000001,
Oc1cc([C@H]([NH2+]Cc2cc[nH]n2)c2nc3ccccc3[nH]2)ccc1Cl,0.4433,4.0014,-8.8,-9.690000000000001,
Cn1c(-c2csc3c(C(=O)OCc4ccccn4)ncnc3[nH]2)c(O)c2ccccc21,0.4686,3.1679,-8.7,-9.790000000000001,
O[C@@H](C[NH+]1CCN(C[C@@H](O)Cc2ccccc2)CC1)c1cc2ccccc2o1,0.5769,3.9678,-8.4,-10.09,
C=Cc1c(/C=C/C(F)(F)F)cccc1NC(=O)Cn1nc(C)cc(O)c1=O,0.8362,3.0676,-8.5,-9.99,
c1cc(-c2csc(NC(=O)c3cccs3)n2)ccc1-n1cccc1,0.5675,2.1763,-8.2,-10.290000000000001,
C#CCn1/c(=S)/N=C/c2ccc(OCccc(OC)c2)sc2cc(C)ccc21,0.5196,5.1749,-8.9,-9.49,
O=C(N[C@@H](CO)c1ccn(Cc2ccccc2)c1)c1ccc(F)cc1,0.7254,2.6,-8.5,-9.89,
c1cn(CCCC(=O)c2ccc3ccccc3c2)n1Nc1nccs1,0.5015,2.9222,-8.3,-10.09,
O=C1CCN(S(=O)(=O)c2cccc(Cl)c2)N1Cc1cc(F)cc(F)c1,0.8114,2.6493,-8.2,-10.190000000000001,
CC1CC(NC(=O)N[C@@H](CC(=O)Nc2ccc(F)cc2F)C(C)C)CC1,0.7156,3.2216,-8.3,-10.09,
c1ccc2cc(-c3ccccc3F)[nH]c(=O)c2c1,0.6937,1.8524,-8.9,-9.49,
C/C(=C\c1ccc(C(N)=O)cc1)C(=O)NCc1ccccc1Cl,0.8274,2.0247,-8.4,-9.99,
Fc1c(/C=C/c2cnco2)c(=O)n(-c2ccccc2Br)c2c1CCC2=O,0.6483,3.3182,-8.9,-9.49,
F[C@]1(c2ccccc2F)C(=O)NC[C@@H]1NCc1ccc(Cl)cc1,0.9011,3.3697,-8.9,-9.49,
F[C@]1(OCCc2ccccc2)C[C@H](c2cccc(Br)c2)[NH2+]C[C@]12CCOC2,0.776,4.8483,-8.2,-10.190000000000001,
O=[N+](C1=c2ccccc2=[NH+]C1CCN1c2ccccc2)CN1C(=O)c1cc2ccccc2o1,0.4797,4.1366,-8.9,-9.49,
Fc1cc([C@@H](O)COc2ccc3c(c2)C(=O)N(Cc2ccccn2)C3)co1,0.7236,3.2547,-8.3,-10.09,
Fc1cc([N+](=O)[O-])c2ncccc2c1-c1ccccc1Cl,0.5131,2.1866,-8.6,-9.790000000000001,
F[C@@]1(CSCCn2c(=O)oc3ccccc3c2=O)c2ccccc21,0.6686,2.8565,-8.4,-9.99,
Oc1cc(=O)n(Cc2ccccc2)c(-c2ccccc2)n1,0.801,2.0272,-8.8,-9.59,
O[C@@H](C1CCCC1)N1CCc2[nH]c3ccccc3c2C1,0.8802,3.0176,-8.6,-9.790000000000001,
O[C@@H](C(=O)Nc1cc(Br)ccc1Cl)c1nnnn1-c1ccccc1,0.6923,2.7339,-8.1,-10.290000000000001,
c1c(F)cc([C@@H]2Nc3c(s2)NCCc2ccccc23)cc1,0.8404,3.2277,-8.8,-9.49,
c1c(-c2ccc(OCCc3ccccc3)cc2)noc1-c1ccco1,0.4856,2.021,-8.5,-9.790000000000001,
F[C@@H]1N=C(NCc2ccccc2F)C1Cc1ccccc1,0.855,3.1944,-8.4,-9.89,
c1coc(CS[C@H](c2ccc3ccccc3c2)CC2CCCC2)c1,0.4811,2.8288,-8.8,-9.49,
Fc1c(-c2ccncc2)sc2c1CCN(c1ncnc(N3CCOCC3)n1)C2,0.6716,2.9517,-8.8,-9.49,
c1ccccc1CN1CC[NH+](Cc2nc(-c3ccncc3)no2)CC1,0.7542,3.1704,-8.5,-9.790000000000001,
O[C@@H](C[C@@H](O)c1ccc2ccccc2c1)N1CCCCCC1,0.9084,2.9423,-8.5,-9.790000000000001,
[NH3+][C@]1(CNCc2ccccc2)CCCN(S(=O)(=O)c2cccc(Cl)c2)C1,0.785,3.1439,-8.0,-10.290000000000001,
c1cc(-c2nc3ccc(C(F)(F)F)cc3[nH]c2=O)ccc1O,0.7246,2.1413,-8.4,-9.89,
Fc1cccc(C2CC[C@H]([NH2+]Cc3cccnc3OCC3CC3)[C@@H]2c2ccco2)c1,0.6023,4.1731,-8.7,-9.59,
Oc1ccc(NC(O)c2ccccc2Br)c2ccc(F)cc12,0.4734,2.7947,-8.2,-10.09,
[NH3+][C@@H]1CCCCCC[C@H]1C(=O)N1CC[C@H](CNc2ccc(Br)cc2)C1,0.802,3.6107,-8.1,-10.190000000000001,
O=[N+](Cc1ccc(Br)cc1)c1ccc(NC(=O)Cc2ccc(Cl)s2)cc1,0.4713,2.447,-8.2,-10.09,
O=[N+](C[O-])c1ccc([O-])c(ONC(c2ccccc2)c2ccccc2)c1,0.4012,3.2739,-8.6,-9.690000000000001,
F[C@@H]1NOC[C@@H]1[C@@H](C(=O)[O-])[NH+]1CCC([NH+]2CCC[C@H]2c2ccc3c(c2)OCO3)CC1,0.4649,6.2201,-8.6,-9.690000000000001,
F[C@@]1(C[NH+]2CCC[C@@H]2CC2C[C@@H]3CC[C@@H](C2)[C@H]1C3)NC1CCCC1,0.7416,6.8241,-8.7,-9.59,
CNS(=O)(=O)c1ccc([C@H](C)N[C@@H](CO)Cc2c[nH]c3ccccc23)cc1,0.4772,2.9897,-8.7,-9.59,
Oc1cc(-c2coc(COc3ccc(Cl)cc3)n2)c(Br)cc1,0.6885,2.3188,-8.7,-9.59,
Fc1ccc2c(c1)CC[C@H]2NCc1ccc(F)cc1F,0.8974,2.5171,-8.4,-9.790000000000001,
NOc1cc(Cc2nc(Cc3cccc(Br)c3)no2)ccc1I,0.4383,2.6431,-8.4,-9.790000000000001,
F[C@@H]1[C@H](O)c2ccc(C(=O)Nc3ccccc3Br)cc2N1,0.7266,3.1983,-8.8,-9.39,
c1noc2nc(N3CCN(c4nccc[nH+]4)CC3)c(=O)[nH]c12,0.6764,3.9714,-8.8,-9.39,
FCCS(=O)(=O)Cc1nc2ccccc2c(=O)n1-c1ccccc1,0.7106,2.3517,-8.4,-9.790000000000001,
N#Cc1ccc(C(=O)NC[C@H](c2ccccc2)[NH+]2CCCC2)cc1,0.881,3.5989,-8.3,-9.89,
N#CCCn1c(SCC(=O)Nc2ccccc2)nnc1-c1ccccc1F,0.6306,2.1232,-8.3,-9.89,
O=C(C[C@H]1CSc2ccccc21)N1CCN(c2cc[nH+]cc2)CC1,0.8612,3.7283,-8.7,-9.49,
Fc1cc(-c2ccccc2)nc2ccccc12,0.6063,1.6617,-8.6,-9.59,
O[C@H](C1CCCC1)C1CCO[C@@H](c2nnc3n2CCCC3)C1,0.9323,3.8661,-8.5,-9.690000000000001,
Oc1cc(NC(=O)c2ccccc2Oc2ccccc2)ccn1,0.7681,2.0005,-8.7,-9.49,
C[C@@]1([NH2+]Cc2ccco2)CCC[C@H](O)[C@@H]1c1cccc(C(F)(F)F)c1,0.8836,4.2038,-8.2,-9.99,
Cc1ccccc1CNC(=O)CNc1ccccc1C(=O)[O-],0.836,2.2052,-8.1,-9.99,
C[C@@H](NC(=O)NCc1cccn1C)c1cnc(-c2ccc(F)cc2)s1,0.7278,2.9001,-8.2,-9.89,
NNc1nccc(Nc2nc3ccc(F)c(F)c3[nH]2)n1,0.4285,2.9008,-8.9,-9.190000000000001,
OC[C@@H]1C[C@@H](Oc2ccc(F)cc2)CN1C[C@@H]1COc2ccccc2O1,0.8889,3.3485,-7.9,-10.190000000000001,
[NH3+]O/C=C/c1ccc(CN2CCO[C@@H](c3ccccc3F)C2)cc1,0.6774,3.1787,-8.7,-9.39,
Oc1c(F)c(NC[C@H]2COc3ccccc32)c(F)cc1F,0.9116,3.1598,-8.8,-9.290000000000001,
O=[N+]([O-])c1cccc(S(=O)(=O)c2ccc(C(F)(F)F)cc2[N+](=O)[O-])c1,0.5959,2.2973,-8.0,-10.09,
Fc1c(O)cc(/C=C/CC2=c3ccccc3=[NH+]C2)cc1Cl,0.8763,3.7559,-8.3,-9.790000000000001,
COc1ccccc1CNC(=O)NCc1ccc(-n2cnnn2)cc1,0.7129,2.0378,-8.4,-9.690000000000001,
c1csc2nc(SCC(=O)Nc3ccccc3C[NH+]3CCCC3)nc2c1,0.6405,3.4316,-8.4,-9.690000000000001,
O=[N+](C)c1cn(CCc2nc(-c3ccco3)no2)c2ccccc12,0.5247,2.7707,-8.1,-9.99,
O=[N+](C/c1ccccc1O)[NH+]1CCC[C@@H](c2nncn2C2CC2)C1,0.8019,4.5107,-8.6,-9.49,
c1coc(S[C@@H](CCC(=O)NCc2cc(C3CC3)nc3ccccc23)C2CC2)n1,0.5018,3.4267,-8.1,-9.99,
N[C@H]([C@@H]1Cc2cc(F)ccc2O1)c1ccc(F)c(F)c1,0.9164,3.1079,-8.6,-9.49,
N#C[C@H]1CCC[C@@H]1NC(=O)c1cccc(S(=O)(=O)NCc2ccccc2)c1,0.8008,2.8562,-7.7,-10.39,
O[C@H](CCl)c1cccc(-n2nc3ncccc3c3nccc23)c1,0.5878,3.1145,-8.4,-9.690000000000001,
Oc1cccc(CC(=O)N[C@H]2CC(=O)N(C3CC3)[C@@H]2c2cc(Cl)c[nH]2)c1,0.7525,3.6384,-8.3,-9.790000000000001,
c1noc(Cc2cccc(C(=O)Cc3csc(-c4ccco4)n3)c2)n1,0.4914,2.6934,-8.2,-9.89,
Fc1cc2[nH]ccc2cc1C(=O)Nc1ccc(Br)cc1Cl,0.6594,2.15,-8.4,-9.690000000000001,
c1cc([C@@H]2CCCC[NH2+]2)ccc1COc1ccc(Cl)c(Cl)c1,0.8813,3.3393,-8.5,-9.59,
c1cc(S(=O)(=O)c2ccc3c(c2)CCC(=O)N3)ccc1Cl,0.9243,2.0592,-8.5,-9.59,
Cn1ccc(C[NH2+]C[C@H](c2cccc(C#N)c2)c2ccc(F)cc2F)c1,0.7281,3.725,-8.8,-9.290000000000001,
[NH3+][C@H](CC(=O)Nc1ccc(Br)cc1)[C@@H]1CCOC2(CCC2)C1,0.8584,4.1273,-8.4,-9.59,
C[C@@](O)([C@H]1CCCC[NH2+]1)c1cccc(OCc2ccccc2)n1,0.8873,3.9153,-8.3,-9.690000000000001,
N/C(C/c1nc2ccccc2s1)C(=O)c1ccc2c(c1)OCO2,0.7463,2.7613,-8.2,-9.790000000000001,
[NH3+][C@@H]1CCCCC[C@@H]1C(=O)Nc1ccc2[nH]c(=O)[nH]c2c1,0.6189,3.5397,-8.4,-9.59,
O[C@@H](c1cc(F)ccc1F)N1CCc2cc(OC(F)F)c[nH+]c2C1,0.8677,4.1126,-8.5,-9.49,
Fc1ccccc1[C@H]([NH2+]C[C@H](O)C1CCC1)C1CCCCCC1,0.7727,3.799,-8.5,-9.49,
c1nc(Cn2cnc3ccccc3c2=O)c2nnsc2c(Cl)c1=O,0.5435,2.9893,-8.4,-9.59,
F[C@@H]1CC[C@H]([NH+]2CCN(C3CCCC3)C2)c2ccccc21,0.8793,4.6409,-8.3,-9.690000000000001,
O=[N+](Cc1ccc(Cl)cc1)N1CCCN(C(=O)Cn2cccc2Cl)CC1,0.7297,2.9596,-8.1,-9.89,
F[C@@]1(F)C[C@H](c2cccc(F)c2)N1Cc1ccccc1Br,0.6897,3.1512,-8.7,-9.290000000000001,
FCC[C@H]1CCC[C@@H]1Cn1c(-c2cccnc2)nc2ccccc21,0.6702,3.1813,-8.8,-9.190000000000001,
FCC[C@@]1(C(=O)OCc2cc3ccc(F)cc3s2)CCCN(S(C)(=O)=O)C1,0.6753,3.4256,-8.0,-9.99,
CS[C@@]1(C)C(=O)N(C[C@H](O)c2ccc3c(c2)OCO3)C(F)(F)C(=O)N1C1CC1,0.7424,4.1073,-8.4,-9.59,
c1ccc2cc(C(=O)N[C@@H](c3cccnn3)C3CC3)sc2c1,0.8013,2.9372,-8.5,-9.49,
Fc1cc(Cn2cnc(-c3ccc(F)cc3)n2)ccc1Cl,0.7339,2.0755,-8.2,-9.790000000000001,
F[C@@]1(c2ccccc2)/C(=N/N=C\c2ccc(Cl)c(Cl)c2)CC1,0.528,3.255,-8.1,-9.89,
F[C@@]1(CNC(=O)c2cccc(F)c2)C[C@H](Cc2cccnc2)O1,0.9219,3.2783,-8.3,-9.690000000000001,
Oc1cc2[nH]c(=O)ccc2c(OCc2ccccc2Cl)n1,0.7799,2.4481,-8.3,-9.690000000000001,
Oc1cc([C@H]2N[C@H](Sc3ccccc3)N2/N=C/c2ccoc2)ccc1[N+](=O)[O-],0.3698,3.9586,-8.9,-9.09,
Cn1nc(N)cc1C(=O)NNC(=O)c1cnc(-c2ccccc2)s1,0.6188,2.5392,-7.8,-10.190000000000001,
C[C@@H](Oc1cc(F)ccc1OC(F)(F)F)C(=O)Nc1cccc(Cl)c1,0.7625,2.4983,-8.1,-9.89,
C=Cc1cc(C)ccc1[C@H](C)NC(=O)[C@@H](C)c1nc2ccccc2s1,0.6845,3.2166,-8.1,-9.89,
OC[C@@H]1[C@H](C2C[NH2+]C[C@H]2CC2CCCC2)Oc2ccc(F)cc21,0.8918,4.6423,-8.1,-9.89,
CSc1nc2ccccc2n1CCC(=O)N[C@H]1C=C[C@@H](C(F)(F)F)C1,0.6447,3.5763,-8.4,-9.49,
N/C(=N/OC(=O)c1ccc2c(c1)OCO2)c1nnc2n1CCC2,0.3779,2.7872,-8.3,-9.59,
c1nnc(-c2cc(C(=O)OCc3nc(-c4ccsc4)co3)sn2)c(C)c1,0.4806,3.2212,-8.2,-9.690000000000001,
F[C@]1(C[NH2+]Cc2cccnc2)c2ccccc2[C@H]1c1ccccc1F,0.7605,3.9276,-8.6,-9.290000000000001,
F[C@H]1[C@H](Oc2ccccc2-c2ccc3c(c2)OCO3)C1(C)C,0.8497,3.1326,-8.7,-9.190000000000001,
N/[NH+]=C(\Cc1ccccc1)NCC(=O)c1cccc(S(C)(=O)=O)c1,0.2142,2.7814,-8.4,-9.49,
Oc1c(F)cc(/C=C2\SC(=S)N(c3ccc(Cl)cn3)C2=O)cc1,0.6431,2.5106,-8.7,-9.190000000000001,
Oc1c(Cl)cccc1[C@H]1CCCN1C(=O)c1ccccc1F,0.9025,2.5006,-8.2,-9.690000000000001,
F[C@@]1(c2ccccc2)CC[NH+](C[C@H](O)c2ccccc2)C1,0.8811,4.1636,-8.3,-9.59,
N[C@H](Nc1ccc(Cc2cccnc2)nc1)c1cccc(F)c1,0.7101,2.8873,-8.1,-9.790000000000001,
N#C[C@]1(O)CCCC[C@@H]1C(=O)NCC(C)(C)c1ccccc1F,0.8383,3.4934,-8.1,-9.790000000000001,
Fc1cc(F)cc(S(=O)(=O)Nc2ccccc2N2CCOCC2)c1,0.917,2.0883,-8.2,-9.690000000000001,
F[C@@]1(c2ccccc2Br)CCCN(C2CCCCCC2)C1,0.6401,3.0078,-8.2,-9.690000000000001,
Oc1cc2c(cc1-c1cc3ncccc3[nH]1)OCCO2,0.7117,2.4721,-8.6,-9.290000000000001,
O=C([C@H]1CCCN(c2cnc3ccccc3n2)C1)N1C[C@H](O)C[C@H]1CO,0.8456,3.3864,-9.2,-8.69,
Oc1cc2nc(C[NH+]3CC[C@@H](c4ccc(Cl)c(Cl)c4)CC3)nc2c1O,0.7561,4.2741,-8.2,-9.690000000000001,
CNC(=O)CSc1ccccc1NC(=O)COc1ccc(C)c(F)c1,0.7433,2.0096,-8.5,-9.39,
Oc1cc(Br)ccc1C[NH+]1CCC[C@H](Cc2ccccc2)C1,0.8591,3.9478,-8.1,-9.790000000000001,
FC1=Nc2ccccc2C[C@@H]1CCc1ccccc1,0.7638,2.8496,-8.3,-9.59,
FC1N(c2ccc(F)cc2)CCN1C1CC[NH+](CCc2ccccc2)CC1,0.809,3.9324,-8.3,-9.59,
c1cc([C@H](CO)CCl)nc(-c2ccc3ccccc3c2)n1,0.7485,2.8447,-8.4,-9.49,
CSc1ccccc1C(=O)N1CCC[C@@H]1c1ccc(C(C)C)cc1,0.6846,2.4723,-8.4,-9.39,
c1n[nH]c2nc(N3CCN(C(=O)[C@@H]4CCCO4)CC3)ccc12,0.8873,2.9891,-8.0,-9.790000000000001,
F[C@@H]1CCCC[C@@H]1Cc1cncc(-c2ccccc2)n1,0.8344,3.1284,-8.3,-9.49,
Oc1ccccc1[N-]S(=O)(=O)c1ccc(C(F)(F)F)c(C(F)(F)F)c1,0.7715,3.277,-8.0,-9.790000000000001,
[NH3+]S(=O)(=O)c1ccc(NC(=O)c2cc(C(F)(F)F)c(Br)cn2)c(C[NH2+]C(C)(C)C)c1,0.5682,3.69,-8.4,-9.39,
O=C1S/C(=C/c2ccc(Oc3cccc(Cl)c3)o2)C(=O)N=C1[O-],0.7916,3.1404,-7.9,-9.89,
C[C@H](C(=O)[O-])[C@@H](C)NC(=O)[C@@H]1Cc2cc(F)ccc2N1Cc1ccco1,0.8387,3.8068,-8.3,-9.49,
OC=NC1=C(c2ccc(F)cc2)S/C1=N\c1ccc(Br)c(O)c1,0.5683,3.3547,-8.4,-9.39,
N[C@@H]([NH2+]Cc1cccc(-n2cccn2)c1)c1ccc(F)cc1,0.7047,3.3976,-8.4,-9.39,
c1noc(-c2ccc(S[C@@H]3CCS3(=O)CCc3cccc(F)c3)o2)n1,0.6598,4.4691,-7.9,-9.89,
C=CCN(Cc1ccccc1)C(=O)CCC(=O)Nc1cccc(C)c1,0.7427,1.935,-7.8,-9.99,
c1cc(/C=N/SC2CCOCC2)nc(N[C@@H](Cc2ccccc2)C(F)(F)F)c1,0.5212,3.615,-8.5,-9.290000000000001,
NOc1ccc(Cl)cc1[C@@H]1CC(=O)N(Cc2ccc(F)cc2)C1=O,0.6809,2.8348,-8.2,-9.59,
Oc1c([O-])cccc1S(=O)(=O)Cc1cccc(C(F)(F)F)c1,0.9371,2.751,-8.1,-9.690000000000001,
F[C@@H]1NS(=O)(=O)c2cc(S(=O)(=O)c3ccncc3)cc(Cl)c2S1,0.7847,3.8179,-8.7,-9.09,
O=C(CSc1ccccc1)Nc1cccc(NC(=O)c2cccs2)c1,0.6185,1.8342,-8.1,-9.690000000000001,
Oc1cc(O)c(S(=O)(=O)N2CCC[C@H]2CCCCCOc2cccc(F)c2)c(Cl)c1,0.5336,2.979,-8.2,-9.59,
C[C@@]1(C(=O)C(=O)N2CCOCC2)CCC[C@H]1C(=O)Oc1ccc2nccnc2c1,0.4404,3.5846,-8.1,-9.690000000000001,
O[C@H]1CCC[C@H]1C[NH+]1CCC([NH+]2CCC(C3CCCC3)CC2)CC1,0.6924,5.3439,-8.8,-8.89,
c1c(C[NH2+][C@@H]2CCCC[C@@H]2C[C@@H](O)c2ccccc2)cnn1C,0.8584,4.1122,-8.4,-9.290000000000001,
C/C(=N/OC(=O)CCc1ccc(F)cc1)c1cc2ccccc2o1,0.3949,2.2543,-8.3,-9.39,
O=C1O[C@H](Cc2nc(-c3ccccn3)no2)CN1Cc1ccccn1,0.7033,3.0382,-7.9,-9.790000000000001,
F[C@@H]1N2CCCC[C@@H]2[C@@H]1NC(=O)C[C@H]1C=Cc2c1CCCC2,0.8127,4.5539,-8.3,-9.39,
N#C/C(=N\OC(=O)c1ccc(N)cc1)S(=O)(=O)c1ccc(Cl)cc1,0.2934,2.5789,-8.4,-9.290000000000001,
Oc1cc2[nH]c(=O)c(C(F)(F)F)cc2nc1[C@@H]1CCC[NH2+]CC1,0.7414,4.1958,-8.4,-9.290000000000001,
c1noc(Nc2ccc(C[NH+]3CCC[C@@H](n4cnnc4)C3)cc2)n1,0.722,4.7312,-8.3,-9.39,
C[C@@H](c1ccccc1)[C@H](C)NC(=O)N1CC[C@H](n2cccn2)C1,0.9432,3.3652,-7.9,-9.790000000000001,
C[C@@]1(CCc2ccccc2)CN(C(=O)c2ccco2)CCN1C(=O)c1ccccc1F,0.6145,2.9693,-8.4,-9.290000000000001,
N[C@]1(CNC(=O)c2ccc(Cl)o2)CCC[C@H](Sc2ccccn2)C1,0.8471,3.6735,-8.1,-9.59,
[NH3+]c1ccc2c(c1)C(=O)N(Cc1cnn(C(F)(F)F)c1)C2=O,0.8409,3.3303,-7.7,-9.99,
O=C(NC[C@H]1CN2CCCC[C@@H]2CO1)c1cccc([N+](=O)[O-])c1,0.6726,2.9988,-8.0,-9.690000000000001,
OC(F)(F)[C@H]1CCC(F)(F)CC[NH2+][C@@H]1C[C@H](O)c1ccccc1,0.7374,4.565,-8.0,-9.690000000000001,
N[C@H](C(=O)Oc1cccc(OCc2ccccc2)c1)c1ccco1,0.5552,2.588,-8.2,-9.49,
CC[C@@H]1CN(C(=O)NCc2ccccn2)CC[NH+]1Cc1ccccc1,0.8667,3.9157,-8.0,-9.690000000000001,
O=C(Cc1nc(-c2ccco2)no1)N1CC[C@@H]([C@@H]2CCOC2=O)C1,0.7782,3.4392,-8.0,-9.690000000000001,
CO[C@@H](C)c1noc(C[NH+]2CCC[C@H](Oc3ccc(F)cc3F)C2)n1,0.8553,4.6156,-8.1,-9.59,
c1nnn(-c2ccc(NC(=O)[C@@H]3CCCN3C3=COC3)cc2)c1C,0.9287,3.2534,-8.2,-9.49,
O=C(Cc1ccccc1)NCCNC(=O)c1ccc(Cl)c2c1OCCO2,0.7599,2.197,-8.0,-9.690000000000001,
F[C@H]1[C@H]c2ccccc2S[C@@]1(CO)CCc1ccccc1,0.9192,3.712,-8.2,-9.49,
Fc1c(N/N=C\c2ccccc2O)oc2ccccc12,0.563,2.518,-8.1,-9.59,
O[C@@H](C[NH+]1CCC[C@H]1c1cccs1)c1nc(-c2ccccc2)no1,0.7465,4.3659,-8.1,-9.59,
Cc1nn(C)c(C)c1NC(=O)[C@@H]1Cc2ccc(C(F)(F)F)cc2C[C@H]1NC(=O)C(=O)[O-],0.6842,3.7583,-8.8,-8.790000000000001,
NC(=O)[C@H](NC(=O)c1ccc(CBr)cc1Cl)c1ccccc1,0.7808,2.4738,-8.2,-9.39,
Fc1ccc(Cl)cc1CNCc1cnn(-c2ccccc2)c1,0.7722,2.004,-8.1,-9.49,
c1c(S(=O)(=O)c2cccc(F)c2)ccn1Cc1cccnc1,0.7435,2.3922,-8.0,-9.59,
Fc1ccc2[nH]c(S[C@H]3CCC[NH+]4CCC[C@@H]4C3)nc2c1,0.893,4.8092,-8.3,-9.290000000000001,
O=C1C[C@H](c2ccc(Cl)cc2)CCN(C(=O)c2cccnc2)C1,0.8494,2.5869,-8.6,-8.99,
c1n[nH]c([C@H]2CCCN(c3cc[nH+]c4cncnc34)C2)n1,0.756,4.2549,-8.4,-9.190000000000001,
Fc1c(/C=C/C(Cl)c2ccccc2)nccc1N1CCOCC1,0.7897,3.2595,-8.1,-9.49,
F[C@]1(Cl)CCCCC[C@H]1CC[NH+]1CCC[C@H]1c1ccccc1,0.6225,4.8796,-8.3,-9.290000000000001,
c1noc2CSCc3nc(CSc4ccccc4)cnc3c(=O)[nH]c12,0.7031,3.7252,-8.0,-9.59,
O=[N+](CCC1CCC1)c1nc2ccccc2n1C[C@H](O)C[NH+]1CCCCC1,0.6975,4.4081,-8.2,-9.39,
N[C@H](Cc1cc(Cl)ccc1Br)C(=O)Nc1cc(C(=O)[O-])ccc1C,0.7903,2.91,-7.9,-9.690000000000001,
Fc1cc(Cl)ccc1CSCc1noc(-c2ccccc2)n1,0.6605,2.16,-7.8,-9.790000000000001,
Fc1cc(N[C@H]2CCCN(c3ncccn3)C2)c(Cl)c(Cl)c1,0.857,2.8261,-8.5,-9.09,
O[C@H](C1CC[NH2+]CC1)c1ccc(OCc2cc(F)ccc2Cl)cc1,0.8702,3.4892,-8.3,-9.290000000000001,
Oc1ccc(/C=N/NC(=O)c2cc(Cl)c3c(c2)OCO3)cc1,0.673,2.2291,-8.0,-9.59,
N#CCc1ccccc1C(=O)NCCCc1ccc(C(F)(F)F)cc1,0.7996,2.0818,-8.0,-9.49,
Cn1cccc1NC(=O)c1ccc(CN2CCO[C@H](C(=O)[O-])[C@H]2C)cc1,0.8486,3.6287,-8.2,-9.290000000000001,
NOC(=O)[C@@H]1CCCCN1C(=O)Nc1ccccc1C(F)(F)F,0.8156,2.7571,-8.1,-9.39,
OC[C@H]1CN(C(=O)c2cc3ccccc3n2CC2CCCC2)CCO1,0.9293,2.8393,-8.2,-9.290000000000001,
c1ncnc(N[C@@H]2CCC[NH2+]C[C@H]2CC2CCCCC2)n1,0.8836,4.324,-8.3,-9.190000000000001,
F[C@H]1OCCC[C@H]1C[S@@](=O)C(c1ccccc1)c1ccccc1,0.8182,3.6307,-8.4,-9.09,
[NH3+]S[C@]1(/C([O-])=[NH+]\Cc2ccccc2)C(=O)c2ccccc21,0.4319,4.2115,-8.4,-9.09,
F[C@]1([NH2+]CC2CCCCC2)CCCN(c2ccccc2)C1,0.8451,3.5082,-7.9,-9.59,
c1noc2c1CCC[C@@H]2NCc1csc(-c2ccsc2)n1,0.7892,3.4632,-8.4,-9.09,
[NH3+]Cc1ccccc1C[NH2+][C@H](Cc1cccs1)C1CCCCC1,0.784,4.0099,-8.1,-9.39,
OC=N/C(=NS(=O)(=O)c1cccc(F)c1)c1ccccc1,0.6988,2.6726,-8.3,-9.190000000000001,
F[C@H]1[NH2+]CC[C@H]1c1noc(OC[C@H](F)c2ccc(Cl)cc2)n1,0.8533,4.7626,-8.1,-9.39,
c1nnnn1CCCNC(=O)Cn1c(SCn2cccn2)nc2ccccc21,0.3336,2.7257,-8.1,-9.39,
O=C([C@H]1CCCN(C(=O)c2ccco2)C1)[NH+]1CCC(OCc2ccccn2)CC1,0.8221,3.8043,-7.8,-9.690000000000001,
Fc1c(N[NH2+]C[C@@H]2Cc3ccccc3C2)noc1C,0.6471,3.4884,-8.0,-9.49,
FC1Nc2ccc(Cl)cc2C[C@@]1(O)Cc1ccccc1,0.8291,3.3247,-8.0,-9.49,
C[C@@H](Nc1ccc(C(F)(F)F)cc1)NC(=O)c1ccccc1,0.8413,2.4974,-8.1,-9.39,
Cc1noc(C)c1S(=O)(=O)N1CCC[C@H]1c1ccc(Cl)cc1,0.8578,2.6466,-8.3,-9.190000000000001,
C[C@@]1([NH2+]CCc2cccc(OCc3cccs3)n2)CCC[NH+](C2CCC2)C1,0.7256,4.8996,-8.2,-9.290000000000001,
c1cc(S(=O)(=O)N2CCCOCC2)nn1-c1cccc(Cl)c1,0.8554,2.4323,-7.8,-9.690000000000001,
F[C@@H](c1cccc(Br)c1)[C@H]1CN(Cc2ccccc2)C[C@@H]1O,0.8881,3.2929,-8.0,-9.39,
c1ccc([C@@H]2CSCCN2Cc2nnc3n2CCC3)cc1,0.8721,3.0232,-8.1,-9.290000000000001,
O=[N+]([O-])c1cccc(CN2CCO[C@@H](c3ncccn3)C2)c1,0.6339,2.846,-7.7,-9.690000000000001,
FC1=N[C@@H](c2ccccc2c2ncnn2-c2ccccc2)C1,0.7376,3.0355,-7.9,-9.49,
c1nc2c(s1)[C@@H](CNS(=O)(=O)c1ccccc1F)CCC2,0.9396,3.1371,-8.2,-9.190000000000001,
N=C1NCCN1C(=O)[C@H](C)Sc1cc(S(=O)(=O)NCc2cccnc2)cs1,0.5788,3.6526,-8.1,-9.290000000000001,
Oc1c(Br)c2ccccc2n1Cc1ccc(C(CO)(F)F)cc1,0.7092,2.5377,-8.2,-9.190000000000001,
Oc1ccccc1N1CCC([NH2+]Cc2ccc(F)cc2)CC1,0.9092,2.945,-8.0,-9.39,
NN[C@@H](Cc1cnc2ccc(C(F)(F)F)cc2[nH+]1)c1cccs1,0.5674,4.068,-8.0,-9.39,
O=C(COC(=O)c1ccc2oc3c(c2c1)CCC3)NC(C)C,0.8814,2.2446,-8.0,-9.39,
F[C@@]1([C@H](Cl)c2ccccc2F)CCC[C@@H]1C1CCCC1,0.6182,3.7378,-8.1,-9.290000000000001,
FCCc1ccccc1Cc1nnc(S[C@H]2C[C@H]3CC[C@@H]2C3)o1,0.7831,4.5404,-7.4,-9.99,
O=[N+](C)C1CCC(C[NH+](Cc2ccccc2)Cc2c(F)cccc2Br)CC1,0.6501,4.0154,-8.5,-8.89,
NC(=O)C1[NH+]=C(N)C([C@@H]2OCCc3ccccc32)C1,0.6112,4.4321,-8.5,-8.89,
N[C@@H](CNC(=O)CCc1ccccc1)c1ccc(-n2cccn2)cc1,0.6975,2.5099,-7.4,-9.99,
Oc1cc(F)cc([C@@H]2Nc3cccnc3S[C@@H]2C(=O)N2CCCCC2)c1,0.8426,3.5755,-9.3,-8.09,
[NH3+][C@@]1([C@@H]2CCOC2)CCC[C@H](Cc2ccc(F)cc2)C1,0.9062,3.9368,-8.2,-9.190000000000001,
O[C@@H](Cn1cc(COC[C@H]2CCC[NH2+]2)cn1)c1ccc(OCc2cc[nH+]cc2)cc1,0.5267,4.6805,-8.1,-9.290000000000001,
C[C@@]1(NC(=O)[C@H]2CCC[NH+](Cc3ccccc3)C2)[NH2+]CCOCO1,0.6502,5.2837,-8.1,-9.290000000000001,
c1cc(Cl)ccc1Oc1ncccc1CNC(=O)c1cn(C)nc1C,0.7593,2.1845,-8.2,-9.190000000000001,
OCc1cccc([C@@H]2CC(C)(C)[NH+]C3(C2)CC3)c1,0.8174,4.3909,-8.3,-9.09,
c1cccc(C[NH2+][C@@H](CO)c2ccc3ncccc3c2)c1,0.7506,3.3292,-8.3,-8.99,
CCOc1ccc(/C=N/NC(=S)NC(=O)c2ccccc2)cc1OC,0.4725,2.0089,-7.9,-9.39,
CC[NH+]1CCC[C@@H]1CN(C)C(=O)c1ccc(C(=O)N(C)[C@H]2CCCCC[C@@H]2C)c(C)c1,0.7076,4.4498,-7.8,-9.49,
NOn1c(CC[NH+]2CCc3sc(-c4ccccc4)nc32)csc1=O,0.6547,4.5441,-8.4,-8.89,
Oc1cccc(-c2nnn(-c3ccccc3)c2C#N)c1,0.7696,2.3364,-8.3,-8.99,
O[C@H](Cc1cccc(F)c1)[C@@H]1CCOC2(CCCCC2)C1,0.9164,3.687,-8.4,-8.89,
c1c(Br)cc(-c2ccnc(NC3CCCCCC3)n2)cn1,0.8345,2.2698,-7.5,-9.790000000000001,
c1n[nH]c2nc(CS(=O)(=O)Cc3cccnc3F)ccc12,0.7397,2.9082,-8.0,-9.290000000000001,
O=[N+](C(=O)[C@H]1CCCCC[C@H]1[NH3+])c1ccc(Cl)cc1Cl,0.6726,4.0127,-7.8,-9.49,
c1cc2noc(-c3ccco3)c2cc1CSn1nncn1,0.5726,3.2824,-8.0,-9.290000000000001,
C[C@H](C(=O)OCc1ccccn1)[NH+]1CCC(c2ccc(Br)cc2)CC1,0.78,3.6985,-7.8,-9.49,
N#C[C@@](O)(NC/C([O-])=N/S(=O)(=O)c1ccc(Cl)cc1)c1ccc(F)cc1,0.323,3.5331,-7.5,-9.790000000000001,
Fc1c(N[NH2+]CCc2ccc(Br)s2)ncn1CCc1ccccc1,0.3404,3.3651,-7.8,-9.49,
Oc1cc(OCc2ccccc2Cl)c([N+](=O)[O-])cc1Cl,0.6783,2.0553,-8.3,-8.99,
C=CCNC(=O)CNC(=O)N1CCN(c2ccc(C)c(C)c2)CC1,0.8031,2.1572,-7.8,-9.49,
COc1ccc(OC)c(Nc2ncnc(N3CCC(C)CC3)c2)c1,0.9067,2.186,-7.6,-9.690000000000001,
CCc1nnc(CCC(=O)c2ccc(Oc3cnccc3)cc2)o1,0.6178,2.2118,-8.1,-9.190000000000001,
O[C@H](C[NH+]1CCC[C@H]1COc1ccccc1)c1ccccc1,0.8532,3.9922,-8.2,-9.09,
F[C@@H]1c2ccccc2CN1Cc1ccccc1F,0.7271,2.7344,-8.1,-9.190000000000001,
O[C@H](Oc1ccccc1Br)Cc1cccc(OCc2cnc[nH]2)c1,0.6052,2.8696,-8.2,-9.09,
N#Cc1ccc(CN2CCC(=O)N(CC3CCCC3)CC2)cc1,0.8588,2.1573,-8.1,-9.190000000000001,
O[C@H](C[NH+]1CCCCC1)Nc1sc2c(c1C(=O)[O-])CCCCC2,0.5287,4.6057,-8.2,-9.09,
NOS(=O)(=O)c1cc(C(F)(F)F)cc(C(=O)N2CCOC[C@@H]2C2CC2)c1,0.7781,3.2864,-7.9,-9.290000000000001,
c1c(F)cccc1NCc1ccc(Br)cc1-n1cccn1,0.7596,2.1669,-8.3,-8.89,
FCCN1CCCC[C@@H]1NC(=O)c1ccnc(NC(=O)N2CCCOCC2)c1,0.7973,3.1698,-7.9,-9.290000000000001,
[NH3+]c1nnn(CCC[NH2+]C[C@@H]2CC[C@]3(CCC[NH+](C4CCC4)C3)C2)c1Cl,0.5688,6.4859,-7.9,-9.290000000000001,
[NH3+][C@@]1(CO)CCC[C@H]1CC(O)(C1CC1)[C@@H]1Cc2ccccc2C1,0.7739,4.4476,-7.9,-9.290000000000001,
C[C@@]1([NH3+])CCCCN(C(=O)C2CCN(C(=O)c3cccnc3)CC2)C1,0.8663,3.1574,-7.9,-9.290000000000001,
c1cc(F)cc(NCc2cnn(-c3ccc(F)cc3)c2)c1,0.7906,1.9363,-7.9,-9.290000000000001,
C[C@@H](Sc1nnc(-c2cccs2)n1C1CC1)C(=O)Nc1cc(Cl)ccc1Cl,0.4958,2.7284,-7.2,-9.99,
C[NH2+][C@@H](C)C(C)(C)c1ccc(Nc2ccccc2[N+](=O)[O-])cc1,0.6351,3.2281,-8.1,-9.09,
c1nncn1-c1nc2c(s1)[C@H](c1ccccc1)CC2=C1CCCCC1=O,0.6425,3.5776,-9.1,-8.09,
C/[NH+]=C(/NCc1cccnc1)N1CCc2cc(OC)ccc2[C@H]1C,0.6493,3.3884,-8.4,-8.790000000000001,
NN[C@H](c1ccc(Cl)c(Cl)c1)[C@@H]1C[C@@H]1c1ccccc1F,0.6441,3.4507,-7.8,-9.39,
Fc1c(CN(CC[NH+]2CCCC2)C2CCCCC2)nc3ccccn13,0.8689,3.8539,-8.6,-8.59,
Fc1c(S(=O)(=O)NCCCn2cccn2)ccc(=O)c2ccccc21,0.6802,2.4854,-7.7,-9.49,
F[C@]1(NC2(c3ccccc3F)CCC2)CCC[NH2+]C1,0.8036,4.3836,-8.1,-9.09,
FCCc1nnnn1-c1ccc(N[C@H](CO)c2ccccc2F)cc1,0.6879,2.9635,-8.1,-9.09,
F[C@H]1cc2c(ncc2C[C@H]2C=CCN2C2CCCCC2)C1,0.7171,4.5925,-8.5,-8.69,
CN[C@H](C)c1nc(CN2CC[NH+](Cc3ccc(Br)cc3)CC2)cs1,0.7653,3.9926,-8.0,-9.190000000000001,
Fc1c(NNCC2CC2)noc1[N-]S(=O)(=O)c1ccc(F)cc1C,0.7394,3.6804,-7.6,-9.59,
F[C@]12C[NH2+][C@H](c3ccc(F)cc3)C[C@H]2CCC[NH2+]1,0.6833,5.311,-7.6,-9.59,
Oc1cc(S(=O)(=O)N2CCC[NH+](Cc3ccccc3)CC2)c(Cl)cc1OC,0.7824,3.6506,-8.1,-9.09,
c1noc([C@@H](Cc2ccc3c(c2)OCO3)C2=CCOCC2)n1,0.8081,3.7001,-8.1,-9.09,
c1noc(Cl)c1Cc1n[nH]c(Cc2ccccc2F)n1,0.8027,2.9651,-8.0,-9.190000000000001,
FC1CCCCC[C@H]1[NH2+][C@@H]1CCc2cc(Cl)ccc21,0.799,4.3225,-8.1,-9.09,
c1cc(S(=O)(=O)N2CCCCC2)cn1-c1nc2ccccc2n1C(F)(F)F,0.6788,2.8291,-8.2,-8.99,
Cn1ccc(N)c1N1CCC(C(=O)N2CCCCCC2)CC1,0.9113,2.4611,-8.0,-9.190000000000001,
C/[NH+]=C(/Nc1ccc(C)c(C)c1)Nc1ccccc1C,0.5769,2.6094,-8.8,-8.290000000000001,
C[C@@](NCc1ccccc1F)S(=O)(=O)Cc1ccc(Cl)cc1,0.8719,2.2981,-7.7,-9.39,
[NH3+][C@H](CC(=O)N1CCc2ccoc2C1)c1ccccc1,0.9201,3.4617,-8.3,-8.790000000000001,
F[C@H]1Oc2ccc(OCCc3ccccc3)cc2C1=O,0.8572,2.6657,-7.9,-9.190000000000001,
F[C@H]1[C@@H](Oc2cccc(C(F)(F)F)c2)[C@H](c2ccc(Br)cc2)N1CCOC,0.4474,3.5944,-7.6,-9.49,
O[C@@H](c1cnn(CCCOc2ccccc2)c1C)c1ccc(F)cn1,0.6702,2.858,-7.7,-9.39,
Fc1c(Br)c(C(=O)C[C@H]2SCOc3ccccc32)ccn1,0.5955,3.5858,-8.0,-9.09,
Fc1c(C[NH2+]CCc2ccccc2)on1-c1ccccc1,0.6939,3.2918,-7.6,-9.49,
F[C@]12CCC[C@@H]1C[NH+](Cc1cccnc1-n1cccn1)CC2,0.9337,4.7911,-8.1,-8.99,
F[C@]1(O)CCC[C@@H]1OCc1cccc(-c2ccncc2)c1,0.9359,3.2259,-8.0,-9.09,
[NH3+][C@]1(c2ccccc2F)CCc2ccccc21,0.7751,3.1564,-8.1,-8.99,
O=[N+](CNc1cnccc1)N1CCc2cc(F)ccc2C1,0.6924,3.0401,-7.7,-9.39,
O=[N+](C[O-])Cc1cccc(NC(=O)c2ccc3nc(C4CS4)s3c2)c1,0.3553,5.0716,-8.0,-9.09,
O=[N+](COc1ccc(Cl)cc1[N+](=O)[O-])N1C[C@H]2CCC[NH+]2C[C@H]1O,0.3314,5.1292,-7.8,-9.290000000000001,
c1coc(S(=O)(=O)N2CCCC[C@@H]2Cc2ccc(O)cc2)c1,0.9398,2.8385,-7.8,-9.290000000000001,
Fc1cc([C@@H](C)c2c[nH]c3ccccc23)ccc1Cl,0.6675,2.5149,-7.9,-9.190000000000001,
F[C@H]1c2ccccc2CCc2ncccc21,0.6543,2.9057,-7.9,-9.190000000000001,
N[C@@H](Oc1ccccc1)C(=O)Nc1ccccc1C(F)(F)F,0.8533,2.5528,-7.8,-9.290000000000001,
O=C(OCc1nncn1C1CC1)[C@H]1CC[NH+](c2ccc([N+](=O)[O-])cc2)C1,0.4653,4.4503,-7.8,-9.290000000000001,
Fc1c(NCl)cnc(OCCCc2csc(-c3ccccc3)n2)c1,0.4777,2.6129,-7.7,-9.39,
Oc1cc(F)cc(OCc2cccc(OCCCn3ccnn3)c2)c1,0.6363,2.3908,-7.9,-9.190000000000001,
NS(=O)(=O)NCCC(=O)N1CCCN(c2ccc(-n3cnnn3)nn2)CC1,0.5446,2.7162,-8.3,-8.790000000000001,
C[C@@H]([NH2+][C@H]1CCO[C@]2(CCSC2)C1)c1ccc(F)c(F)c1,0.928,5.1543,-7.9,-9.190000000000001,
C[C@@H](Sc1noc(-c2cccs2)n1)C(=O)c1ccc(Cl)c(Cl)c1,0.4307,2.9664,-7.7,-9.39,
C=C(C)COc1ncccc1C(=O)Nc1cccc(C(=O)[O-])c1,0.8191,2.5155,-8.1,-8.99,
c1cc(=O)n(C[C@H](O)c2ccc3c(c2)OCCO3)c(Cl)c1,0.8812,2.9106,-8.0,-9.09,
c1cc(OC2CC[NH+](Cc3cc(C4CC4)on3)CC2)ccc1F,0.9198,3.5804,-7.9,-9.190000000000001,
C=C(C)C1CC[NH+](Cc2ccccc2NCC(=O)NC2CC2)CC1,0.6679,3.5133,-7.8,-9.190000000000001,
OC1(C(C)C)CCN(C(=O)c2ccnc3cccnc23)CC1,0.9234,2.5147,-7.9,-9.09,
c1nc(-c2ccccc2)nc(CSc2ccccc2)n1,0.6803,2.0062,-7.8,-9.190000000000001,
CC[C@H](CO)[NH+](Cc1ccccc1OC)[C@@H](C)c1coc2ncccc12,0.6523,4.3793,-8.5,-8.49,
O[C@@H](O)c1nc2ccccc2n1Cc1nc2ccccc2s1,0.5707,2.3406,-7.5,-9.49,
O[C@H]([C@H]1CCCC1=O)c1oc2ccccc2c1Cl,0.9033,3.4509,-8.1,-8.89,
O[C@H](Cc1cccc(F)c1F)c1ccc(F)c(F)c1,0.846,2.4787,-8.2,-8.790000000000001,
Oc1c([O-])cccc1C[NH+]1CCC[C@H]1c1ccccn1,0.8663,4.828,-7.9,-9.09,
Oc1c(CN(Cc2ccc(Cl)cc2)C2CCCCC2)csc1N,0.7951,2.5071,-8.3,-8.69,
C#Cc1cccc(C(=O)NC(=O)NCCc2cccs2)c1,0.8517,2.2245,-7.6,-9.39,
O=C1[C@@H]2CN(SC(=O)Nc3ccc(S(N)(=O)=O)c(F)c3)C(=O)[C@@H]2C1,0.7512,3.863,-8.0,-8.99,
O=C1/C(/C([O-])=C/c2ccc(F)cc2)SC(=S)N1CC(F)(F)F,0.4768,3.6786,-7.6,-9.39,
F[C@]1(F)CCC[NH2+][C@@H](CCc2c(F)cccc2Br)C1,0.8719,4.2951,-8.0,-8.99,
c1cnc2c(C[NH+]3CCOCC3)cc(-c3cncs3)cc2c1,0.8011,3.809,-8.0,-8.99,
O=[N+](C1CC[NH2+]CC1)N1CCC[C@H]1c1cccc(O)c1,0.8087,4.4551,-8.3,-8.69,
N[C@H]([NH2+]C[C@@]1(O)CCCO[C@H]1C(F)(F)F)c1ccc(F)cc1F,0.5642,4.598,-8.0,-8.99,
O[C@H](C[C@@H]1COCCO1)c1ccc(S(=O)(=O)NCCc2ccccc2)cc1,0.7194,2.9602,-7.6,-9.39,
O[C@H](C(=O)NCC1(c2ccc(F)cc2)CC1)c1ccco1,0.8875,2.8899,-8.0,-8.99,
F[C@H]1[C@@H]([NH2+]c2cnn(C3CC3)c2)[C@@H](c2cccs2)C[C@H]1C1CCCCC1,0.8175,4.7166,-7.8,-9.190000000000001,
F[C@H]1[NH2+]N(COc2ccc3ccccc3c2)CC1,0.6599,3.5795,-8.1,-8.89,
c1nnn2c1cnn2Cc1ccccc1C(F)(F)F,0.7131,3.2364,-8.3,-8.69,
c1nnn2cc(-c3ccc(COCC4CC4)cc3)ccc12,0.7189,2.5609,-8.1,-8.89,
Oc1cc([N+](=O)[O-])ccc1Oc1ccc2c(c1)[nH]c(=O)n2C,0.5692,2.3602,-8.2,-8.790000000000001,
O[C@@H](C[NH2+]Cc1ccccc1Br)[C@@H]1COc2ccccc2O1,0.8485,3.8546,-7.8,-9.190000000000001,
C[C@@]1([NH3+])CCC[C@H]1N[C@@H](CC[C@@H]1CCC[NH2+]1)c1ccccc1,0.7304,5.0722,-7.9,-9.09,
C=C1C=C(C(N)=O)[C@H](c2ccccc2Cl)NC(=O)/C1=C\c1cc(Br)ccc1O,0.6051,3.4788,-8.2,-8.790000000000001,
CC[NH2+][C@@H](C)c1cccc(N2CCC[C@H](N3CCC[NH+]CC3)C2)c1,0.8174,4.6083,-7.9,-8.99,
F[C@H]1CCC[C@]12CC(=O)N(Cc1cccc(Cl)c1)C2=O,0.7863,3.7739,-7.6,-9.290000000000001,
Cn1c(SCc2ccccc2Cl)nnc1N(C)CCC(=O)N(C)C,0.7041,2.5774,-7.4,-9.49,
c1csc(C[NH+](Cc2cc3ccccc3o2)C2CCCC2)c1,0.753,3.8402,-8.0,-8.89,
O=C1CCC(=N/C2SC[C@H]3CCCC[C@H]32)OC1=O,0.5395,4.6898,-7.9,-8.99,
F[C@@]1(Br)CC(NC(=O)c2ccc3c(c2)CCC3)C1,0.8354,2.4981,-7.5,-9.39,
c1cncnc1CC1CC[NH+](Cc2ccccc2F)CC1,0.9262,3.5782,-8.0,-8.89,
c1csc2cc(C(=O)N(Cn3cccn3)CCn3cccc3)ccc21,0.5321,2.838,-7.5,-9.39,
c1n[nH]c2scc(C[NH+]3CCCc4ccccc43)c12,0.7357,4.5357,-8.0,-8.89,
N#C[C@@H](C(=O)c1cccc(F)c1F)C(=O)NC1CC[NH+](C)CC1,0.609,4.0921,-7.9,-8.99,
N[C@@H](CO)Cc1cccc(-c2cn3cccnc3n2)c1,0.7465,2.8938,-8.0,-8.89,
FC1OC[C@@H]([NH+]2CCN(S(=O)(=O)c3ccccc3)CC2)C1,0.8303,4.4855,-7.9,-8.99,
OC[C@@H]1C[C@@]2(CCC[NH2+]2)C(=O)N(c2ccc(Cl)c(Cl)c2)C1=O,0.7852,4.7279,-7.6,-9.290000000000001,
Cc1ccccc1C(=O)Nc1ccc(Br)c(Br)c1,0.812,1.7237,-8.2,-8.69,
O=C(Cc1ccc(N2CCCC2=S)cc1)N[C@H](CO)C1CCCC1,0.7779,3.0414,-7.8,-9.09,
[NH3+][C@@](Cc1cccc(F)c1)c1nnc2n1CCC2,0.8675,3.0311,-8.2,-8.69,
NOn1cccc1C(=O)Oc1ccc(Br)cc1-c1ccsc1,0.4282,2.9356,-8.2,-8.69,
NS(=O)(=O)c1ccc(C[NH+]2CCN(c3cccc[nH+]3)CC2)cc1,0.7566,4.3319,-8.2,-8.69,
O=[N+]([O-])c1ccccc1OC[C@H](O)c1ccc(F)c(Br)c1,0.6563,2.5703,-8.2,-8.69,
CS(=O)(=O)[C@@H]1CCN(Cc2csc(-c3cccc(F)c3)n2)C1,0.8583,2.8268,-7.7,-9.190000000000001,
[NH3+]Cc1cc2c(cc1OCCN1C(=O)CC(C)(C)OC1=O)S2(=O)=O,0.7603,3.6856,-7.3,-9.59,
F[C@H]1[NH2+][C@@]12CC[C@@H](C2)C[C@@H]2CCCCN(C1CC[NH2+]CC1)C2,0.5816,5.9051,-8.2,-8.69,
F[C@@]1(C(F)Cl)CN(c2cccc[nH+]2)CN(c2ccc(Br)cc2)C1,0.727,4.6224,-8.6,-8.290000000000001,
NS(=O)(=O)c1cc(N(CC(=O)[O-])C2CCCCC2)ccc1Br,0.8076,2.9072,-7.8,-9.09,
C#Cc1cccc(N[C@@H](C)C(=O)Nc2cccc(Cl)c2OC)c1,0.8214,2.6589,-7.4,-9.39,
c1c(Cl)cccc1NC(=O)[C@H](C)SCc1ccccc1F,0.8607,2.2885,-7.7,-9.09,
c1cnn(-c2c(OCC(F)(F)F)c3ccc(Cl)cc3[nH]2)c1,0.795,2.8008,-7.9,-8.89,
c1ncoc1CNC(=O)c1cnn(-c2cccc(O)c2)c1,0.7569,2.4978,-8.0,-8.790000000000001,
O[C@H](COC1([NH2+]C2CC[NH2+]CC2)CCCC1)c1ccc(F)cc1,0.6649,4.7274,-8.3,-8.49,
Oc1ccc2c(c1)CCC[C@@H]2NCCCc1cccnc1,0.8263,2.6286,-8.0,-8.790000000000001,
Nc1ccccc1[N-]S(=O)(=O)c1cc(F)ccc1N,0.8427,3.2087,-8.0,-8.790000000000001,
c1nnc(NC(=O)c2ccc(C[NH+]3CC[NH2+]CC3)s2)c(C)c1,0.6808,4.4309,-7.8,-8.99,
O[C@@H](Sc1nnc(C2CC2)n1-c1ccccc1)c1ccccc1,0.5708,2.7237,-7.7,-9.09,
C[NH+](C)[C@@H]1CC[C@@H](Oc2ccccc2C3CCOCC3)C1,0.9167,3.9919,-8.0,-8.790000000000001,
Nn1nc(C(=O)Cn2cccc2)c([N+]2=CC[NH+]3CCCC[C@@H]32)n1,0.4215,5.4064,-8.1,-8.69,
NN(Cc1ccc(Cl)s1)Cc1nnc(-c2ccccc2)o1,0.5766,2.5327,-7.5,-9.290000000000001,
c1coc2ccc(NCCc3ccccc3F)cc12,0.7544,2.0116,-7.8,-8.99,
O=C1[C@H](Nc2ccc(C(=O)N3CCCC3)cc2)C[C@@H]1O,0.8637,2.9984,-8.0,-8.790000000000001,
O=C1CCC[C@H]1[C@H]1CCCN1C(=O)NCc1ccncc1,0.926,3.0352,-7.8,-8.99,
CO[C@@H]1CCC[C@H](OC(=O)Cn2[nH]c3ccccc3c2=O)[C@@H]1[NH3+],0.7773,4.0163,-7.7,-9.09,
c1noc2nc(-c3cccc(F)c3F)cnc12,0.6477,2.8201,-8.1,-8.69,
O=[N+](CCc1c(Cl)cccc1Cl)c1cccc(F)c1,0.7435,2.5577,-8.0,-8.790000000000001,
F[C@@H]1N[C@H](c2ncnc3c2[nH]c2ccccc23)[C@@H]1C(=O)N(CCCNC1CC1)c1ccccn1,0.2764,4.0827,-8.4,-8.39,
Fc1cc(F)cc(NNC(=S)Nc2ccc([N+](=O)[O-])cc2)c1,0.4553,2.1982,-7.8,-8.99,
Fc1cc(=O)n(-c2nc(-c3ccccn3)cs2)nc1,0.7157,2.5533,-7.5,-9.290000000000001,
O[C@H](Cc1ccc(Oc2ccccc2)cc1)C[C@@H](O)c1ccccc1,0.6684,2.5482,-7.9,-8.89,
O[C@H](C[C@H]1CCC[NH+](Cc2ccccc2)C1)c1cccs1,0.8719,4.3493,-8.1,-8.69,
c1nnnc(N2CCC3(CC2)SCCN3Cc2ccc(F)cc2)c1,0.8519,3.4188,-8.0,-8.790000000000001,
C[C@@]1(COC)CCN(C(=O)c2oc3ccc(Cl)cc3c2C)C1,0.8609,3.0416,-7.5,-9.290000000000001,
F[C@@]1(Cc2cccc3ccccc23)CC[NH2+]C1,0.813,3.7441,-7.8,-8.99,
F[C@]12CN(Cc3ccc(Cl)[nH]3)CC[NH+]1[C@H]2C(=O)NN1CCCCS1,0.4,5.5177,-7.4,-9.39,
Oc1cc(C[NH2+]C2CCC(OCc3ccccc3)CC2)cs1,0.8598,3.4574,-7.7,-9.09,
c1noc(SCC(=O)N2CCN(c3cccc(Cl)c3)CC2)c1,0.8029,2.4927,-7.7,-9.09,
c1noc(CN2C[C@@H](NCc3ccccc3)CCC2)c1,0.9066,2.6351,-7.9,-8.89,
FC1(Cc2csc3c2CC[NH+]3[C@H]2CCc3ccc(Br)cc32)CC1,0.7927,4.8918,-7.7,-9.09,
c1cc(Br)ccc1S(=O)(=O)N1CCCC[C@@H]1CCN1CCOCC1,0.7395,2.6045,-7.9,-8.89,
c1ccn(-c2ccccc2NC(=O)N[C@@H]2C[C@@H]2C2CC2)c1,0.8862,3.0822,-7.6,-9.190000000000001,
c1c(/C=C/C(=O)NCCc2coc(-c3ccccc3)n2)noc1,0.708,2.6176,-7.6,-9.190000000000001,
Fc1c(CNCc2ccc(Br)cc2)sc2ccc(F)cc12,0.6649,2.3563,-7.6,-9.190000000000001,
N[C@H]([C@@H](O)c1ccc(Cl)c(F)c1)C(=O)Nc1ccc(F)cc1,0.8082,2.7809,-7.6,-9.190000000000001,
Fc1cc(S(=O)(=O)Nc2cc(Cl)ccc2Cl)ccc1Cl,0.8762,1.8793,-7.6,-9.190000000000001,
O[C@@H](CSc1n[nH]c(-c2ccco2)n1)c1cc(F)ccc1F,0.7055,3.0731,-7.6,-9.190000000000001,
C=C1CCC(NC(=O)[C@@H](C)Oc2ccc(Cl)cc2Cl)CC1,0.8334,2.7588,-7.6,-9.190000000000001,
F[C@@]1(CSCCc2c[nH]c3ccccc23)C[C@H](CSCc2cccs2)C1,0.4059,3.0328,-7.4,-9.290000000000001,
C[C@@H](OC(=O)[C@@H](C)Oc1ccccc1)Oc1c(Cl)cc(Cl)cc1F,0.5355,3.0191,-7.4,-9.290000000000001,
C[NH+]1CCCN(C(=O)[C@@H]2CCCN(c3ncccc3)C2)CC1,0.839,3.8992,-7.8,-8.89,
Oc1ccc(Cl)c(C(=O)NC[C@H]2CCCCO2)c1,0.8855,2.4147,-8.2,-8.49,
OCc1nc2ccccc2nc1COc1ccccc1,0.7885,2.0092,-7.6,-9.09,
Fc1cccc(NC[C@H]2CCCN(C(=O)c3ccsc3)C2)c1,0.9284,2.5929,-7.6,-9.09,
O[C@@H]([NH2+]Cc1cccnn1)c1cc2ccc(Br)cc2o1,0.7124,3.8725,-7.8,-8.89,
NNC(=O)c1ccc(CNC(=O)Cn2cccc2)c(F)c1,0.4266,2.2956,-7.9,-8.790000000000001,
Oc1c(O)ccc2c1CCC[C@@H]2[NH2+]CCC[NH+]1CCCCC1,0.4728,5.0535,-7.9,-8.790000000000001,
[NH3+]C1(CCc2ccccc2)[C@H](CCc2ccccc2)CO1,0.8688,3.3541,-7.1,-9.59,
O=[N+](C[C@H]1CN(S(=O)(=O)c2ccccc2)CCO1)NCCc1cccs1,0.5424,3.2673,-7.3,-9.39,
F[C@@H]1Nc2cc(C[NH+]3CCOCCC3)cc(F)c2C1,0.78,5.1515,-8.0,-8.69,
Fc1cc(Cl)cc(N2CCC[NH+](CCc3cccs3)CC2)c1,0.8997,3.9289,-7.8,-8.89,
N[C@@H]([C@@H]1CCc2ccccc21)[C@@]1(C)CCCO1,0.8489,3.8115,-7.8,-8.89,
F[C@H]1[NH2+]CC[C@@H]1C(=O)N1CCN(Cc2cccc(F)c2)CC1,0.8186,3.665,-7.7,-8.99,
c1nnn([C@H]2SCC(=O)c3ccccc32)c1NN,0.6203,3.5624,-8.2,-8.49,
F[C@@]1(C[NH3+])CCN(C(=O)COc2cccc3c2OCOC3)CC1,0.8748,3.1754,-7.6,-9.09,
O=C(c1c[nH]c2ccc(Br)cc12)N1CCN(CC(O)=O)CC1,0.8683,2.1106,-7.5,-9.190000000000001,
O=C(OCc1ccccc1Cl)[C@H]1CCO[C@]2(CCOC2)C1,0.8052,3.7221,-7.7,-8.99,
Oc1cc(Cl)ccc1C[NH+]1CCCC[C@@H]1Cc1cccs1,0.8868,4.2891,-8.2,-8.49,
C[C@@H]([NH3+])c1cccc(C[NH+]2CCC[C@H]2C[C@@H](C)c2ccsn2)c1,0.8372,5.6227,-7.6,-9.09,
[NH3+][C@]1([C@@H]2CCO[C@H]2c2cn[nH]c2)COc2ccccc21,0.8567,4.501,-8.1,-8.59,
C/C(=C(\N)CS(=O)(=O)c1ccccc1)c1ccccc1,0.9403,2.1731,-8.4,-8.19,
NC(=O)[C@@H]1Cc2ccccc2N1Cc1ccncc1,0.9014,2.5661,-7.9,-8.69,
O[C@@H]([C@@H]1CCCO1)N1CCC[C@H](C(=O)NC2CCCC2)C1,0.8196,3.496,-7.7,-8.89,
O[C@H]([NH2+]CCc1c[nH]c2ccccc12)c1cncnc1,0.5982,3.6395,-7.9,-8.69,
c1cc2n(n1)[C@@H](c1ccccc1-[C@H]1CCSCC1)COCC2,0.8463,3.4953,-8.4,-8.19,
F[C@H]1[NH2+]N(C[C@@H]2CCOC2)[C@@H](c2ccccc2F)C1,0.6633,4.3545,-7.7,-8.89,
C[NH2+][C@@H](C)c1ccc(C(=O)C=C2CCCCC2)cc1,0.6535,3.5801,-7.7,-8.89,
[NH3+][C@@]1(Oc2ccc([N+](=O)[O-])cc2)CCCC[C@H]1N1CCOCC1,0.5105,3.7283,-7.3,-9.290000000000001,
O[C@@H](Cn1c(Cl)nc2ccccc21)Oc1ccccc1,0.7506,2.6909,-7.9,-8.69,
C[C@@]1([C@H](O)[C@H]2CCCc3ccccc32)CCCO1,0.8688,3.7423,-7.9,-8.69,
C[NH2+][C@H](Cc1ncc(C)s1)c1ccc(CCO[C@H]2CCS(=O)(=O)C2)c(C)c1,0.7236,4.2569,-7.5,-9.09,
[NH3+][C@H]1CC[C@@H](Cc2c[nH+]ccc2-c2ccccc2)C1,0.8716,4.5031,-8.1,-8.49,
NOS(=O)(=O)c1ccc(/C=N/Nc2ccccc2)cn1,0.6312,2.5975,-7.8,-8.790000000000001,
c1c(/C=C/C[NH2+]C[C@@H]2CCC[NH2+]C2)cnn1-c1ccccc1,0.7464,4.5151,-7.5,-9.09,
[NH3+]O[C@]1(NC(=O)COc2ccc(F)c(F)c2)CCC[C@@H]1C,0.6326,3.8135,-7.6,-8.99,
c1noc(C[C@H](Cc2ccccc2)[NH2+]CC2(O)CCCCC2)n1,0.8112,3.9057,-7.6,-8.99,
Fc1c(Cl)cccc1CC[NH+]1CCC[C@@H]1CC[NH+]1CCCCC1,0.7769,5.3871,-7.6,-8.99,
CO[C@H](C)c1noc(CN2CCN(c3ncccc3C)CC2)n1,0.8327,2.94,-7.8,-8.790000000000001,
CS[C@@]1(C(=O)[O-])CCC[C@H]1Nc1ccc(O)cc1[N+](=O)[O-],0.4752,4.0331,-7.6,-8.99,
F[C@@]1(Cc2cccs2)CCCN(c2ccccc2F)C1,0.8085,3.0221,-7.5,-9.09,
Oc1cc(-c2noc(C[NH+]3CC[NH+](C4CC4)CC3)n2)ccc1OC,0.6477,4.3229,-7.5,-9.09,
[NH3+]c1cnc2c(c1)nc(SC1CCCCC1)n2C[C@H](CO)CC,0.8506,3.8724,-7.8,-8.790000000000001,
[NH3+][C@]1([C@@]2(O)CCC[NH+](Cc3ccccc3)C2)C[C@@H]1C,0.6831,5.2597,-7.8,-8.790000000000001,
NS(=O)(=O)N1CCCN(S(=O)(=O)c2cc(F)c(F)cc2)CC1,0.8157,2.1819,-7.5,-8.99,
OC[C@H](Cc1nc2ccccc2s1)Cc1ccc(Br)cc1,0.7274,2.5957,-7.5,-8.99,
c1ccn(CCN(CCS(C)(=O)=O)Cc2csc3ccccc3c2=O)c1,0.5932,2.7489,-7.7,-8.790000000000001,
F[C@@H]1OCC[C@H]1CN(Cc1cccs1)Cc1nc2ccccc2s1,0.6359,3.5073,-7.9,-8.59,
c1nn(CC2CCCCC2)c2c(Cl)cc(Cl)cc12,0.7642,2.4492,-7.8,-8.69,
c1nnoc1CN1CCN(C(=O)c2cnccc2C(F)(F)F)CC1,0.841,2.768,-7.6,-8.89,
O[C@@H]([NH2+][C@@H](CO)c1nc(-c2ccccc2)no1)c1cccs1,0.5912,3.8456,-7.5,-8.99,
O[C@@H](NCc1cncs1)[C@@H](Cc1c[nH]c2ccccc12)N1CCOCC1,0.5532,3.5795,-8.0,-8.49,
Fc1cc2c(cc1OC)CN(Cc1cccnc1)CC2,0.8588,2.0767,-7.5,-8.99,
NNS(=O)(=O)c1ccc2c(c1)CCCN2S(C)(=O)=O,0.5805,2.4496,-7.8,-8.69,
Oc1c(Br)cccc1CN1CCC[C@H](C[C@@H]2CCC[NH2+]2)C1,0.8723,4.1559,-7.6,-8.89,
Oc1c(I)cn([C@H](CCl)n2cnc3ccc(F)cc3c2=O)c1,0.5104,3.7067,-7.4,-9.09,
Oc1c([C@H]2CCC[NH+]2Cc2cccc(Br)c2)non1,0.8968,4.7872,-8.0,-8.49,
Fc1c(Cl)cccc1/C=N/[NH+]1CCc2sccc2C1,0.8202,4.3064,-7.5,-8.99,
F[C@]1([C@@H]2CCC[C@@H]2[NH2+]CCCc2ccccc2)CCCN1,0.6114,4.4897,-7.5,-8.99,
FCC[C@H]1CCC[NH+](CCn2ncc(-c3ccccc3)n2)C1,0.8796,4.4601,-7.3,-9.190000000000001,
FCC[C@@H]1CCC[C@@H]([NH+]2CCCC[C@H]2C[C@H](O)CCn2cccn2)C1,0.7543,5.1394,-7.4,-9.09,
COc1ccc(OC)c(CNC(=O)NOCCSc2ccccc2)c1,0.4072,2.2489,-7.3,-9.190000000000001,
Nc1[nH+]ccc(Sc2ccccc2CC(=O)[O-])n1,0.777,3.958,-8.0,-8.49,
O=[N+](COc1ccco1)N1CCc2ccccc2C1,0.6244,3.2577,-7.7,-8.790000000000001,
F[C@@H]1N(CC[NH+]2CCC[C@H]2CNC2=CCCCC2)CCOPN1,0.4913,6.1373,-7.7,-8.790000000000001,
c1coc(Cl)c1S(=O)(=O)[C@H]1CCC[C@H]([NH2+]C(C)CCCc2cccs2)C1,0.7054,4.6496,-7.5,-8.99,
N#C[C@]1(Nc2ccccc2C)CC[C@H](n2cc(CO)nn2)C1,0.9029,3.5798,-7.8,-8.69,
N#C[C@H](Oc1cccc(Br)c1)C(=O)O[C@H](c1ccccc1)C1CC1,0.6902,3.3434,-7.4,-9.09,
CNc1ccc(Cl)cc1NS(=O)(=O)c1cccc(F)c1,0.9099,1.9517,-7.6,-8.89,
Fc1c(N2CCCC2)ncnc1-c1ccc(Br)cc1,0.8451,2.2066,-7.8,-8.69,
[NH3+][C@]1(CO)CC[C@@H]([NH+](CCOc2ccc(Cl)cc2)C2CCOCC2)C1,0.6466,4.9213,-7.6,-8.89,
O[C@@H](COc1ccccc1Br)[C@H]1CN(c2ccccc2)C1,0.8998,2.5665,-7.6,-8.89,
O[C@@H](CSc1n[nH]c(=S)n1C1CC1)c1nc2ccccc2s1,0.5423,3.2238,-7.8,-8.69,
O[C@@H](C=O)[C@H]1Cc2ccc(Br)cc2CN1C1CCOCC1,0.843,3.6817,-7.6,-8.89,
Cc1[nH]ccc1C(=O)N1c2ccccc2CC[C@@H]1C[NH3+],0.8537,3.5897,-8.1,-8.39,
c1cc(OCc2nc(C[NH+]3CCCCC3)no2)ccc1F,0.9038,3.4142,-7.3,-9.190000000000001,
Cn1c(=O)n(C)c2c1/C(=N/N=C\C[C@@H](C)C(=O)[O-])CC(=O)N2,0.5438,4.5193,-7.8,-8.69,
c1ccc(-c2cccnc2)c(N2CCOC[C@H]2C2CC2)c1,0.8617,2.7306,-7.4,-8.99,
Nc1ccc(C(=O)Oc2ccc(C(=O)[O-])cc2F)cc1,0.5116,2.3343,-7.5,-8.89,
O=[N+]([O-])c1ccccc1Nc1c(F)cccc1F,0.6682,1.8934,-7.9,-8.49,
c1c(OCc2ccccc2F)ccc(OCCN2CCOCC2)c1,0.78,1.8183,-7.4,-8.99,
[NH3+]Oc1cccc(C[NH2+]Cc2cccc3c2OCO3)c1,0.7659,3.6891,-7.9,-8.49,
F[C@@H]1OCC[C@@H]1C(=O)Nc1ccc(S(=O)(=O)N2CCOCC2)cc1,0.8672,3.1537,-7.7,-8.69,
F[C@@H]1CN(Cc2ccccc2)[C@@H]1CCCOc1ccccc1,0.7147,2.8518,-7.4,-8.99,
O=C1C[C@@H](C(=O)[O-])c2cccc(Cl)c2C1(C)C,0.7586,3.7669,-7.7,-8.69,
