smiles,QED,SA,EGFR_Docking,HER2_Docking
N#Cc1cccc(C(=O)NCc2nc3ccccc3c(=O)[nH]2)c1N,0.5280,3.4080,-9.3,-10.2
NC(=O)C[C@H](Cc1ccccc1)N(C)S(=O)(=O)C1CCCC1,0.7280,3.9150,-8.85,-8.6
Nc1ccc2c(c1)ncn2NCc1ccco1,0.5720,3.5760,-8.75,-8.1
NS(=O)(=O)c1cc(C(=O)N2CCC[C@@H]2c2ccc(F)cc2F)on1,0.7970,4.1340,-9.0,-9.0
Cc1cc(C)cc(NC(=O)C(=O)Nc2ccc(F)cc2Cl)c1,0.7290,2.9010,-9.3,-10.5
CCn1c(=O)c(C(=O)Nc2ccc(Br)cc2)cn2nc(C)nc21,0.6600,3.5220,-9.05,-9.7
C[S@](=O)c1ccc(CNC2CCCC2)c(Br)c1,0.8240,3.9380,-8.35,-7.9
Cc1ccc([C@H](C)NC(=O)N(C)CCC2CCCC2)cc1,0.7620,3.4720,-8.95,-9.9
COc1c(C)scc1C(=O)Nc1ccc2oc(C)c(C)c2c1,0.6630,3.4330,-9.2,-9.5
Cn1cnnc1SCC(=O)N(C)CCOc1ccccc1,0.6250,3.1360,-8.25,-8.2
[S@](=O)c1ccc(CNC(=O)[C@@H]2CCCC[C@@H]2C(=O)[O-])cc1,0.7550,4.4910,-8.9,-8.5
S1CCC[C@@H]([C@@H](CNC(=O)c2ccc(O)c(F)c2)N2CCOCC2)C1,0.7340,4.3860,-9.05,-8.4
O=C(N/N=C/c1ccc(F)cc1)c1cccc(F)c1,0.5690,2.7280,-8.85,-10.2
OC[C@@H](Nc1cccc(Cl)c1)C(=O)[O-],0.6320,3.9650,-8.05,-7.1
O=C(Nc1nc2cc(Cl)ccc2o1)c1c(F)c([N+](=O)[O-])ccc1O,0.4500,3.6030,-9.5,-11.2
CSc1ncccc1C(=O)Nc1nnc(-c2cccc(Cl)c2Cl)s1,0.5360,3.3480,-9.1,-8.8
S1=C/C(=C/c2ccc(NC(=O)C3CC3)cc2Br)S1,0.2750,4.3050,-8.5,-8.6
Sn1c(Cc2cccs2)nnc1SCC(=O)Nc1ccc(Cl)cc1Cl,0.3400,3.6130,-8.55,-8.8
S=C(NCC(F)(F)F)N(Cc1ccco1)c1ccccc1,0.7710,3.3900,-8.6,-7.2
S/C(=N/C(=C\NN=S)Nc1cccc(C(F)(F)F)c1)Nc1ccccc1Cl,0.1200,4.2670,-8.6,-6.1
SCCn1c(=O)[nH]c(=O)c2cc(Cl)ccc21,0.6960,3.4320,-8.3,-7.4
COc1cc(OC)c(C(=O)[C@H](C#N)c2nc3ccccc3s2)cc1OC(F)F,0.4430,3.9790,-8.85,-10.1
O=C(Nc1ccc(Cl)c(Cl)c1)c1ccc(Cl)c(-c2ccncc2)c1,0.5120,2.8460,-9.45,-11.3
n1cncn1CCNC(=O)c1cc(-c2ccccc2F)nn(C#N)c1=O,0.6090,3.7830,-9.3,-10.3
O=C(NCCOc1ccccc1)Nc1cccc(OCc2ccc(F)cc2)c1,0.4610,2.7740,-9.35,-10.4
NC(=O)COCCNC(=O)c1ccc([N-]S(=O)(=O)c2ccc(F)cc2)cc1,0.5220,3.9730,-8.9,-9.2
COc1ccc(-c2cc(C(=O)[C@@H](C(C)(C)C)C(C)C)ccc2O)cc1,0.6240,3.7290,-9.2,-8.2
O=C(Cn1c(=O)[nH]c2ccccc21)Nc1ccccc1OCC(F)(F)F,0.6300,3.1590,-9.1,-10.4
[NH3+]Cc1ccc(OC[C@H]2COc3ccccc32)cc1,0.8090,4.1000,-8.9,-9.0
[NH3+]Cc1ccc(N2CCOCC2)cc1C(F)(F)F,0.7710,3.7680,-8.6,-8.2
[NH3+][C@@H](c1ccccc1F)C1CCCCC1,0.6740,4.0990,-8.5,-8.1
[C@@H]O[C@@H](CNC(=O)Cc1ccc(-c2ccccc2)cc1)c1ccc(Cl)cc1,0.5220,3.6570,-9.15,-10.5
[C@@H](CNC[C@H]1CCCO1)N[C@H](C)c1ccc(C(N)=O)cc1,0.5320,4.3620,-8.45,-8.7
[C@@H]1[C@H](c2ccc(Cl)cc2)Nc2c1ccc1ccc(Cl)cc12,0.4930,4.1420,-5.0,-9.8
[C@@H](C#N)S(=O)(=O)NNC(=O)CSCc1ccccc1,0.6160,3.7600,-8.45,-7.8
[C@@H]1C(C)(C)C[C@H]1C(=O)NCc1cccc([N+](=O)[O-])c1,0.5680,3.9820,-8.75,-9.1
[C@@H]1C(=O)N(CCc2cccc(Cl)c2)Nc2cc(S(N)(=O)=O)ccc21,0.7670,3.9270,-9.35,-9.7
[C@@H](C)c1ccc(C(=O)N2CC[C@@H](CO)C2)c(OCc2ccccc2)c1,0.7790,3.7260,-9.2,-9.7
[C@@H]1CCCN(C(=O)c2ccccc2OC2CCC(C(=O)[O-])CC2)C1,0.7450,3.9610,-9.35,-9.4
[C@@H](C)c1ccc(CNC(=O)c2ccc(NC(=O)c3ccoc3)cc2)cc1,0.6070,3.2240,-9.25,-10.2
[C@@H]1CCCCN1C(C)C,0.4190,4.2050,-7.35,-5.6
[C@@H]S(=O)(=O)c1ccc(C(=O)N2CCOCC2)cc1,0.6870,3.2970,-8.45,-8.1
[C@@H]OC(=O)CCN1C(=O)c2ccc(S(=O)(=O)NCc3ccccc3C)cc2C1=O,0.4450,3.5800,-9.2,-10.4
[C@@H](C(=O)N1CCN([C@@H](C)c2ccccc2)C[C@@H]1O)c1ccc([N+](=O)[O-])cc1,0.5470,4.4200,-9.05,-9.5
[C@@H]([NH3+])c1cc(Cl)ccc1OC[C@H]1CCCCO1,0.7950,4.1960,-8.6,-8.2
[C@@H]OCCS(=O)(=O)Cc1cccnc1OCc1ccccc1,0.6470,3.6520,-8.55,-7.9
[C@@H]Oc1ccc(NC(=O)COc2ccccc2C(=O)OCc2ccccc2)cc1,0.4870,3.1300,-9.15,-9.8
[C@@H]1CCN(CCOc2c(Cl)cccc2Cl)C1,0.7220,3.5760,-8.25,-7.2
[C@@H]1CCC[C@@H]1CNC(=O)Nc1ccc(Cl)cc1Cl,0.7620,3.9710,-8.6,-9.2
[C@@H]#Cc1cccc(C(=O)Nc2c(F)cccc2F)c1,0.7220,2.9800,-9.3,-9.6
[C@@H](C)[C@@H](NC(=O)c1ccccc1Br)C(=O)N[C@@H](c1ccccc1)c1ccccc1,0.4500,3.7620,-9.55,-8.7
Nc1cccc(OCC(=O)N2CCC[C@H]2Cn2cccn2)c1,0.7500,3.7350,-8.9,-9.2
Cc1cccc(NC(=O)CN(C)c2[nH+]ccn2C)c1,0.7970,4.1890,-8.5,-8.5
CC(=O)N/C(=C\c1cc2ccccc2c2c(Cl)cccc21)c1ccc(C)cc1,0.2130,3.4450,-10.25,-11.1
O=C(Cn1ccsc1=O)N1CCN(c2ccc(Br)cc2)CC1,0.7160,3.2680,-8.75,-8.4
FC(F)(F)C1NN(C(=O)c2c(F)cccc2Cl)C1,0.7020,4.2460,-9.15,-7.9
FC(F)(F)CS(=O)(=O)c1ccc(Cl)cc1Cl,0.7380,3.2840,-8.45,-7.4
FC(F)(F)C1CCN(C(=O)c2ccc(F)cc2Cl)CC1,0.6210,3.0990,-8.85,-9.3
Fc1c(Cl)cccc1NCc1cc([N+](=O)[O-])ccc1C#N,0.5870,3.2780,-8.9,-9.0
FC(F)(F)c1ccc(Cn2c(=O)[nH]c3ccccc32)cc1,0.6720,2.9400,-9.2,-9.3
Fc1ccc([O-])c(CSc2nccs2)c1,0.6740,4.0290,-8.25,-7.6
FC(=O)c1cccc(C[NH2+]Cc2ccc(F)cc2Cl)c1,0.7460,4.2220,-8.95,-10.1
Fc1ccc(OCCNSc2nnc(Cc3ccccc3)o2)cc1,0.3980,3.4460,-8.65,-9.6
FC(F)(F)Oc1cccc(CO/N=C/c2ccccc2)c1,0.5130,3.1060,-8.8,-10.1
FC(F)(F)[C@@H](Oc1ccccc1)C(=O)NCc1ccccc1,0.8200,3.4400,-8.9,-9.6
Fc1ccc(CN(Cc2cccc(F)c2)C(=O)Cn2cnc3ccccc32)cc1,0.3840,3.0890,-9.75,-9.5
FC(F)Cn1nnnc1S[C@@H]1CCCCC1=O,0.7230,4.3470,-8.4,-8.2
F[C@H](c1ccccc1)[C@@H]1CN(Cc2cccc(F)c2)CCO1,0.7530,3.9610,-9.15,-9.4
Fc1cccc(C(=O)NNc2nncs2)c1,0.6940,3.3000,-8.6,-9.2
[C@H](C)NC(=O)Nc1ccc(N(C)C)cc1,0.6950,3.3830,-8.2,-7.5
[C@H]1CCCN(C(=O)C(=O)Nc2c(F)cccc2F)C1,0.6880,3.7170,-8.95,-8.5
[C@H](C(=O)NCc1ccc(C(C)(C)C)cc1)NCc1ccccc1,0.7570,3.2030,-8.65,-10.0
[C@H](C(=O)c1ccsc1)[C@H]1CCCC[C@@H]1c1ccc(Cl)cc1,0.5550,4.3780,-8.8,-9.1
[C@H]Oc1ccccc1CN(C)C(=O)Cn1cnc2cc(Cl)ccc2c1=O,0.5930,3.5530,-9.2,-9.3
[C@H]Oc1ccc2c(c1)NC(=O)[C@@H]2c1cccc(NC(=O)CCn2cccn2)c1,0.5940,4.2660,-9.45,-10.3
[C@H](C#N)CNC(=O)Nc1ccc([N+](=O)[O-])cc1C(F)(F)F,0.4060,3.8090,-8.6,-8.5
[C@H](CC[C@H](O)c1ccccc1)C(=O)Nc1ccc(Cl)c(Cl)c1,0.7060,3.7360,-8.75,-10.0
[C@H]1CCCN(C(=O)[C@@H]2CCCN(c3cnn(C)c(=O)c3)C2)C1,0.7120,4.3220,-8.65,-10.0
[C@H]Oc1cccc(S(=O)(=O)N[C@H]2CCCc3ccccc32)c1F,0.8340,4.1100,-9.3,-9.4
[C@H](C)OC(=O)CN1C(=O)/C(=C/Nc2ccc([N+](=O)[O-])cc2)Sc2ccccc21,0.2420,3.8220,-9.2,-8.2
[C@H]O/N=C1\Sc2ccccc2N(Cc2cccc(C(F)(F)F)c2)C1=O,0.5660,3.8670,-9.25,-9.2
[C@H]1C(=O)c2ccc(O)cc2[C@@H]1C(=O)NCc1ccc([N+](=O)[O-])cc1,0.5610,4.1320,-9.45,-10.2
[C@H]Oc1cccc(C(=O)N2CC[C@@](C)(C(=O)N3CCCC3)C2)n1,0.7500,4.3780,-8.75,-10.0
[C@H](C(=O)C1CCCCC1)c1ccccc1OCC(N)=O,0.7650,3.3890,-8.8,-8.9
[C@H](C)Oc1ccc(=O)n(CCNCc2cccc(C(F)(F)F)c2)c1,0.6880,3.7140,-8.85,-10.1
[C@H]Oc1cccc(CN(C[C@@H](O)c2ccccc2)c2nnnn2C2CCCC2)c1,0.5330,4.3930,-9.45,-8.5
[C@H]1C(=O)C(=O)N(c2ccc(Cl)cc2)[C@@H]1c1ccc(F)cc1,0.6980,3.8200,-9.4,-8.5
[C@H]Oc1ccccc1C[C@@H](C)Nc1ncnc2sccc12,0.6780,4.2300,-8.75,-9.9
[C@H]1CC[C@H](Cc2nnnn2Cc2ccccc2)C1,0.7240,4.1130,-8.7,-9.1
[C@H](C)c1cccc(NC(=O)Cn2cnc3cc(C(=O)[O-])ccc32)c1,0.6730,3.8150,-9.35,-10.6
[C@H](C)C(=O)N(Cc1ccccc1)[C@@H]1CCN(CC(F)(F)F)C1,0.7340,3.9950,-8.95,-8.3
[C@H]1C(=O)NC2=C(C(=O)CCC2)[C@H]1c1ccc2nccnc2c1,0.7730,4.4580,-9.35,-9.8
[C@H](C#N)CCCn1ncc2ccccc21,0.6080,3.8400,-8.1,-7.2
[C@H](C)[C@H](C)NC(=O)CCc1cccs1,0.6940,4.1040,-8.0,-7.2
[C@H]1CCCC[C@@H]1c1nc(CCC(=O)N2CCc3ccccc32)cs1,0.7200,4.2350,-9.45,-10.8
[C@H]1CCN(/N=C/c2cccc(Cl)c2)C1,0.5810,3.9690,-8.3,-8.0
[C@H](C)CNC(=O)Nc1ccc(F)cc1C(=O)[O-],0.7030,3.9410,-8.6,-7.8
[C@H]S/C(=C\c1cccc2ccccc12)c1c(C)nn(C2CC2)c1N,0.6170,3.9660,-8.95,-8.7
[C@H]1C[C@H](C)CN(C(=O)CNC(=O)c2ccc(O)cc2F)C1,0.7830,4.2400,-8.95,-8.8
NC1=NC(=O)[C@H](CSc2ccc3c(c2)OCCO3)C1,0.7470,4.3500,-8.9,-8.8
CNC(=O)c1cccc(N)c1COc1cccc(F)c1,0.7410,3.0480,-9.0,-8.8
O=C([O-])[C@H]1COc2ccccc21,0.4810,4.1790,-8.1,-7.0
[C@H]=C(C#N)Cc1ccc(F)c(C#N)c1,0.5620,4.0750,-8.15,-7.3
[C@H](C)c1nc2cc(OCc3ccncc3)nn2c(=O)[nH]1,0.6630,4.1570,-9.0,-10.1
[C@H](C#N)c1ccc(COc2ccccc2)nc1,0.7000,3.4230,-8.25,-8.5
[C@H]Oc1cccc(-c2csc(NC(=O)CN(C(C)=O)c3ccccc3)n2)c1,0.6060,3.5570,-9.45,-10.2
[C@H](C#N)C1=NN(Cc2cccc(C#N)c2O)C(=O)N1Cc1ccco1,0.6520,4.1760,-8.6,-7.9
[C@H]Oc1ccc(NC(=O)c2ccc(=O)n(C)c2)cc1[N+](=O)[O-],0.5820,3.5850,-9.0,-9.4
[C@H](C)Oc1ccccc1n1c(C(F)(F)F)nc2cc(S(=O)(=O)N3CCCCC3)cnc21,0.4790,3.9520,-8.95,-9.9
[C@H]1CCC[C@@H]1C(=O)OCCNC(=O)c1cn(C)nc1C(C)(C)C,0.5650,4.4830,-8.45,-9.3
[C@H]Oc1ccccc1OC[C@@H](O)Cc1ccccc1OCC(=O)[O-],0.6340,4.2690,-8.75,-8.8
[C@H](C(=O)Nc1ccccc1-n1cccn1)[NH+]1CCC(c2nnc(-c3ccccc3)o2)CC1,0.3930,4.3300,-9.45,-10.3
[C@H]Oc1ccc(Br)cc1C(=O)c1ccccc1[O-],0.7190,4.0750,-8.75,-9.2
[C@H]1CCN(C(=O)c2cccc([N+](=O)[O-])c2[N+](=O)[O-])C1,0.5080,3.8120,-8.4,-7.8
[C@H]Oc1ccc(C(=O)Nc2ccccc2C=O)cc1S(=O)(=O)N1CCC[C@H](C)C1,0.6330,4.0460,-9.6,-9.8
[C@H]1C(=O)NC[C@H](CC(=O)Nc2ccc(O)cc2O)C1,0.3780,4.3620,-8.6,-8.4
[C@H]Oc1cccc(OCCNC(=O)CCc2nnnn2C)c1,0.6090,3.7120,-8.5,-8.7
[C@H]Oc1ccc(NC(=O)Cc2cccnc2Cl)cc1,0.7720,3.4110,-8.5,-8.8
[C@H](CCNC(=O)c1cccc(F)c1)n1cncn1,0.7090,3.7510,-8.5,-8.2
[C@H]([C@H](C)c1cccc(F)c1)NC(=O)Nc1ccc(F)cc1,0.7760,3.8290,-9.0,-10.3
[C@H]Oc1ccc(NC(=O)CSc2nnc(C3CC3)n2C)cc1,0.7290,3.5180,-8.35,-8.6
[C@H]1CCc2nc(NC3CCCCC3)ncc2[C@@H]1c1ccccc1,0.8070,4.2000,-9.05,-9.0
[C@H]Oc1ccc(CN2CCC[C@@](CC(=O)Nc3nc(C)c(C)o3)C2)cc1,0.7590,4.2160,-9.3,-9.5
[C@H]Oc1ccccc1/C=C/C(=O)N[C@@H](CO)C(C)(C)C,0.7100,4.3190,-8.4,-6.5
[C@H](C#N)C1=NC(NC(=O)c2ccc(C#N)cc2)c2ccccc21,0.8440,4.3780,-8.8,-9.2
[C@H]Oc1ccccc1CNC(=O)N1CCN(c2cc(CCCCC#N)c([N+](=O)[O-])cc2F)CC1,0.2380,3.9030,-9.15,-10.1
[C@H]Oc1ccc(NC(=O)CCc2ccc([N+](=O)[O-])cc2)cc1Cl,0.5430,3.2710,-8.75,-9.5
[C@H]Oc1ccc(N2C[C@@H](C(=O)Nc3ccccc3)CC2=O)cc1,0.8450,3.6530,-9.15,-9.7
[C@H]Oc1ccccc1CCNC(=O)c1cc(C(C)C)ccc1OC,0.7410,3.3320,-9.0,-9.4
[C@H](C)C(=O)N1CCO[C@H](c2cccnc2)C1,0.6500,4.1510,-8.3,-7.6
[C@H]Oc1ccc(OCCN2CCc3cc([N+](=O)[O-])ccc32)cc1SC,0.3260,3.7990,-8.7,-8.8
[C@H]Oc1ccc(NC(N)=O)cc1NC(=O)C[C@H](O)c1ccccc1C(F)F,0.4930,4.2740,-9.15,-9.4
[C@H](c1cccc([N+](=O)[O-])c1)[C@@H]1CCCN1C(=O)c1ccc(OC(F)(F)F)cc1,0.4590,4.0670,-9.25,-10.4
[C@H]1CCN(C(=O)COCc2ccc(N(C)C3CCCCC3)cc2)C1,0.7020,3.6420,-8.9,-9.8
[C@H]Oc1cccc(NC(=O)N(C2CC2)[C@H](C)c2ccco2)c1F,0.7980,4.3900,-8.8,-8.8
[C@H](C)NC(=O)N1CCN(C(C)C)CC1,0.6150,3.7470,-7.8,-6.7
[C@H]1C(C)(C)C[C@]1(O)C(=O)OCc1ccccc1,0.7130,4.0070,-8.45,-8.7
[C@H](CC(=O)N1CCC(NC(=O)c2ccccc2)CC1)c1ccc(Cl)cc1,0.7730,3.2180,-9.35,-10.1
[C@H]OC(=O)[C@H](C)c1ccc(Cl)cc1,0.5800,3.9530,-7.95,-7.1
[C@H](C)c1ccc(OC(=O)Cc2csc(-c3ccccc3)n2)cc1,0.4120,3.2910,-9.1,-10.6
[C@H]1C[C@H](CO)CN(C(=O)Nc2cc(F)ccc2F)C1,0.7630,4.1920,-8.8,-9.2
[C@H]1COCCN1Cc1cc2ccccc2cc1OC(F)F,0.7610,3.8330,-8.85,-9.0
[C@H](C)C(=O)Nc1ccc(C(=O)Oc2cccc(Cl)c2)cc1,0.5910,3.0220,-8.9,-9.6
[C@H]1CC[C@@H](C)[C@@H](Oc2ccc(NC(=O)CN3CCOCC3)cc2)C1,0.8010,4.2440,-8.75,-9.3
[C@H]Oc1ccc(NC(=O)c2cc([N+](=O)[O-])ccc2F)cc1OC,0.5760,3.3420,-8.95,-9.5
[C@H](C)C(=O)NC[C@H]1CCc2c(O)cccc21,0.7120,4.1760,-8.85,-8.1
[C@H]1C=NN=C1c1cccc(OCc2cnn(C)c2)c1,0.7360,3.9540,-8.8,-8.8
[C@H]Oc1ccc(CC(=O)N[C@H](C)c2nc(-c3ccccc3C)cs2)cc1C,0.5640,4.0220,-9.1,-10.5
[C@H]Oc1ccc(S(=O)(=O)N2CCN(C(=O)c3cccc4ccccc34)CC2)cc1OC,0.5120,3.3710,-9.45,-10.2
N#C[C@H](c1ccccc1Cl)N1CC(O)(c2ccncc2)C1,0.8460,4.1710,-8.55,-9.0
Cc1ccc(C(=O)N(c2c(F)cc(F)cc2F)C(=O)c2ccccc2C#N)cc1C,0.4680,3.5020,-9.95,-7.2
O=C(c1csc(NCCc2ccccc2)n1)NC[C@@H]1CCCO1,0.7190,3.5460,-8.85,-9.1
[C@H]Oc1ccc(/C=N\NC(=O)/C(Cl)=C/c2ccc(OCc3ccccc3)c([N+](=O)[O-])c2)c(OC)c1,0.0850,3.9160,-9.35,-9.0
[C@H](C)[C@H](NC(=O)C[C@H](O)c1ccc(Cl)cc1)c1cccc(Br)c1,0.6500,4.2880,-9.0,-9.3
[C@H]Oc1cccc(C(=O)N(C)Cc2cc(=O)[nH]c([O-])c2C)c1,0.8150,4.2410,-8.7,-8.9
[C@H]1CCN(C(=O)CNc2cccc(CC(C)C)c2)C1,0.7820,3.5200,-8.65,-9.1
[C@H]Oc1cccc(-c2cc(C(=O)OCc3ccc(OC(C)C)cc3)no2)c1,0.4730,3.5440,-8.95,-9.9
[C@H](C)NC(=O)c1ccccc1-n1cccn1,0.7460,3.5730,-8.3,-7.2
[C@H]Oc1ccc(NC(=O)C[NH2+]c2ccccc2Oc2ccccc2)cc1,0.5440,4.0240,-9.25,-10.1
[C@H]Oc1ccccc1-n1ccc2c(C(=O)[O-])c(C#N)cnc21,0.6250,4.4070,-8.85,-7.6
[C@H](C)SCCn1nc2ccc(C(=O)NCc3cccnc3)nc2n1,0.5620,4.1910,-8.6,-9.0
[C@H]O/C=C/C=C/C(=O)Nc1ccc(OCC(N)=O)cc1,0.3440,3.7620,-8.45,-8.5
[C@H](C[NH3+])c1ccc(Br)cc1C(F)(F)F,0.7520,4.4170,-8.0,-7.1
[C@H](C#N)Cn1ncc2c(NC(=O)c3cccc(F)c3)ncnc21,0.6940,3.7820,-9.2,-9.3
[C@H]Oc1ccccc1CN(C[C@H]1CCCO1)C(C)=O,0.7160,4.0810,-8.45,-7.6
[C@H](C)[C@@H](NC(=O)c1cc(-c2cnn(C)c2)nn1C)C(=O)N(C)C,0.7550,4.4840,-8.65,-9.6
[C@H]#CC[C@H](C(=O)[O-])N1C(=O)c2ccccc21,0.5540,4.4710,-8.5,-7.7
[C@H](C(=O)C[C@H]1SCCN(c2ccccc2)C1)c1cccs1,0.7350,4.3590,-8.65,-8.6
[C@H]1CCCN(C(=O)CN2CCc3cnn(-c4ccccc4)c3C2)C1,0.7680,3.7850,-9.45,-9.2
[C@H]1c2ccccc2C(=O)N1c1cc(N2CCOCC2)nc(N2CCCC2)n1,0.7310,3.8860,-9.75,-9.6
[C@H]=C(C#N)Cc1cccc(NCCC(=O)N(C)C)c1,0.6920,3.7690,-8.5,-8.3
[C@H](C)OC(=O)c1ccccc1CCC(=O)NCc1ccc(F)cc1,0.6930,3.2440,-9.05,-9.4
[C@H](C[NH3+])c1ccccc1OC[C@H]1CCCO1,0.7070,4.4010,-8.1,-8.0
[C@H]#Cc1ccc(S(=O)(=O)N(CCO)Cc2ccccc2)nc1,0.7140,3.4490,-8.8,-7.8
[C@H]Oc1cccc(C(=O)C[C@@]2(O)C(=O)N(Cc3ccccc3)c3ccccc32)c1,0.5570,3.9080,-9.6,-9.2
[C@H](C)[C@@H](NC(=O)CN1CCN(Cc2ccccc2)C1)c1nccs1,0.7380,4.2250,-8.65,-8.5
[C@H]1C(=O)CN(Cc2ccc(CCO)cc2)C1=O,0.7140,3.6510,-8.6,-8.4
[C@H]Oc1ccc(/C=C(/C#N)C(=O)OC(C)C)cc1OC,0.3680,3.7760,-8.1,-7.2
[C@H]1CCN(C(=O)C[C@H]2CCCCO2)[C@@H]1c1ccc(Cl)cc1,0.7500,4.4380,-9.1,-8.1
[C@H]Oc1ccc(-c2ncoc2)cc1NCc1cc(-c2ccccc2)on1,0.4480,3.9180,-9.4,-10.3
[C@H](C#N)NCC1(CN2CCCC2=O)CCCC1,0.6320,4.3760,-8.2,-7.0
[C@H]S(=O)(=O)c1ccccc1CNC(=O)NC[C@@H](O)c1ccc(F)cc1F,0.6120,4.0320,-9.2,-10.3
[C@H](C#N)[C@@H]1CCCC[C@H]1CNC(=O)CCc1ccc2c(c1)OCO2,0.7720,4.4580,-8.95,-9.6
[C@H]1CC[C@H]1NC(=O)NCCc1nc2ccc(F)cc2[nH]1,0.6970,4.1680,-8.9,-9.5
[C@H](C#N)CNc1ccc(Br)cc1Cl,0.7450,3.9290,-7.8,-6.4
[C@H]Oc1ccc(NC(=O)c2csc(-c3cccc([N+](=O)[O-])c3)n2)cc1,0.4520,3.4410,-9.05,-10.6
[C@H](NC(=O)/C=C/c1cccc(C(F)(F)F)c1)c1ccc(Cl)s1,0.6960,3.7900,-8.9,-10.3
[C@H]1c2cc(C(=O)NCc3ccccc3)ccc2-n2c1nn1c2nnnc1=O,0.4040,4.0980,-10.0,-11.6
O=C1C[C@H](C(=O)N2CCN(c3ccc(OC(F)F)cc3F)CC2)c2cc(S(=O)(=O)N3CCCCC3)ccc2N1,0.4760,4.1740,-9.85,-12.4
[C@H]#C[C@](C)(O)CNC(=O)c1ccc2c(c1)COCO2,0.6850,4.2310,-8.7,-8.7
[C@H]Oc1cc(C)cc(O[C@@H](C)C(=O)N[C@H](C)c2ccc(F)cc2)c1F,0.7600,4.2650,-9.05,-9.2
[C@H]Oc1ccc(NC(=O)c2ccco2)cc1I,0.7730,3.6010,-8.55,-8.3
[C@H]/[C@H]/C([O-])=N/S(=O)(=O)c1ccc(Br)cc1,0.5100,4.3240,-8.25,-7.3
[C@H]/[C@H]/[NH2+]Cc1ccccc1OCc1cccc(F)c1F,0.7610,4.0570,-8.6,-8.6
[NH2+]=C(Nc1cc([N+](=O)[O-])ccc1[N+](=O)[O-])N1CCCCC1,0.2620,3.8120,-8.65,-8.6
[NH2+]CCCC(=O)N(CCc1ccccc1)C1CC1,0.6670,3.5730,-8.35,-7.3
[NH2+]=C(NC1CC1)N1CCC[C@@H](CNc2ccc(F)cc2)C1,0.4680,4.1100,-8.7,-8.9
[NH2+][C@@H](c1ccccc1Br)C1(c2ccc(F)cc2F)CC1,0.7860,4.3300,-9.0,-9.0
[NH2+]Cc1cccc(COc2ccc([N+](=O)[O-])cc2)c1,0.5550,3.3420,-8.8,-9.0
[NH2+][C@@H]1CN(Cc2ccccc2)CN(C(=O)Cc2cccs2)C1,0.8150,4.2770,-8.55,-8.2
[NH2+][C@@H](CC(=O)NCc1c[nH]c2ccccc12)C1CC1,0.6340,4.1770,-8.75,-9.2
[NH2+]=C1/C(=C/Nc2ccccc2)SC(=S)N1C1CCCCC1,0.7410,3.8980,-8.85,-8.7
[NH2+]CCNC(=O)Nc1ccc(F)cc1,0.5260,3.4490,-8.25,-7.3
[NH2+][C@H](c1ccccc1F)[C@@H]1COc2ccccc21,0.7610,4.4320,-5.0,-9.2
N#Cc1ccccc1CS(=O)(=O)CC1CC1,0.7000,3.2860,-8.35,-7.3
O=C(Nc1cc(C(F)(F)F)cc(Cl)c1)[C@@H]1CC(=O)N(c2ccc(Cl)cc2)C1,0.6640,3.5770,-9.6,-8.3
CCOCC1CCN(C(=O)Nc2ccccc2N2CCCC2)CC1,0.7970,3.0860,-8.7,-8.5
[NH2+]=C1CSC(=S)N1c1ncnc2cc(Cl)ccc12,0.7030,4.3210,-8.95,-7.5
[NH2+]=C1/C(=C/c2ccc(OCCO)cc2)C(=O)N[C@H]1c1cccc(F)c1,0.5980,4.2560,-9.1,-10.2
[NH2+]=C1CCCN1CCc1ccc(S(=O)(=O)N2CCCC2)cc1,0.7460,3.6240,-9.1,-9.6
[NH2+][C@@H](CSc1ccccc1)C1CCC1,0.6500,4.2680,-8.05,-7.6
[NH2+]=C(N[C@H]1CCCNC1=O)c1cc([N+](=O)[O-])ccc1[N+](=O)[O-],0.1770,4.4890,-8.75,-9.1
[NH2+][C@H](Cc1cc(C(F)(F)F)ccc1F)c1ccccc1,0.7370,4.0030,-9.15,-9.4
[NH2+]CC(=O)Nc1ccccc1C(=O)n1cnc(-c2ccccc2)n1,0.6340,3.6600,-9.7,-10.1
[NH2+]=[N+]=Cc1ncc(Cc2ccccc2)s1,0.3560,4.2840,-8.65,-7.9
[NH2+]c1ccc(S(=O)(=O)N2CCN(c3ccc(F)cc3C(F)(F)F)CC2)cc1,0.5300,3.7270,-9.25,-8.3
[NH2+][C@@H](c1cccc(Br)c1)[C@H]1COc2ccccc2C1,0.8080,4.4750,-5.0,-9.8
[NH2+]=C1/C(=C/C=C/c2ccccc2)Oc2ccccc21,0.7690,3.8240,-9.45,-10.6
[NH2+]Cc1ccc([N+](=O)[O-])cc1F,0.4110,3.9600,-7.9,-6.4
[NH2+][C@@H](CCc1ccc(Br)cc1)C(F)(F)F,0.7800,4.2750,-8.45,-7.8
[NH2+]=C(NCc1cncc(C(F)(F)F)c1)NCC1(CC2CC2)CCCCC1,0.4340,4.2390,-9.05,-10.1
[NH2+]=C1/C(=C/c2ccc(O)cc2)CS1,0.5870,4.2700,-8.25,-7.5
[NH2+][C@H](CN1CCC(c2ccccc2)CC1)c1ccncc1,0.8310,4.0330,-9.05,-9.6
[NH2+]=C(N/N=C/c1cccc([N+](=O)[O-])c1)c1ccccc1,0.2710,3.5940,-8.95,-10.3
[NH2+]/C=C/C(=O)c1ccc(F)cc1,0.4040,3.7010,-8.0,-6.9
[NH2+][C@H](Cc1ccccc1F)c1cncc([N+](=O)[O-])c1,0.5680,4.3160,-8.8,-8.8
[NH2+]=C(NCCN1CCCC1=O)c1ccc(Br)cc1,0.5150,3.8000,-8.6,-9.2
[NH2+]=C(c1ccsc1)N(CCc1ccccc1)C1CCCC1,0.5670,3.6900,-9.05,-8.1
[NH2+]CCC(=O)NC[C@H](c1cccnc1)N1CCCCC1,0.6760,4.1290,-8.65,-7.8
[NH2+][C@H](Cc1ccccc1)Cc1cc(F)ccc1F,0.7560,3.8820,-8.8,-9.0
O=C(/C=C/c1cccs1)N/N=C/c1ccco1,0.4120,3.5630,-8.4,-8.2
CCc1ncc(CN2CCCC[C@H]2Cn2ccccc2=O)cc1C,0.7470,3.9650,-9.05,-8.9
N#Cc1cccc(C(=O)N[C@@H](c2ccccc2)c2cccs2)c1,0.6860,3.3810,-9.15,-9.0
[NH2+]=C1CSc2ccc(N3CCSCC3)cc2N1,0.6930,4.3940,-8.6,-8.3
[NH2+]=C/c1c([N+](=O)[O-])cccc1Sc1ccc(F)cc1,0.4280,3.8340,-8.55,-8.2
[NH2+][C@@H](CSc1ccccc1)c1ccc(Br)cc1,0.7610,4.0000,-8.35,-8.5
[NH2+]=C1S/C(=C/c2ccc(SCc3ccccc3Cl)o2)S/C1=C\c1c(Cl)cccc1Cl,0.2840,4.3960,-9.1,-7.9
[NH2+]=[N+]=Cc1c[nH]c2ccccc12,0.2340,4.3050,-8.55,-7.3
[NH2+]Cc1ccccc1CO,0.4780,3.8830,-7.85,-6.1
[NH2+][C@H](C(=O)N1CCCCC1)c1cn(Cc2cccnc2)nc1C(F)(F)F,0.7880,4.4430,-8.95,-8.4
[NH2+]c1ccc(Cc2nc(Cc3ccccc3)no2)cc1,0.6330,3.6530,-8.95,-9.9
[NH2+]=[N+]([O-])c1ccc(S(=O)(=O)N2CCc3ccccc32)cc1,0.4160,3.5700,-9.2,-8.7
[NH2+]Cc1ccc(Oc2ccccc2[N+](=O)[O-])cc1,0.5590,3.3830,-8.85,-8.4
[NH2+][C@H](Cn1cccn1)C(=O)NCc1ccc(Cl)c(Cl)c1,0.7610,4.2200,-8.5,-8.9
[NH2+][C@@H](CSc1ccccc1)c1nccn1Cc1ccccc1,0.6120,4.0020,-8.8,-9.3
[NH2+]c1ccc(NC(=O)C2CCC2)cc1Br,0.6910,3.7560,-8.5,-8.2
[NH2+][C@@H](Cn1cncn1)c1ccc(F)cc1,0.6790,4.4030,-8.25,-7.2
[NH2+]=[N+]([O-])c1ccc(N2CCC(C(=O)NC3(C4CC4)CC3)CC2)cc1,0.3850,3.9830,-8.75,-9.8
[NH2+][C@H](C(=O)Cc1cc(C(F)(F)F)c(F)cc1)c1ccccc1C(F)(F)F,0.7080,4.2710,-9.4,-10.6
[NH2+][C@@H](CSCc1ccccc1)S(=O)(=O)c1ccc(Cl)cc1,0.7770,3.9540,-9.0,-8.6
[NH2+][C@H](Cc1c[nH]c2ccccc12)c1ccccc1,0.6010,3.8500,-9.1,-9.4
[NH2+][C@@H]1CC[C@@H](OCc2ccccc2)C1,0.6640,4.4230,-8.25,-8.0
[NH2+]Cc1cc(Br)ccc1O,0.5910,4.1120,-7.75,-6.4
Nc1ccc2nc(COc3ccc(C(=O)N4CCOCC4)cc3)[nH]c(=O)c2c1,0.5650,3.2720,-9.65,-11.3
O[C@@H]1CCCC[C@@H]1c1c(Cl)cccc1Cl,0.6920,3.8380,-8.5,-7.1
[NH2+]=C1CSc2cc(C(=O)Nc3ccc(Cl)cc3)oc12,0.7880,4.0510,-8.9,-10.1
[NH2+]=C1c2ccccc2C(=O)N1c1cccc(F)c1,0.6950,3.4950,-9.5,-9.3
[NH2+]Cc1ccc(OC2CCCC2)cn1,0.6740,3.9230,-8.2,-7.2
[NH2+]n1c(OCC(F)(F)F)nnc1SCc1c(F)cccc1F,0.4100,4.1860,-8.7,-9.5
[NH2+]=C1CSc2nc(SCc3cccc(Cl)c3)nnc2N1,0.7330,4.4690,-8.95,-9.2
[NH2+]CCN1CCN(C(=O)c2nc(C3CC3)no2)CC1,0.6330,4.0450,-8.25,-8.1
[NH2+]=C(Nc1ccc2nccnc2c1)N(CCCl)c1ccccc1,0.3360,3.7870,-8.9,-9.5
[NH2+]Cc1cccnc1N1CCOCC1,0.5850,3.8010,-8.1,-6.9
[C@H]1N/C(=[NH+]/c2ccc(OCCc3ccccc3)cc2)SC1=S,0.7250,4.4970,-8.85,-9.5
[C@H](C)CNC(=O)Nc1cc2c(cc1Br)OCCO2,0.8010,3.6540,-8.55,-8.1
[NH2+][C@H](CCc1ccc(F)cc1)c1ccc(F)c(F)c1,0.7790,3.9370,-9.05,-9.4
[C@H]Oc1ccccc1CC(=O)NCCS(=O)(=O)N1CCC(COc2ccccc2)CC1,0.5090,3.5730,-9.05,-9.9
[C@H](C)N(C(=O)C1CCCC1)[C@H](C)c1ccc(CN2CCOCC2)c([N+](=O)[O-])c1,0.4260,4.2940,-8.65,-8.4
[C@H]1CCC/C(=C/c2ccc(O)cc2)C1,0.6120,3.8970,-5.0,-8.1
[C@H]Oc1ccccc1C[C@@]1(C)CCCN(C(=O)NCc2ccncc2)C1,0.7940,4.2940,-9.1,-8.3
O=C(COc1ccc(F)cc1)Nc1ccc(Cl)cc1,0.8300,2.4040,-8.6,-9.5
[C@H]OC[C@@H](NC(=O)CSc1nc2ccccc2n1C)c1ccccc1,0.5630,3.8950,-8.75,-9.2
[C@H]Oc1cc2[nH]c(=S)n(-c3nccs3)c2cc1OCCO,0.6070,4.2500,-8.5,-7.1
[C@H]Oc1cc(C)c(NC(=O)c2ccc(S(=O)(=O)N3CCCC3)cc2)cc1OC,0.7030,3.3310,-9.15,-10.2
[C@H]=C(NSc1ccccc1)C(=O)Nc1c(F)cccc1F,0.5560,3.7740,-8.95,-9.4
[C@H]1C=[NH+]/C(=C/c2ccccc2Cl)c2ccccc21,0.7030,4.3000,-9.45,-7.6
[C@H]Oc1ccc(NC(=O)CSc2nccs2)cc1C(N)=O,0.6940,3.6920,-8.4,-8.3
[C@H]#C[C@@H](C(=O)OCCN1CCOCC1)c1ccccc1,0.4980,3.8090,-8.4,-7.8
[C@H](N)c1ccc(C#N)cc1OCC(=O)Nc1ccccc1,0.7770,3.2490,-8.6,-9.3
[C@H]1CC[C@H](C)C(Nc2ccccc2NC(=O)c2ccccc2F)C1,0.7410,4.1620,-9.5,-8.7
[C@H](C#Cc1ccccc1)C(=O)N(C)[C@H](C)Cn1ccnc1,0.7030,4.4740,-8.55,-8.4
[C@H](C#N)c1csc(-c2ccc(F)c(F)c2)n1,0.7010,3.8540,-8.45,-8.1
[C@H](c1ccccc1Cl)NC(=O)C1=CN(c2ccc(Cl)cn2)CC1,0.8150,4.0610,-9.45,-10.2
[C@H](N)c1ccc2c(c1)nc(C1CC1)n2C[C@@H]1Cc2ccccc2C1(C)C,0.6550,4.4850,-9.35,-8.4
[C@H]1CC[C@@H](Oc2ccc3c(c2)OCCO3)C1,0.6650,4.2430,-8.5,-8.0
[C@H](C)[C@H](NS(C)(=O)=O)c1ccc(Cl)cc1Cl,0.8220,4.2260,-8.1,-7.6
[C@H]1CN(C(=O)c2ccc(CS(N)(=O)=O)cc2)CCO1,0.7520,3.7170,-8.75,-8.6
[C@H](C)C(=O)NCCc1nc(-c2cccs2)no1,0.7760,3.5980,-8.25,-8.1
[C@H](C)CN(C[C@H]1CCCO1)C(=O)CN1CCN(c2ccccc2)CC1,0.6580,3.8540,-8.65,-8.2
[C@H]Oc1ccc2nc(C)c(C(=O)Nc3ccn(Cc4cccc([N+](=O)[O-])c4)n3)nc2c1,0.2770,3.8640,-9.7,-11.8
[C@H]Oc1ccc(-c2noc(N)c2C(N)=O)cc1C(=O)N[C@H](C)c1ccc(C)cc1,0.4910,4.1560,-10.05,-9.5
[C@H]Oc1ccc(NC(=O)CSc2nncn2C2CC2)cc1OC,0.6850,3.6590,-8.4,-9.5
[C@H](C)N(CCO)c1ccc(-c2nnnn2C(F)F)c(Cl)c1,0.7860,4.2770,-8.85,-7.9
[C@H]1CCCN1c1ccccc1CNc1ncnc2ccccc12,0.6910,3.5700,-9.45,-9.2
[C@H]Oc1ccc(CNC(=O)c2cc(C#N)cc([N+](=O)[O-])c2C)cc1O,0.5360,3.7670,-9.0,-9.3
[C@H]1C(C#N)=C(N)[C@@H]1c1ccccc1OCc1cc(F)ccc1F,0.8390,4.2560,-9.3,-9.3
[C@H](C(=O)NCC#CCOc1ccccc1)c1ccc(-c2cnn(C)c2)nc1,0.5860,3.8820,-8.95,-9.6
[C@H]Oc1cc(OC)ccc1OCC(=O)Nc1ccc(N2CCCCC2)c(Cl)c1,0.6430,3.3530,-9.0,-9.4
[C@H]1C(=O)Nc2ccccc21,0.4640,3.8250,-7.8,-6.6
[C@H]Oc1ccc(-c2noc(C(=O)[O-])n2)cc1OC,0.6580,4.1610,-8.45,-8.0
[C@H](C(=O)c1ccc(Cn2cccn2)c(F)c1)c1cc(Cl)c2cccnc2n1,0.3900,3.8910,-9.55,-10.6
[C@H]Oc1cccc(Oc2ccccc2NC(=O)c2c[nH]c3ccccc23)c1,0.4130,3.3240,-9.85,-9.6
[C@H](C)OC(=O)c1ccc(C(C)(C)C)cc1C(=O)[O-],0.6630,4.1490,-8.55,-7.3
[C@H]1CCCN(C(=O)Nc2ccc(N3CCCC3)c([N+](=O)[O-])c2)C1,0.5860,3.5400,-8.7,-9.7
[C@H]Oc1ccc(OCCNC(=O)C(=O)Nc2ccc(C)c(Cl)c2)cc1,0.5130,3.3340,-8.85,-9.0
[C@H](C(=O)NCc1noc(C(F)F)n1)NC(=O)c1ccc(Cl)cc1,0.7340,3.8520,-9.0,-9.6
Clc1ccccc1[C@@H]1CCCN1C(=O)Cc1ccc([N+](=O)[O-])cc1,0.5180,3.4180,-9.35,-8.7
Clc1cccc(Oc2ncccc2C2(CO)CC2)c1,0.8280,3.4010,-8.45,-8.4
ClCc1cc(-c2ccccc2)n[nH]1,0.6290,3.0820,-8.3,-7.4
Cl[C@@H](Cc1ccc(Cl)c(Cl)c1)Cc1ccccc1,0.5640,3.2930,-8.8,-9.3
ClCc1ccc(O[C@@H]2CCCc3ccccc32)cc1,0.6240,3.4660,-9.1,-8.9
Clc1ccc(NC[C@H]2CCCN(c3cccnc3)C2)cc1,0.8230,3.4280,-8.9,-9.4
ClCc1cccn1C1CC1,0.4790,3.6400,-7.35,-5.9
Clc1c(F)cc(C[C@@H]([NH3+])COc2ccccc2)cc1Cl,0.7440,4.1820,-8.75,-8.9
Cl[C@@H]1CCCC[C@@H]1OCC(=O)NC1CCN(Cc2c[nH]c3ccccc23)CC1,0.6210,4.1940,-9.1,-10.5
ClCc1ccc2c(c1)[C@@H](n1ccoc1=O)CC2,0.6670,4.3770,-8.6,-8.5
Cl[C@@H](CNc1ncccn1)c1ccc(F)cc1,0.7490,3.6710,-8.55,-8.8
ClCCS(=O)(=O)c1cccc(F)c1,0.6320,3.0830,-8.1,-6.7
ClC/Cn1ccc(-c2ccccc2Br)n1,0.6890,3.3170,-8.4,-7.5
Clc1ccc2c(c1)c1ccc(F)cc1-2,0.4170,2.7780,-8.65,-8.6
ClCCc1ccc(OC2CCOCC2)cc1,0.6540,3.0730,-8.15,-7.9
Clc1ccc(F)c(C(F)(Cl)N(C(Br)=O)C2CCC2)c1,0.3070,4.4440,-8.3,-7.2
Cl[C@@H](Cc1ccccc1Cl)c1c(F)cccc1Cl,0.5420,3.5600,-8.85,-8.5
Cl[C@@H](Cc1ccccc1)[C@@H]1COc2ccccc2C1,0.6650,3.8550,-9.15,-10.4
Cl[C@H](CCc1cccs1)C(=O)N1CCC[C@@H]1c1ccccc1Cl,0.5560,4.1260,-9.05,-8.1
Clc1ccc(-c2ccc(Cl)c(-c3ncoc3CC(F)(F)F)c2)cc1,0.4300,3.5590,-8.65,-10.2
ClC[C@H](O)c1cc(F)c(F)cc1Cl,0.5080,3.9050,-8.1,-6.5
Cl[C@H](Cc1ccccc1Cl)C(=O)NC[C@@H]1CCCO1,0.7490,3.9890,-8.6,-8.9
Clc1ccc2cc(CNc3cccc(F)c3)c(=O)oc2c1,0.6370,3.1310,-9.4,-10.4
Cl[C@@H]1CC[C@@H](CNC(=O)CCc2cccc(F)c2)O1,0.7450,4.0950,-8.75,-9.2
ClCc1ccccc1OCCN1CCCCC1=O,0.6680,3.0420,-8.4,-8.4
ClCOc1ccc(F)cc1NC(=O)OC(CO)CO,0.5880,3.5120,-8.35,-7.4
Cl[C@@H](C[C@H]1CCCO1)c1ccc(F)cc1,0.6180,3.8940,-8.2,-8.0
ClCCCNC(=O)CCc1ccccc1Cl,0.5180,2.8340,-8.2,-7.8
Cl[C@@H](Cc1c[nH]c2ccccc12)c1ccccc1,0.5540,3.3110,-9.0,-9.8
Cl/C=C(\Cl)COC(=O)c1cnc(Oc2ccccc2)s1,0.6620,3.7510,-8.25,-8.6
Clc1ccc(-c2nc3cc(NCCc4cc[nH]n4)ccc3o2)cc1,0.4610,3.5840,-9.4,-10.4
ClCc1cccc(OCC(F)(F)F)c1,0.6160,3.0070,-8.2,-7.4
Clc1ncccc1C(=O)Nc1c(F)cccc1F,0.7500,2.8820,-9.15,-8.7
ClC[C@@H]1CCCC[C@@H]1Oc1ccc(Oc2ccccc2F)cc1,0.5440,3.8500,-8.85,-9.8
Clc1ccc(-c2cccc(-c3nnco3)n2)cc1,0.6060,3.2040,-9.0,-9.8
Cl[C@H](Cc1ccccc1)c1ccc(Br)o1,0.6530,3.6090,-8.4,-8.5
ClCCOC[C@H]1CCCN(c2ncccn2)C1,0.4960,3.8310,-8.2,-7.1
Cl[C@@H](CC(=O)[O-])C(=O)Nc1ccc2c(c1)CCC2,0.7220,4.1600,-8.8,-9.0
Clc1ccccc1C[C@@H]1CCCN1C(=O)c1ccc(OCc2ccc(F)cc2)cc1,0.3930,3.4160,-9.55,-10.6
Cl[C@@H]1CC(C(=O)Nc2ccccc2Cl)=NC1,0.7130,4.0870,-8.6,-8.6
Cl[C@H]1CCO[C@@H]1c1ccccc1,0.5070,4.0580,-8.0,-7.0
Clc1ccccc1-n1cnnc1SCC(=O)Nc1ccoc1,0.6250,3.4970,-8.5,-8.9
Cl[C@@H]1CCN(c2cncc(C(=O)NCc3ccccc3)c2)C1,0.7820,3.5970,-9.05,-10.2
ClCCc1nnc2sc(-c3ccccc3)nn12,0.5830,3.3090,-8.75,-8.4
Clc1ccc(CBr)cc1F,0.5400,2.9770,-7.5,-6.2
Clc1cccc(OC[C@H](O)c2ccccc2)c1,0.7980,3.0870,-8.6,-8.7
ClCc1ccc2nccn2c1,0.4930,3.6120,-7.65,-6.8
ClC[C@@H]1CCCC[C@]1(O)c1ccccc1C(F)(F)F,0.7050,4.3380,-8.55,-7.7
Clc1ccc(Cl)cc1/C=N\N=C\c1ccccc1,0.4850,3.1690,-8.65,-8.2
Cl[C@@H](CC(=O)NC[C@@H]1CCCO1)c1nc2ccccc2s1,0.7590,4.2100,-8.75,-9.2
ClCC1CCN(C(=O)NCc2cccnc2)CC1,0.7540,3.1280,-8.55,-8.9
Clc1ccc(COCCO[C@H]2CCOC3(CCOCC3)C2)cc1,0.6410,4.4810,-8.5,-9.1
ClCc1cc(Br)ccc1O[C@H]1CCc2ccccc21,0.5950,3.6800,-8.95,-9.1
ClCC1CCN(c2ncccc2C2CC2)CC1,0.6650,3.3670,-8.45,-6.8
Clc1cccc(SCc2nc(-c3ccc(Cl)cc3)o[n+]2C2CC2)c1,0.3300,4.0570,-9.0,-9.5
Clc1ccccc1OC1(CCl)c2ccccc21,0.6550,3.6170,-8.55,-8.3
ClN1CCN(c2ccc(C=O)cc2Cl)CC1,0.5020,3.4970,-8.25,-7.2
ClCc1cn(Cc2nnc(-c3ccc(Cl)cc3)n2Cc2ccc(F)cc2)nc1N1CCOCC1,0.2470,3.6840,-9.7,-9.5
Cl[P@](Cc1ccc(F)cc1)SCCN1C(=O)c2ccccc2C1=O,0.4270,4.1440,-9.05,-9.7
Clc1ccc(CN2CCO[C@@]3(CCc4c(F)cccc4C3)C2)cc1,0.7070,4.3400,-9.55,-9.0
[P@]=C(Br)CCn1ncc(C(F)(F)F)cc1=O,0.7040,4.3200,-8.15,-8.0
[P@]=C(c1cccs1)N1CCOCC1,0.5950,3.9640,-7.75,-5.7
[P@]=C(\NCc1ccccc1)Nc1ccccc1C(=O)[O-],0.6930,3.7240,-8.9,-9.2
[P@]=C([O-])c1ccc2ccccc2c1O,0.6160,3.7290,-8.45,-7.5
[P@]=C(/CCCn1ccccc1=O)c1cc(Cl)ccc1Cl,0.6380,3.7150,-8.7,-8.8
[P@]=C([O-])COC(=O)c1cccc([N+](=O)[O-])c1C(F)(F)F,0.2650,4.1900,-8.45,-7.9
[P@]=C([O-])[C@H]1COCCN1S(=O)(=O)c1ccccc1,0.6320,4.2490,-8.35,-7.3
[P@]=C(S[C@H]1CCCO1)C(=O)N1CCN(c2ccc(Cl)cc2)CC1,0.6610,4.3560,-8.65,-8.3
[P@]=C(Cl)C(F)(F)Oc1cccc(Br)c1,0.6600,4.0480,-8.1,-7.4
[P@]=C([O-])CNS(=O)(=O)c1ccc(Cl)cc1Cl,0.7480,3.9510,-8.25,-7.4
[P@]=C(SCc1cccc(Cl)c1)Nc1cccc(C(N)=O)c1,0.6750,3.5500,-9.1,-9.5
[P@]=C(S)N1CCN(C(=O)c2ccsc2)CC1,0.5560,3.8800,-7.85,-6.7
[P@]=C(SCc1cccnc1)c1ccccc1,0.6560,3.5850,-8.25,-7.9
[P@]=C(\Cc1ccc(Cl)cc1)c1ccc(Cl)cc1[N+](=O)[O-],0.3470,3.5110,-8.55,-9.0
[P@]C1CCN(c2ccccc2-c2nc(-c3ccccc3)cs2)CC1,0.4500,3.6070,-9.3,-10.5
Nc1ccc(C(=O)NCc2ccccc2)c(Cl)c1,0.7340,2.5670,-8.9,-9.0
CC(=O)c1cccc(NC(=O)COc2ccc3ccccc3c2)c1,0.6220,2.6740,-9.45,-11.7
O=S(=O)(Cc1ccc(Cl)cc1)c1ccccc1,0.7540,2.5400,-8.75,-8.7
[P@]=C(Cl)CCC(=O)Nc1nncs1,0.7110,4.2850,-7.85,-7.0
[P@]=C(Cl)COc1ccc(OCc2ccccc2)nc1,0.6590,3.4790,-8.35,-8.6
[P@]=C(Br)/C=C\c1ccccc1Cl,0.5960,3.8970,-7.8,-6.2
[P@]=C([O-])Cn1nccc1-c1nnc(-c2ccco2)o1,0.5610,4.4320,-8.3,-8.3
[P@]=C(\CC1=CCCOC1)c1ccc(F)cc1,0.4750,4.2290,-8.5,-8.5
[P@]=C(\C1CCCCC1)c1ccc(Br)cc1,0.5720,3.5480,-8.4,-8.4
[P@]=C(Cl)CC1CCN(S(=O)(=O)c2c(Cl)cccc2F)CC1,0.6510,3.8470,-8.85,-7.8
[P@]=C(\OCc1ccccc1)NCCc1ccccc1OC(F)F,0.5980,3.4860,-8.6,-9.1
[P@]=C(Br)C1CCCCC1,0.4760,4.1360,-7.35,-5.4
[P@]/C=C1/SC(=S)N1CC(=O)NCc1ccccc1Br,0.5460,4.0180,-8.15,-7.0
[P@]=C(Nc1ccccc1)N(Cc1ccccn1)C1CC1,0.7200,3.5040,-8.35,-8.0
[P@]=C(Cl)c1c([N+](=O)[O-])cccc1O,0.3690,4.0250,-8.0,-6.0
[P@]=C(\CCOc1ccc(Cl)cc1)c1ccccc1,0.6160,3.2250,-8.45,-8.9
[P@]=C(\Cc1cccc(F)c1)Nc1cc([N+](=O)[O-])ccc1Cl,0.3970,3.5600,-8.95,-9.4
[P@]=C(Cl)CSc1ncnc2cccnc12,0.3800,4.1480,-8.05,-6.9
[P@]=C([O-])Cc1cccc(F)c1,0.5100,3.9450,-7.75,-6.4
[P@]/C=C(Cl)Cc1ccccc1,0.5120,3.8460,-7.8,-6.4
[P@]=C(Nc1ccccc1)c1ccc(F)cc1,0.6900,3.1810,-8.45,-8.7
[P@]=C(\CCCc1ccccc1)Nc1cccc(Br)c1,0.5960,3.3380,-8.55,-9.4
[P@]=C([O-])CN(c1ccc(-n3cccn3)cc1)C[C@@H]1CCCO1,0.6620,4.4650,-8.5,-8.4
[P@]=C(Nc1ccccc1)Nc1cc(C(F)(F)F)ccc1C(F)(F)F,0.4340,3.6120,-9.15,-9.9
[P@]=C(\NCc1ccc(OC(F)F)cc1)[C@@H]1SCCS1,0.7060,4.1740,-8.25,-7.7
[P@]=C[C@H]1CCCN1CCc1ccccc1,0.6020,4.0650,-8.05,-7.6
[P@]=C(Cl)c1ncccc1Oc1ccccc1-c1ccncc1,0.5290,3.5720,-8.85,-8.6
[P@]#Cc1ccc(Br)cc1O,0.5590,4.2560,-7.5,-5.7
[NH2+]Cc1ccc(N2CCC(c3nc(N)ncn3)CC2)nn1,0.6540,4.1990,-8.95,-9.1
Cc1cccc2nc(C)c(CCC(=O)N3CCCC[C@@H]3C(=O)Nc3cccc(C#N)c3)nc12,0.5430,3.9350,-10.05,-10.0
[NH2+]=C1/S(=O)(=O)c2ccc(C(=O)c3ccccc3)cc2N1,0.6740,3.8690,-9.35,-9.8
[NH2+][C@@H](c1ccc(F)cc1)c1ccc(Cl)cc1Cl,0.7660,3.9460,-8.85,-8.4
[NH2+]=C1\C[C@H](CCCOc2ccccc2)C(=S)N1c1ccccc1,0.5550,4.1820,-9.1,-9.5
[NH2+]=C1c2ccccc2S(=O)(=O)N1c1ccccc1,0.7060,3.7300,-8.8,-8.8
[NH2+][C@H](CSc1ccncc1)c1ccc(F)c(Cl)c1,0.7760,4.3630,-8.6,-8.1
[NH2+][C@]1(c2cc(Cl)ccc2O)C=C(c2ccccc2)N1c1ccc(Cl)cc1,0.6030,4.2040,-9.6,-6.8
[C@](C)(O)CN(C)C(=O)N[C@@H](C)c1ccc(C(N)=O)cc1,0.6600,3.7720,-8.6,-8.4
[C@]1(C(=O)CNC(=O)/C=C/c2ccc(Cl)cc2F)N[C@@H]1c1ccc(F)cc1F,0.4840,4.2670,-9.5,-10.3
[C@](O)(CNc1nc(C#N)cs1)N1CCOCC1,0.7180,4.1600,-8.15,-7.1
[C@](C#COc1ccc(Br)cc1)c1cccc(F)c1F,0.6540,3.8630,-8.9,-9.5
[C@]1(C#C[NH2+]CCC(=O)NCCOc2ccccc2)CCCCC1(C)C,0.4900,4.3610,-8.7,-9.0
[C@](O)(c1ccc(F)cc1)C1CCC(n2ccccc2=O)CC1,0.8390,3.4980,-9.25,-9.9
[C@](O)(/C=N/O)C1=C(C#N)CN(C(=O)COC(=O)c2ccc3c(c2)OCCO3)S1,0.1440,4.4930,-9.15,-9.2
[C@]1([C@@H](O)c2ccccc2O[C@H](C)c2ccccc2)Cc2ccccc2C1,0.5870,4.2130,-9.9,-10.1
[C@](C#Cc1ccc(-c2cccnc2)cc1)NN[N+](=O)[O-],0.1880,4.1670,-8.8,-9.2
[C@]1(c2ccccc2)NC(=O)N(C[C@@H]2CCCCO2)C1=O,0.7530,4.0300,-8.8,-9.2
[C@](C#CC[C@@H](O)CO)NC(=O)c1ccc(S(=O)(=O)N2CCOCC2)cc1,0.3410,4.3370,-8.8,-9.3
[C@]1(C(=O)OC2CCCC2)CCC[C@H]1CCOc1ccc2ccccc2c1,0.5480,4.0100,-9.6,-10.7
[C@](C#C[C@@H]1NC(=O)NC1=O)c1ccc(OCc2ccccc2Cl)cc1,0.5560,4.4310,-9.35,-10.1
[C@]1(c2ccccc2)NC(=O)N(CC(F)(F)F)C1=O,0.7190,3.7450,-8.95,-8.4
[C@](C#C/N=C/c1cccc(Br)c1)c1cccc(C#N)c1,0.5120,4.2510,-8.75,-9.6
[C@](C#N)([C@@H](Cl)c1ccc2c(c1)CCO2)N1CCCC1,0.6960,4.3010,-8.5,-8.4
[C@](C#N)(CNC(=O)c1ccc(Cl)nc1Cl)c1ccccc1,0.7800,3.5880,-8.85,-9.7
[C@]1(SCC(=O)Nc2ccccc2)[C@H]2CN(C(=O)Cc3ccccc3)CC[C@@H]21,0.7340,4.0010,-9.3,10000000000.0
[C@]Oc1ccc(NC(=O)C(=O)NCc2ccc(F)cc2O)cc1OC,0.6170,3.5620,-9.05,-9.4
[C@](O)(c1ccccc1)[C@@H]1CCCN1C(=O)c1ccncc1Cl,0.8450,3.7960,-8.8,-8.1
[C@]1(CCl)N/C=C\c2cccc(Cl)c21,0.6070,4.2830,-7.95,-7.2
[C@](O)(c1ccc(C(F)(F)F)cc1)C1CCC1,0.7180,3.3100,-8.55,-8.7
[C@]1(NC(=O)Nc2ccccc2F)CCCC1c1ccccc1,0.7630,3.7350,-9.35,-11.0
[C@]Oc1cc(N[C@@H]2c3ccccc3OC2)ccc1OC(C)C,0.8070,4.1490,-8.8,-9.3
[C@](O)(C[NH2+]Cc1ccc(Cl)cc1)c1cnn(C(C)C)c1,0.7570,4.4620,-8.4,-8.9
[C@](O)(c1ccco1)S(=O)(=O)c1cc(Cl)cc2ncnn12,0.6900,4.2110,-8.65,-8.1
[C@]1(c2ccccc2)Oc2c(cccc2C(=O)Nc2cnn(C)c2)c2ccccc21,0.4620,3.5500,-9.95,-10.5
[C@](C#N)(OCc1ccccc1)[C@H]1CCCO1,0.6760,3.9540,-8.15,-7.7
[C@]1(COc2ccccc2)NC(=O)c2ccccc21,0.7910,3.2160,-9.1,-9.5
[C@]([NH3+])c1c[nH]nc1COc1ccc(F)cc1Cl,0.7660,4.3160,-8.65,-8.2
[C@]1(C#N)CCC[C@@H]1Sc1nnc(NC(=O)c2ccco2)s1,0.7700,4.4770,-8.65,-8.3
[C@](C#CCC1(CNC(=O)c2cccc(F)c2F)CC1)N1CCOCC1,0.7320,4.3430,-9.1,-9.5
[C@](O)(c1ccccc1)[C@@H]1CCCC[C@@H]1C(=O)[O-],0.7590,4.4820,-8.6,-8.7
[C@](C#N)(O[C@H](C[NH3+])c1ccccc1Cl)c1ccccc1,0.8190,4.4680,-8.55,-8.1
[C@](Cc1ccc([N+](=O)[O-])c(Cl)c1)C1CCOCC1,0.5210,4.0230,-8.5,-8.6
[C@](C#N)([N-]c1ccccn1)c1cc(Cl)ccc1Cl,0.7280,4.3140,-8.6,-8.2
[C@]1(CNc2ccc([N+](=O)[O-])c(Cl)c2)CCCN(c2ncccn2)C1,0.5600,3.8180,-8.85,-9.1
[C@](O)(c1cccc(O)c1)[C@H]1CCCO1,0.6530,4.0110,-8.25,-7.8
[C@](O)(c1ccc(F)cc1)c1cc2cc(OC(N)=O)oc2cc1[N+](=O)[O-],0.4510,3.8820,-9.3,-9.2
O=C(Nc1ccc(F)cc1F)c1ccccc1,0.7470,2.3720,-9.0,-9.4
[C@](O)(c1ccccc1)[C@@H](C[NH3+])c1cccc(Cl)c1,0.7730,4.1540,-8.7,-8.7
[C@]1(CNc2cccc(C(=O)N3CCCCC3)c2)CCCN1,0.7940,3.4890,-9.05,-9.6
[C@](Cc1cc(F)ccc1F)NC[C@@H](O)c1ccccn1,0.5280,4.3530,-8.85,-8.9
[C@](S)(CC(C)(C)O)C(=O)N1CCCCC1,0.6230,3.8600,-8.05,-6.8
[C@](CO)CNC(=O)Cc1cc(Cl)ccc1[N+](=O)[O-],0.3580,3.7550,-8.25,-7.4
[C@](C#Cc1ccccc1)c1ccc(-c2nnc(-c3ccc(Cl)s3)o2)cc1,0.3380,3.7370,-9.45,-10.8
[C@](C#N)c1ccc(COc2ccc(Br)cc2)cc1,0.7550,3.3060,-8.3,-9.2
[C@](O)(c1ncc(C(C)(C)C)o1)[C@H](C#N)c1ccccc1OC1CCCC1,0.7310,4.4580,-9.05,-8.4
[C@]1(c2ccccc2)[C@@H](Nc2ccncc2Cl)NC1=O,0.7430,4.2770,-8.95,-8.5
[C@](O)(c1ccccc1)c1cn[nH]c1C(=O)Nc1cccnc1,0.5880,3.4480,-9.35,-9.9
[C@]([C@@H](O)c1ccc(O)cc1)N1N=C(c2ccccc2)C(C)(C)C1,0.8120,4.4770,-9.35,-9.8
[C@](O)(c1ccc(Br)cc1)C1(CO)CC1,0.7720,3.6500,-8.2,-7.2
[C@](C#N)(OC[C@H](O)c1ccccc1)[C@@H]1CCCCN1C(=O)c1ccc(F)cc1,0.7290,4.2040,-9.35,-8.8
[C@](O)(c1ccco1)NC(=O)c1ccccc1Cn1ccnn1,0.6450,3.7230,-8.8,-9.1
[C@]1(c2ccccc2)NC(=O)N(CC(=O)[O-])C1=O,0.5670,4.0520,-8.8,-8.0
[C@]Oc1ccccc1N1Cc2ccccc2N[C@H]1c1ccc(F)cc1,0.6400,4.1370,-9.8,-8.0
[C@]1(C(=O)c2cccnc2)CC[C@@H](C)N1Cc1ccccc1,0.7030,3.8720,-8.8,-8.6
[C@](Cl)c1ccc(CNC(=O)CCn2cnc3sncc32)cc1,0.6550,4.0610,-8.65,-9.2
[C@]1(c2ccccc2)NC(=O)N(CC(C)C)[C@@H]1C(=O)Nc1ccccc1Br,0.6750,4.0690,-9.25,-6.5
[C@](c1ccc(Br)cc1)C(=O)Nc1ccc(C(C)C)cc1,0.7690,3.3090,-8.75,-10.0
[C@](C#Cc1ccc(Cl)c(F)c1)NC(=O)c1cc(C#N)cs1,0.5830,4.2620,-8.8,-8.8
[C@]1(CNC(=O)COc2ccc(Cl)cc2)CCC(=O)N1c1ccccc1,0.7630,3.2850,-9.25,-10.4
[C@]Oc1ccccc1OCC(=O)N[C@](C)(C(=O)[O-])c1cccc(C(F)(F)F)c1,0.6750,4.4350,-9.1,-10.9
[C@]1(C2CCN(c3ccc(C)cc3F)CC2)OCCO1,0.7200,3.6250,-8.65,-8.8
[C@]=CCNC(=O)c1ccccc1C(=O)Nc1cn[nH]c1,0.6630,3.7950,-8.8,-8.0
[C@]O[C@@H](c1cn(CC(=O)NN)nc1)c1ccc(C(C)C)cc1,0.3830,4.4180,-8.75,-9.4
[C@]([C@H]1CCCN1C(=O)c1cc(F)ccc1OCC1CC1)C1CC1,0.7010,4.1600,-8.65,-7.9
[C@]1(CCc2ccc(F)cc2)NC(=O)N(CCN2CCOCC2)C1,0.7670,3.6650,-8.6,-8.9
[C@]Oc1ccc(N2C[C@H](NC(=O)CCS(N)(=O)=O)CC2=O)c(OC)c1,0.5690,4.3870,-8.65,-8.4
[C@](O)(c1ccccc1)C1CCN(C(C)(C)C[NH+](C)C)CC1,0.7620,4.4390,-8.5,-8.5
[C@]1(C#N)C(=O)c2cc([N+](=O)[O-])ccc21,0.3890,3.8060,-8.3,-7.3
[C@](C#CNc1ccc(C(=O)[O-])nc1)c1ccccc1,0.5490,4.4190,-8.65,-9.0
[C@]1(c2ccc(Cl)cc2)NC(=O)N(Cc2ccc(Cl)cc2)C1,0.8070,3.3880,-9.05,-8.6
[C@]1(C(=O)NCCCc2ccccc2)[C@H](O)Cc2ccccc21,0.7310,3.7270,-9.3,-10.4
[C@](c1ccccc1)[C@@H]1CCCCN1C(=O)c1ccc(F)cc1,0.7390,3.6870,-9.35,-8.5
[C@](O)(c1cn[nH]c1)C1CCN(C(=O)c2ccco2)CC1,0.7940,3.7320,-8.55,-8.2
[C@](N)c1cccc(OCCCC#N)c1,0.4650,3.6740,-8.0,-7.0
[C@]1(C(=O)[C@@H]2CCCCN2Cc2ccc(Cl)cc2)CCC[C@H]1O,0.8240,4.2840,-9.15,-9.2
[C@](C#Cc1cccc(F)c1)NC(=O)Cn1cncn1,0.5470,4.0800,-8.65,-8.6
[C@](O)(c1ccccc1)C1CCN(C(=O)C2CC2)CC1,0.8050,3.1640,-8.9,-9.1
[C@]1(C)[C@@H](CCC(=O)Nc2ccc(Br)cc2)c2ccccc21,0.7400,3.6390,-9.05,-10.2
CCC[C@@H]1C[C@@H]1NC(=O)c1ccc(Cl)cc1,0.7560,3.6480,-8.25,-7.8
[NH3+][C@@H](c1ccc(F)cc1)c1ncccn1,0.6910,4.2330,-8.4,-7.8
[C@]Oc1ccc(O/N=C(/NC(=S)NN)c2cnccc2)cc1,0.1560,4.3540,-8.8,-8.0
[C@]1(C(=O)/C=C\c2cccc(Br)c2)NC1=O,0.5680,3.5820,-8.6,-7.8
[C@]Oc1ccccc1C[S@@](=O)Cc1ccccc1Br,0.7300,4.3120,-8.55,-8.5
[C@](C#N)(CO)NC(=O)Cc1ccc(Cl)cc1Cl,0.7760,3.7690,-8.25,-7.8
[C@]1(C(N)=O)CCCN(C(=O)c2ccnc(OC3CC3)c2)C1,0.7920,3.8260,-8.65,-8.7
[C@](C#N)([NH2+]CCn1cnc2ccc(F)cc21)NC(=O)c1cccs1,0.6060,4.3770,-8.85,-9.1
[C@]1(C#N)CCC[C@@H]1Cc1ccccc1,0.5920,4.0120,-8.25,-7.7
[C@]1(CC(=O)N2CCCC2)CCC(C)(C)C(=O)O1,0.5900,3.9750,-8.55,-8.3
[C@]1(NC(=O)c2ccc(NC(=O)c3c(F)cccc3Cl)cc2)CCCC1,0.7400,3.3210,-9.15,-10.7
[C@](O)(c1ccc(F)cc1)C1CCN(C(=O)[C@H]2CCCN2S(=O)(=O)c2ccccc2)CC1,0.6670,3.8340,-9.5,-9.7
[C@]1(c2cccc(Cl)c2)NC(=O)N1Nc1ccccc1,0.8010,3.4880,-8.9,-9.0
[C@](CN1CCO[C@@H](c2ccc(C(N)=O)c(Br)c2)C1)c1cccc(C(F)(F)F)c1,0.6400,4.3460,-9.3,-11.8
[C@](C#Cc1ccc(Cl)cc1)Nc1nc2c(cc1C#N)CCN(C(C)C)C2,0.5650,4.1890,-9.4,-9.4
[C@]1(CNc2ccccc2I)CCCO1,0.7670,3.8510,-8.2,-7.3
[C@](C#N)(Oc1ccc(/N=N/N=C/c2ccccc2)o1)c1ccc([N+](=O)[O-])cc1,0.1540,4.3790,-9.2,-9.7
[C@]1(c2ccccc2)O[C@H](CSc2ccccn2)C1,0.6810,3.9360,-8.6,-9.2
[C@]Oc1cc(C(=O)N2CCN(Cc3ccc(F)cc3)CC2)cc([N+](=O)[O-])c1OCc1ccccc1,0.2580,3.5550,-9.5,-9.7
[C@](O)(c1ccc(F)cc1)c1ccccc1,0.6910,2.7500,-8.6,-8.2
[C@]1(CC(C)C)CN([C@@H]2CCC[C@@H](C(=O)Nc3ccccc3)C2)C1,0.7870,4.1490,-8.95,-9.9
[C@](O)(c1ccccc1)c1ccccc1OOc1ccc(C#N)cc1,0.4650,3.4130,-9.45,-10.3
[C@]1(CNc2ccccc2F)NC(=O)N(C[C@@H]2CCC(=O)N2)C1=O,0.5930,4.4110,-9.15,-9.4
[C@](O)(C(=O)Cn1cc([N+](=O)[O-])ccc1=O)c1ccc(Cl)cc1,0.5690,3.5720,-9.2,-10.0
[C@](O)(c1ccc(Cl)cc1)C(=O)NCC(=O)Nc1ccc([N+](=O)[O-])cc1Br,0.3700,3.4020,-9.1,-9.7
[C@](O)(c1cccnc1)N1CCN(C(=O)CCn2cc(C(F)(F)F)[nH]c3ccccc32)CC1,0.6350,4.1250,-9.45,-11.5
[C@]1(C)C[C@H]1C(=O)Nc1c[nH]nc1-c1cccc(Cl)c1,0.8020,4.3040,-8.9,-8.5
[C@]1(c2ccccc2)NC(=O)NC(=S)N1c1cccc(C(F)(F)F)c1,0.7130,3.6500,-9.75,-7.8
[C@]1(C[NH3+])CCCC[C@H]1OCc1ccc(F)cc1,0.7550,4.4800,-8.65,-8.2
[C@]1(CO)CCC[C@@H]1Cc1ccc(OCc2ccccc2)nc1,0.7860,4.0090,-9.3,-9.7
[C@](O)(C[NH2+][C@@H](c1ccc(F)cc1)c1c[nH]c2ccccc12)c1ccc(F)cc1,0.3660,4.4130,-9.9,-10.1
[C@](Cc1ccc(Cl)cc1)[C@@H]1CCCN(C(=O)c2ccc(F)cc2)C1,0.6910,3.7790,-9.25,-11.2
[C@]1(CNc2ccc(F)cc2-n2ccnc2)CC(=O)N(C)C1,0.8340,4.0540,-8.65,-8.5
[C@](C[NH3+])COc1ccccc1,0.5190,4.1020,-7.65,-5.9
[C@]1(NC2CC2)Nc2ccccc21,0.5860,3.6540,-8.15,-7.5
[C@](O)(c1cc(Cl)c[nH]1)c1ccccc1OC(F)Cl,0.7400,4.4810,-8.65,-8.0
[C@]1(c2ccccc2)c2cc(Br)ccc2O1,0.6580,3.3650,-8.65,-8.7
[C@](C#N)(/N=C/C(=O)/N=N/c1cc(F)ccc1Br)C1CCN(C(=O)c2ccc(Cl)cc2)CC1,0.2850,4.2350,-9.6,-9.2
[C@](CNc1nc2ccccc2cc1C(N)=O)c1ccccc1,0.6590,3.4640,-9.3,-10.4
[C@]1(C(=O)OCC(=O)N(C(C)C)Cc2ccc(F)cc2)C[C@@H]1N1c2ccccc2C1(C)C,0.5260,4.3310,-8.8,-9.7
[C@]1(c2nnc(-c3ccc(I)cc3)s2)[C@H](CN(C)Cc2cccnc2)C1=O,0.4120,4.3420,-9.25,-8.3
[C@]1(CCCNC(=O)c2ccncc2)C2(CCCC2)OC1(C)C,0.7490,4.3050,-8.85,-8.5
[C@]Oc1cc(NCc2ncn(-c3ccccc3)c2[N+](=O)[O-])c(Cl)cc1Cl,0.3910,4.0830,-9.0,-9.0
[C@](C#N)(Oc1ncc(-c2ccc(Cl)cc2)o1)c1ccccc1,0.6130,3.6940,-8.9,-10.0
[C@]1(C#N)CCN(c2ncnc(NNC(=O)c3ccccc3)c2N)C1,0.6210,3.8110,-8.85,-9.3
[C@]1(C)CN(c2ncnc3nc4ccccc4nc23)C1,0.5180,3.6320,-8.9,-8.8
[C@](CNC(=O)/C=C/N1CCN(c2ccccc2)CC1)N1CCOCC1,0.6760,4.0500,-8.65,-8.7
[C@](O)(c1ccc(F)cc1)N(C(=O)c1[nH]cc(C2CC2)n1)c1ccccc1F,0.6120,4.0330,-9.6,-8.5
[C@]1(c2ccncc2)N[C@H](c2cccc(F)c2)c2ccccc21,0.6750,3.9460,-9.65,-8.8
[C@]=C(Nc1cccc(F)c1)Nc1cc(S(N)(=O)=O)ccc1OC,0.6520,3.5120,-8.9,-9.1
[C@](C#N)([C@](C)CNS(C)(=O)=O)c1ccco1,0.7270,4.2980,-8.15,-7.2
[C@]1(NC(=O)N[C@H](CO)Cc2ccccc2)CCCS1,0.6710,4.1260,-8.45,-8.8
[C@](O)(CCC(=O)N1CCN(CCO)CC1)c1ccccc1,0.7160,3.2530,-8.65,-8.6
[C@]Oc1nc2nc(C)nn2c(/C=C/C(=O)Nc2ccc(F)c(Cl)c2)c1[N+](=O)[O-],0.2940,4.3080,-9.15,-9.9
[C@](O)(c1ccc(Cl)cc1)[C@H]1CCCN1c1cn[nH]n1,0.8040,4.3200,-9.1,-8.5
[C@]1(C#N)CCC[C@H](Oc2cccc(Cl)c2C)C1,0.6910,4.3070,-8.35,-8.7
[C@](O)(c1ccc(F)cc1)c1nnc(-c2cccnc2)n1C[C@@H]1CCCO1,0.6630,4.0510,-9.1,-9.3
[C@]1(C(=O)N[C@H]2CCC[C@H](C(F)(F)F)C2)Oc2ccccc21,0.8100,4.4460,-9.1,-11.3
[C@](C#C[C@H](O)COc1ccccc1)Cn1cccn1,0.7210,4.4200,-8.3,-8.2
[C@](O)(c1nccn1Cc1ccc([N+](=O)[O-])cc1)C(F)(F)F,0.5950,3.6620,-8.55,-8.0
[C@](C#N)(CNC(=O)Cc1ccc(Br)cc1)C1CC1,0.8090,3.5450,-8.2,-9.1
[C@](O)(c1ccccc1)c1nonc1C,0.6800,3.4850,-8.45,-8.4
[P@]c1cc(Cl)ccc1OCCc1ncc[nH]1,0.7500,4.0630,-8.2,-7.5
[C@](CNC(=O)c1ccccc1)Nc1nc(-c2ccc(Cl)cc2)no1,0.4310,3.5290,-9.3,-9.2
[C@](C(=O)OCc1cccc(Cl)c1)c1ccc(F)cc1,0.6970,3.3190,-8.65,-9.3
[C@](CO)(C(=O)c1cccnc1)NCc1nc(-c2ccccc2)no1,0.5370,3.6150,-9.1,-9.8
[C@](O)(C[NH+]1CCN(C(=O)CCc2ccc(F)cc2F)CC1)c1ccc2c(c1)OCCO2,0.6240,4.4370,-9.55,-10.5
[C@]1(C#N)c2ccc(OCc3nnc(-c4ccc(Cl)cc4)o3)cc2O1,0.6200,3.6440,-9.0,-10.8
[P@]=C(\CCc1ccccc1)N1CC[C@H](COc2ccccc2)C1,0.5920,3.7790,-8.95,-9.8
[C@](O)CCCCNC(=O)/C=C/c1ccc(Cl)cc1,0.4880,3.4690,-8.55,-8.1
[C@](O)(CCC(=O)Nc1cccnc1)c1nccs1,0.7660,3.6110,-8.25,-7.7
[C@](O)(c1cccs1)NC(=O)Nc1ccccc1Oc1cccc([N+](=O)[O-])c1,0.3280,3.4400,-9.45,-10.5
[C@](O)(c1ccccc1F)C1CCOCC1,0.7110,3.4080,-8.35,-7.6
[C@](O)(c1cc(Br)cc2[nH]cnc12)N1CCN(C(=O)Cn2cccn2)CC1,0.5720,3.9230,-8.75,-8.6
[C@]1(Cc2ccc(Cl)cc2)NC(=O)N(Cc2csc(Cc3ccccc3)n2)C1,0.5570,3.6590,-9.25,-10.6
[C@]1(CC(=O)N2CCCC2)CCCN1C(=O)c1c[nH]c2ccccc12,0.8440,3.5920,-9.3,-10.3
[P@][C@]1(C(=O)Nc2ccc(F)cc2F)C[C@H]1c1ccccc1,0.7440,4.3160,-9.05,-7.8
[C@H](Cc1ccc(Cl)cc1)NC(=O)CSc1ccccc1F,0.7120,3.4350,-8.8,-9.2
[C@H]1CCc2ccc(F)c(C(=O)NCCc3ccc(C#N)cc3)c21,0.8430,3.5890,-9.35,-10.1
[C@](C#N)(Oc1nc2cc(F)ccc2s1)C(=O)NCc1ccc(F)cc1,0.6590,3.7150,-9.05,-10.1
[C@]1(C)CCO[C@H]1c1ccc(F)c(Cl)c1,0.5940,4.2250,-8.45,-8.0
[C@]S(=O)(=O)Nc1ccc(F)c([N+](=O)[O-])c1,0.5210,3.7990,-8.15,-7.3
[C@]12C[C@H]1c1ccc(Cl)cc1CN2C(=O)Nc1cccc([N+](=O)[O-])c1,0.5520,4.1380,-9.6,-9.7
[C@](O)(C[C@@H](Nc1ccc(F)cc1)c1cccc(F)c1)C1CCCC1,0.6220,3.7940,-9.35,-9.0
[C@](C#Cc1ccc(C(F)(F)F)cc1)N1CCN(c2ncccn2)CC1,0.6840,3.9070,-9.0,-9.9
[C@]1(C#N)CC[C@@H](NS(=O)(=O)c2ccc(F)cc2)C1,0.8070,4.1060,-8.5,-8.7
[P@][C@H][C@](O)(c1ccccc1)c1ccccc1,0.6960,3.5150,-8.4,-6.8
[C@](C#Cc1nnc(N2CCN(c3ccccc3F)CC2)o1)c1ccccc1,0.5720,3.9920,-9.55,-10.6
[C@H]#C[C@H](C)C(=O)Nc1ccc(F)cc1Br,0.7220,3.9190,-8.3,-7.2
[C@H]Oc1ccc2ncc(C(=O)N(C)c3ccc(F)cc3)n2c1,0.6470,3.8540,-8.85,-8.9
[C@H](C)C(=O)Nc1ccc(OCC(=O)NCc2ccco2)c(Cl)c1,0.7150,3.2790,-8.65,-9.0
[C@H]1CCC[C@]1(O)Cc1cccc(O[C@@H](C)C(=O)NC2CCCCC2)c1,0.7290,4.4200,-9.25,-9.8
[C@H](C#N)Sc1nc2ncc(Cl)cc2cc1[N+](=O)[O-],0.3870,4.4400,-8.75,-7.3
[C@H]Oc1cccc(CC(=O)Nc2cncc(-c3ccccc3Cl)n2)c1,0.6540,3.5330,-9.55,-11.2
[C@H](C#N)NNC(=O)CN1CCOc2ccc(Cl)cc21,0.5310,3.8820,-8.4,-7.7
[C@H](C)c1ccccc1NC(=O)CCc1n[nH]c2ccc(F)cc12,0.6520,3.6020,-9.3,-10.5
[C@H]O[C@@H](CO)CC1CCN(C(=O)NCc2ccc(O)cc2)CC1,0.6460,4.0910,-8.85,-8.7
[C@H](C(=O)NC1CCN(c2nc3ccc(F)cc3s2)CC1)c1ccc(Cl)c(Cl)c1,0.5190,3.6090,-9.35,-10.2
[C@H]1C(=O)C(SCC(=O)OCc2cccc(Cl)c2)C(=O)N(c2ccncc2)C1=O,0.3040,4.3790,-9.3,-9.4
[C@H](C#N)NCc1cc(F)ccc1F,0.6210,3.9040,-7.95,-6.6
[C@H]1CCCC[C@@H]1CNC(=O)C(=O)Nc1cnn(C)c1C,0.7140,4.3060,-8.55,-8.7
[C@H]#CC1(CNC(=O)NC2CCN(c3ccccc3F)CC2)CC1,0.7390,3.5990,-8.75,-10.0
[C@H](c1ccccc1Br)Cc1noc(-c2cncc3ccccc23)n1,0.4090,3.7590,-9.6,-11.2
[C@H]Oc1cccc(C(=O)O[C@@H](C)C(=O)Nc2nc(-c3ccccc3)cs2)c1,0.5530,3.7860,-9.65,-10.7
[C@H][C@]1(c2ccccc2)NC(=O)N(CC(=O)N2CCOC(C)(C)C2)C1=O,0.7230,4.4070,-9.2,-9.6
[C@]1(C(=O)Nc2ccc(F)cc2)NC(=S)N[C@@H]1c1ccco1,0.6580,4.1180,-8.75,-7.6
[P@]=C(/Cc1cccc(F)c1)C1CC1,0.5450,3.7300,-8.0,-7.1
[C@H](C#Cc1ccc(Cl)cc1)c1nnc(S(=O)(=O)c2c(F)cccc2Cl)n1N,0.4160,4.2500,-9.4,-8.3
[C@H]Oc1ccc(C(=O)N2CCC[C@@H](c3nc4ccccc4[nH]3)C2)cc1,0.6960,3.8810,-9.55,-11.3
[C@H]C1=N[C@@H](c2ccc(O)cc2)NC(=S)N1c1ccc(OC(C)C)cc1,0.7210,4.3760,-9.0,-6.6
[C@H]Oc1cccc(-c2nc(CNCc3ccccc3)no2)c1,0.6570,3.4620,-8.95,-9.9
[C@H](C)c1nsnc1COC(=O)c1cccnc1,0.6730,4.0160,-8.3,-7.9
[C@](O)(c1cnn(C)c1)c1nnc(-c2ccc(Cl)cc2)o1,0.7010,3.6290,-8.85,-9.6
[C@]1(C(=O)NCCC(=O)N[C@H](c2ccccc2)c2ccccc2)C2(CCC2)C1(C)C,0.6460,3.9460,-9.4,-10.7
[P@]=C(\NCc1ccccc1)N1CCC(OC(F)(F)F)CC1,0.7440,3.8060,-8.7,-9.0
[P@]=C([O-])c1cccc(OCc2cccc(OCC(F)F)n2)c1,0.6350,3.9730,-8.7,-9.6
[C@H]([NH3+])c1c[nH]nc1-c1ccc(F)cc1F,0.6640,4.4370,-8.65,-8.1
[C@H]1CCC[C@]1(O)Cc1noc(Cc2ccccc2)n1,0.8130,4.4230,-8.75,-9.6
[C@]1(C(=O)Nc2nc(CCCCc3ccccc3)[nH]c2C(N)=O)CC[C@@H]1C,0.5360,4.2710,-9.2,-10.5
[P@]=C(N/N=C/c1ccccc1OCC1CC1)CN1C(=O)C[C@H]1c1ccccc1F,0.1940,4.3770,-8.75,-10.1
[C@H]Oc1cc(OC)c(C(=O)N2CCC(c3cccnc3)CC2)cc1Cl,0.7340,3.5950,-9.05,-8.4
[C@H](C(=O)Nc1cccnc1C(=O)NC1CC1)c1cccc(F)c1,0.7900,3.4800,-9.0,-9.6
[P@]=C([O-])c1cc(NCn2c(=O)oc3ccccc3c2=O)cs1,0.6290,4.3240,-8.9,-9.4
[C@]1(C(=O)Nc2ccccc2Cc2ccc([N+](=O)[O-])cc2)[C@@H](C)OC1(C)C,0.5530,4.0190,-9.2,-9.6
[P@]=C([O-])c1ccc(Br)cc1OC[C@@H]1CCCO1,0.7000,4.4030,-8.3,-7.9
[C@](O)(c1ccccc1)[C@H](NCc1nccs1)N1CCOCC1,0.7510,4.2290,-8.65,-6.8
[C@](CCC(=O)Nc1ccc(C#N)c(F)c1)c1ccco1,0.8070,3.8440,-8.3,-9.2
[C@]1(C(=O)NC2CCCCC2)CC(=O)N(c2ccccc2)[C@@H]1c1cc(F)ccc1F,0.7280,4.0160,-9.45,-10.6
[C@H](C(=O)N1CCOCC1)c1cc(C(C)C)nc2ccccc12,0.7750,3.6080,-9.25,-9.8
[P@]=C/C=C/C=C/C(=O)Nc1cccc(C(F)(F)F)c1,0.4060,3.9050,-8.5,-9.1
[P@]=C(O)c1cccc(-c2ccccc2)n1,0.6790,3.3520,-8.65,-8.5
[P@]=C(/CCc1ccc(F)cc1)c1ccccc1,0.5980,3.2180,-8.6,-8.7
[P@]/C=C(/CCc1ccccc1)c1ccccc1,0.5520,3.2490,-8.6,-8.7
n1ccnn1CN1CCN(c2cc(F)cc3c2oc2ccccc32)CC1,0.4680,3.6770,-9.4,-10.7
[C@H]OC(=O)C(=O)NC(=O)/C=C/c1cccc(Br)c1,0.4080,3.8710,-8.6,-8.9
[C@H](C)c1cc(F)c2[nH]cnc2c1,0.5860,4.3120,-8.1,-7.7
[C@]Oc1cccc(C(=O)N2CCC(O)CC2)c1OC(F)F,0.8210,3.8140,-8.45,-7.9
[C@]Oc1ccc(CNC(=O)C2(O)CC2)cc1Cl,0.7520,3.9000,-8.3,-7.9
[C@](O)(c1ccc(Cl)cc1)c1c[nH]c2ccc(O)c(O)c12,0.4450,3.5720,-9.35,-9.4
[P@]=C(\NCCCS(=O)(=O)c1ccc(C(F)(F)F)cc1)C1CC1,0.5060,3.7710,-8.4,-8.8
[C@]#[P@]C(C)COc1ccccc1C(=O)NCc1ccccc1OCc1ccc(F)cc1,0.3460,3.9650,-9.3,-9.7
